Start date,End date,Business ID,Business name,Merchant supplied store ID,Currency,Total orders/deliveries (including cancelled),Total cancelled orders/deliveries,Gross sales,AOV
2026-09-27,2026-09-27,473492,IT Italian Trattoria,26142772,USD,1,0,39.90,39.90
2026-09-26,2026-09-26,473492,IT Italian Trattoria,26142772,USD,1,0,41.90,41.90
2026-09-24,2026-09-24,473492,IT Italian Trattoria,26142772,USD,1,0,17.95,17.95
2026-09-23,2026-09-23,473492,IT Italian Trattoria,26142772,USD,1,0,49.90,49.90
2026-09-21,2026-09-21,473492,IT Italian Trattoria,26142772,USD,1,0,241.65,241.65
2026-09-19,2026-09-19,473492,IT Italian Trattoria,26142772,USD,1,1,74.70,74.70
2026-09-18,2026-09-18,473492,IT Italian Trattoria,26142772,USD,1,0,24.95,24.95
2026-09-17,2026-09-17,473492,IT Italian Trattoria,26142772,USD,1,0,20.95,20.95
2026-09-16,2026-09-16,473492,IT Italian Trattoria,26142772,USD,1,0,33.90,33.90
2026-09-13,2026-09-13,473492,IT Italian Trattoria,26142772,USD,1,0,30.90,30.90
2026-09-08,2026-09-08,473492,IT Italian Trattoria,26142772,USD,1,0,57.50,57.50
2026-09-08,2026-09-08,473492,IT Italian Trattoria,26142772,USD,1,0,15.95,15.95
2026-09-07,2026-09-07,473492,IT Italian Trattoria,26142772,USD,1,0,21.95,21.95
2026-09-04,2026-09-04,473492,IT Italian Trattoria,26142772,USD,1,0,20.95,20.95
2026-09-04,2026-09-04,473492,IT Italian Trattoria,26142772,USD,2,0,35.90,17.95
