"order_channel","order_number","order_date","order_time_local","order_day_of_week","order_hour_of_day","order_time_zone","transaction_date","transaction_time_local","grubhub_store_id","store_number","store_name","street_address","city","state","postal_code","transaction_type","fulfillment_type","gh_plus_customer","subtotal","subtotal_sales_tax","subtotal_sales_tax_exemption","self_delivery_charge","self_delivery_charge_tax","self_delivery_charge_tax_exemption","merchant_service_fee","merchant_service_fee_tax","merchant_service_fee_tax_exemption","merchant_flexible_fee_bag_fee","merchant_flexible_fee_bag_fee_tax","merchant_flexible_fee_bag_fee_tax_exemption","merchant_flexible_fee_pif_fee","merchant_flexible_fee_pif_fee_tax","merchant_flexible_fee_pif_fee_tax_exemption","tip","merchant_total","commission","delivery_commission","gh_plus_commission","processing_fee","withheld_tax","withheld_tax_exemption","merchant_funded_promotion","merchant_funded_loyalty","merchant_net_total","transaction_note","transaction_id"
"Marketplace","621934605804325","2026-09-04","07:32:27 PM","Friday","7 PM","America/New_York","2026-09-04","07:47:23 PM","15027456",,"IT Italian Trattoria 5TH AVE","390 5th Avenue  ","New York","NY","10018","Prepaid Order","Pick-Up","GH+","19.90","1.77","0.00","0.00","0.00","0.00","0.00","0.00","0.00","0E0","0E0","0E0","0E0","0E0","0E0","0.00","21.67","0.00","0.00","0.00","-0.96","0.00","0.00","0.00","0.00","20.71",,"BwEAAAAAAOVNAHoKS-CouBHxi-Eds05QUS0"
"Marketplace","631934825166822","2026-09-26","10:55:44 AM","Saturday","10 AM","America/New_York","2026-09-26","11:10:41 AM","15027456",,"IT Italian Trattoria 5TH AVE","390 5th Avenue  ","New York","NY","10018","Prepaid Order","Pick-Up","GH+","29.95","2.04","0.00","0.00","0.00","0.00","0.00","0.00","0.00","0E0","0E0","0E0","0E0","0E0","0E0","0.00","31.99","-5.99","0.00","0.00","-1.06","0.00","0.00","-7.00","0.00","17.94",,"BwEAAAAAAOVNAD2qabC5uhHxqbEVFLFllRI"
"Marketplace","930834722584110","2026-09-15","08:58:57 PM","Tuesday","8 PM","America/New_York","2026-09-15","09:13:55 PM","15027456",,"IT Italian Trattoria 5TH AVE","390 5th Avenue  ","New York","NY","10018","Prepaid Order","Pick-Up","GH+","45.50","4.04","0.00","0.00","0.00","0.00","0.00","0.00","0.00","0E0","0E0","0E0","0E0","0E0","0E0","0.00","49.54","-9.10","0.00","0.00","-1.81","0.00","0.00","0.00","0.00","38.63",,"BwEAAAAAAOVNAJYWuPCxaRHxuPFnnGgGZ2E"
"Marketplace",,,,,,"America/New_York","2026-09-24","08:04:35 AM","15027456",,"IT Italian Trattoria 5TH AVE","390 5th Avenue  ","New York","NY","10018","GH Credit",,"non GH+","0.00","0.00","0.00","0.00","0.00","0.00","0.00","0.00","0.00","0E0","0E0","0E0","0E0","0E0","0E0","0.00","7.00","0.00","0.00","0.00","0.00","0.00","0.00","0.00","0.00","7.00","GH Credit for Smart Promotions Order O-230234793969472","AwIAAAAAAOVNAAAAADFkYTYxOGU4Mi1iNzk2LTExZjEtOGU4My1mZDc3NTk0Y2JlOGNfQ1NfQ1JFRElUXzI0"
"Marketplace",,,,,,"America/New_York","2026-09-24","08:04:35 AM","15027456",,"IT Italian Trattoria 5TH AVE","390 5th Avenue  ","New York","NY","10018","GH Credit",,"non GH+","0.00","0.00","0.00","0.00","0.00","0.00","0.00","0.00","0.00","0E0","0E0","0E0","0E0","0E0","0E0","0.00","7.00","0.00","0.00","0.00","0.00","0.00","0.00","0.00","0.00","7.00","GH Credit for Smart Promotions Order O-303334791934559","AwIAAAAAAOVNAAAAADE1NjcxZmE5Mi1iNzZiLTExZjEtYmE5My1lOTk1NDZkZGEyN2JfQ1NfQ1JFRElUXzI0"
"Marketplace","802234609639128","2026-09-04","07:30:10 PM","Friday","7 PM","America/New_York","2026-09-04","07:45:05 PM","15027456",,"IT Italian Trattoria 5TH AVE","390 5th Avenue  ","New York","NY","10018","Prepaid Order","Pick-Up","GH+","8.95","0.79","0.00","0.00","0.00","0.00","0.00","0.00","0.00","0E0","0E0","0E0","0E0","0E0","0E0","0.78","10.52","0.00","0.00","0.00","-0.62","0.00","0.00","0.00","0.00","9.90",,"BwEAAAAAAOVNAHjQunCouBHxunHVSHHkXWw"
"Marketplace",,,,,,"America/New_York","2026-09-13","08:06:18 AM","15027456",,"IT Italian Trattoria 5TH AVE","390 5th Avenue  ","New York","NY","10018","GH Credit",,"non GH+","0.00","0.00","0.00","0.00","0.00","0.00","0.00","0.00","0.00","0E0","0E0","0E0","0E0","0E0","0E0","0.00","7.00","0.00","0.00","0.00","0.00","0.00","0.00","0.00","0.00","7.00","GH Credit for Smart Promotions Order O-784334680668496","AwIAAAAAAOVNAAAAADFhMGE4MGE2Mi1hZTUwLTExZjEtOGE2My05OWY0MmM1M2MwN2ZfQ1NfQ1JFRElUXzEz"
"Marketplace","094834812168279","2026-09-24","09:00:55 PM","Thursday","9 PM","America/New_York","2026-09-24","09:15:53 PM","15027456",,"IT Italian Trattoria 5TH AVE","390 5th Avenue  ","New York","NY","10018","Prepaid Order","Pick-Up","GH+","54.85","3.98","0.00","0.00","0.00","0.00","0.00","0.00","0.00","0E0","0E0","0E0","0E0","0E0","0E0","0.00","58.83","-10.97","0.00","0.00","-1.79","0.00","0.00","-10.00","0.00","36.07",,"BwEAAAAAAOVNAFqtyHC4fBHxiHFljLrm47o"
"Marketplace","253734586151758","2026-09-02","11:36:20 AM","Wednesday","11 AM","America/New_York","2026-09-02","11:51:17 AM","15027456",,"IT Italian Trattoria 5TH AVE","390 5th Avenue  ","New York","NY","10018","Prepaid Order","Pick-Up","GH+","21.95","1.95","0.00","0.00","0.00","0.00","0.00","0.00","0.00","0E0","0E0","0E0","0E0","0E0","0E0","0.00","23.90","0.00","0.00","0.00","-1.03","0.00","0.00","0.00","0.00","22.87",,"BwEAAAAAAOVNAOpn42Cm4xHxo2EbBBx84q8"
"Marketplace","670434696108693","2026-09-13","12:45:35 PM","Sunday","12 PM","America/New_York","2026-09-13","01:00:31 PM","15027456",,"IT Italian Trattoria 5TH AVE","390 5th Avenue  ","New York","NY","10018","Prepaid Order","Pick-Up","GH+","36.90","2.66","0.00","0.00","0.00","0.00","0.00","0.00","0.00","0E0","0E0","0E0","0E0","0E0","0E0","0.00","39.56","-7.38","0.00","0.00","-1.29","0.00","0.00","-7.00","0.00","23.89",,"BwEAAAAAAOVNAFYvHBCvkhHxnBGPBTUQ_gM"
"Marketplace","853634603011167","2026-09-04","06:30:00 PM","Friday","6 PM","America/New_York","2026-09-04","06:30:00 PM","15027456",,"IT Italian Trattoria 5TH AVE","390 5th Avenue  ","New York","NY","10018","Prepaid Order","Grubhub Delivery","GH+","36.30","2.60","0.00","0.00","0.00","0.00","0.00","0.00","0.00","0E0","0E0","0E0","0E0","0E0","0E0","0.00","38.90","0.00","0.00","0.00","-1.27","0.00","0.00","-7.00","0.00","30.63",,"BwEAAAAAAOVNADZ6wXCoqRHxgXGjdBTpCwE"
"Marketplace","984534736342433","2026-09-17","06:50:47 PM","Thursday","6 PM","America/New_York","2026-09-17","07:46:00 PM","15027456",,"IT Italian Trattoria 5TH AVE","390 5th Avenue  ","New York","NY","10018","Prepaid Order","Grubhub Delivery","GH+","33.85","2.38","0.00","0.00","0.00","0.00","0.00","0.00","0.00","0E0","0E0","0E0","0E0","0E0","0E0","0.00","36.23","-6.77","-3.39","0.00","-1.19","0.00","0.00","-7.00","0.00","17.88",,"BwEAAAAAAOVNAERxqmCy6RHxqmFrBFrZv1I"
"Marketplace",,,,,,"America/New_York","2026-09-28","08:06:17 AM","15027456",,"IT Italian Trattoria 5TH AVE","390 5th Avenue  ","New York","NY","10018","GH Credit",,"non GH+","0.00","0.00","0.00","0.00","0.00","0.00","0.00","0.00","0.00","0E0","0E0","0E0","0E0","0E0","0E0","0.00","7.00","0.00","0.00","0.00","0.00","0.00","0.00","0.00","0.00","7.00","GH Credit for Smart Promotions Order O-575134830838098","AwIAAAAAAOVNAAAAADFhYmZkZmQ2Mi1iYTc3LTExZjEtYmQ2My02YjBiNmQ4MTdlNDdfQ1NfQ1JFRElUXzI4"
"Marketplace","784334680668496","2026-09-11","10:26:08 PM","Friday","10 PM","America/New_York","2026-09-11","10:52:00 PM","15027456",,"IT Italian Trattoria 5TH AVE","390 5th Avenue  ","New York","NY","10018","Prepaid Order","Grubhub Delivery","GH+","25.85","1.67","0.00","0.00","0.00","0.00","0.00","0.00","0.00","0E0","0E0","0E0","0E0","0E0","0E0","0.00","27.52","0.00","0.00","0.00","-0.93","0.00","0.00","-7.00","0.00","19.59",,"BwEAAAAAAOVNAKCoCmCuUBHximGZ9CxTwH8"
"Marketplace","228734867097241","2026-09-30","06:28:15 PM","Wednesday","6 PM","America/New_York","2026-09-30","07:03:00 PM","15027456",,"IT Italian Trattoria 5TH AVE","390 5th Avenue  ","New York","NY","10018","Prepaid Order","Grubhub Delivery","non GH+","26.90","1.77","0.00","0.00","0.00","0.00","0.00","0.00","0.00","0E0","0E0","0E0","0E0","0E0","0E0","0.00","28.67","-5.38","-2.69","0.00","-0.96","0.00","0.00","-7.00","0.00","12.64",,"BwEAAAAAAOVNAC8oYQC9HhHxoQETCmxoI7Y"
"Marketplace","980934657519536","2026-09-09","07:30:00 PM","Wednesday","7 PM","America/New_York","2026-09-09","07:30:00 PM","15027456",,"IT Italian Trattoria 5TH AVE","390 5th Avenue  ","New York","NY","10018","Prepaid Order","Grubhub Delivery","GH+","38.55","2.80","0.00","0.00","0.00","0.00","0.00","0.00","0.00","0E0","0E0","0E0","0E0","0E0","0E0","0.00","41.35","0.00","0.00","0.00","-1.35","0.00","0.00","-7.00","0.00","33.00",,"BwEAAAAAAOVNAL75LwCshxHxrwHTu7FiPO8"
"Marketplace",,,,,,"America/New_York","2026-09-21","08:07:11 AM","15027456",,"IT Italian Trattoria 5TH AVE","390 5th Avenue  ","New York","NY","10018","GH Credit",,"non GH+","0.00","0.00","0.00","0.00","0.00","0.00","0.00","0.00","0.00","0E0","0E0","0E0","0E0","0E0","0E0","0.00","7.00","0.00","0.00","0.00","0.00","0.00","0.00","0.00","0.00","7.00","GH Credit for Smart Promotions Order O-608934766887277","AwIAAAAAAOVNAAAAADEzMDY1Zjk0Mi1iNTRiLTExZjEtYjk0My0xM2Y2NGVjYzQ4YjRfQ1NfQ1JFRElUXzIx"
"Marketplace",,,,,,"America/New_York","2026-09-14","08:05:49 AM","15027456",,"IT Italian Trattoria 5TH AVE","390 5th Avenue  ","New York","NY","10018","GH Credit",,"non GH+","0.00","0.00","0.00","0.00","0.00","0.00","0.00","0.00","0.00","0E0","0E0","0E0","0E0","0E0","0E0","0.00","7.00","0.00","0.00","0.00","0.00","0.00","0.00","0.00","0.00","7.00","GH Credit for Smart Promotions Order O-670434696108693","AwIAAAAAAOVNAAAAADE1NjJmMWMxMi1hZjkyLTExZjEtOWMxMy04ZjA1MzUxMGZlMDNfQ1NfQ1JFRElUXzE0"
"Marketplace",,,,,,"America/New_York","2026-09-10","08:05:08 AM","15027456",,"IT Italian Trattoria 5TH AVE","390 5th Avenue  ","New York","NY","10018","GH Credit",,"non GH+","0.00","0.00","0.00","0.00","0.00","0.00","0.00","0.00","0.00","0E0","0E0","0E0","0E0","0E0","0E0","0.00","7.00","0.00","0.00","0.00","0.00","0.00","0.00","0.00","0.00","7.00","GH Credit for Smart Promotions Order O-685934653405437","AwIAAAAAAOVNAAAAADFmYmNjY2I4Mi1hY2E1LTExZjEtOGI4My1hN2FmZDNiOTRmZDdfQ1NfQ1JFRElUXzEw"
"Marketplace",,,,,,"America/New_York","2026-09-18","08:06:27 AM","15027456",,"IT Italian Trattoria 5TH AVE","390 5th Avenue  ","New York","NY","10018","GH Credit",,"non GH+","0.00","0.00","0.00","0.00","0.00","0.00","0.00","0.00","0.00","0E0","0E0","0E0","0E0","0E0","0E0","0.00","7.00","0.00","0.00","0.00","0.00","0.00","0.00","0.00","0.00","7.00","GH Credit for Smart Promotions Order O-984534736342433","AwIAAAAAAOVNAAAAADE0NDcxYWE2Mi1iMmU5LTExZjEtYWE2My02YjA0NWFkOWJmNTJfQ1NfQ1JFRElUXzE4"
"Marketplace","057634645513311","2026-09-08","06:29:21 PM","Tuesday","6 PM","America/New_York","2026-09-08","06:44:19 PM","15027456",,"IT Italian Trattoria 5TH AVE","390 5th Avenue  ","New York","NY","10018","Prepaid Order","Pick-Up","GH+","19.95","1.77","0.00","0.00","0.00","0.00","0.00","0.00","0.00","0E0","0E0","0E0","0E0","0E0","0E0","1.74","23.46","0.00","0.00","0.00","-1.02","0.00","0.00","0.00","0.00","22.44",,"BwEAAAAAAOVNAKxvVXKr1BHxlXN1TfFhY1c"
"Marketplace","006734575631889","2026-09-01","06:09:49 PM","Tuesday","6 PM","America/New_York","2026-09-01","06:45:00 PM","15027456",,"IT Italian Trattoria 5TH AVE","390 5th Avenue  ","New York","NY","10018","Prepaid Order","Grubhub Delivery","GH+","25.90","1.68","0.00","0.00","0.00","0.00","0.00","0.00","0.00","0E0","0E0","0E0","0E0","0E0","0E0","0.00","27.58","0.00","0.00","0.00","-0.93","0.00","0.00","-7.00","0.00","19.65",,"BwEAAAAAAOVNAKT5nWCmURHxnWFzynNoiAY"
"Marketplace",,,,,,"America/New_York","2026-09-26","08:06:03 AM","15027456",,"IT Italian Trattoria 5TH AVE","390 5th Avenue  ","New York","NY","10018","GH Credit",,"non GH+","0.00","0.00","0.00","0.00","0.00","0.00","0.00","0.00","0.00","0E0","0E0","0E0","0E0","0E0","0E0","0.00","10.00","0.00","0.00","0.00","0.00","0.00","0.00","0.00","0.00","10.00","GH Credit for Smart Promotions Order O-094834812168279","AwIAAAAAAOVNAAAAADE1YWFkYzg3Mi1iODdjLTExZjEtODg3My02NThjYmFlNmUzYmFfQ1NfQ1JFRElUXzI2"
"Marketplace",,,,,,"America/New_York","2026-09-05","08:06:30 AM","15027456",,"IT Italian Trattoria 5TH AVE","390 5th Avenue  ","New York","NY","10018","GH Credit",,"non GH+","0.00","0.00","0.00","0.00","0.00","0.00","0.00","0.00","0.00","0E0","0E0","0E0","0E0","0E0","0E0","0.00","7.00","0.00","0.00","0.00","0.00","0.00","0.00","0.00","0.00","7.00","GH Credit for Smart Promotions Order O-853634603011167","AwIAAAAAAOVNAAAAADAzNjdhYzE3Mi1hOGE5LTExZjEtODE3My1hMzc0MTRlOTBiMDFfQ1NfQ1JFRElUXzU"
"Marketplace","575134830838098","2026-09-27","09:34:33 AM","Sunday","9 AM","America/New_York","2026-09-27","10:18:00 AM","15027456",,"IT Italian Trattoria 5TH AVE","390 5th Avenue  ","New York","NY","10018","Prepaid Order","Grubhub Delivery","GH+","36.80","2.65","0.00","0.00","0.00","0.00","0.00","0.00","0.00","0E0","0E0","0E0","0E0","0E0","0E0","0.00","39.45","-7.36","-3.68","0.00","-1.29","0.00","0.00","-7.00","0.00","20.12",,"BwEAAAAAAOVNAKv9_WC6dxHxvWFrC22Bfkc"
"Marketplace",,,,,,"America/New_York","2026-09-13","08:06:18 AM","15027456",,"IT Italian Trattoria 5TH AVE","390 5th Avenue  ","New York","NY","10018","GH Credit",,"non GH+","0.00","0.00","0.00","0.00","0.00","0.00","0.00","0.00","0.00","0E0","0E0","0E0","0E0","0E0","0E0","0.00","7.00","0.00","0.00","0.00","0.00","0.00","0.00","0.00","0.00","7.00","GH Credit for Smart Promotions Order O-796834673217624","AwIAAAAAAOVNAAAAADEyMWZkZTZhMi1hZTNhLTExZjEtYTZhMy1mYjdmMzgzYzE4YTJfQ1NfQ1JFRElUXzEz"
"Marketplace",,,,,,"America/New_York","2026-09-27","08:07:12 AM","15027456",,"IT Italian Trattoria 5TH AVE","390 5th Avenue  ","New York","NY","10018","GH Credit",,"non GH+","0.00","0.00","0.00","0.00","0.00","0.00","0.00","0.00","0.00","0E0","0E0","0E0","0E0","0E0","0E0","0.00","7.00","0.00","0.00","0.00","0.00","0.00","0.00","0.00","0.00","7.00","GH Credit for Smart Promotions Order O-631934825166822","AwIAAAAAAOVNAAAAADEzZGFhNjliMi1iOWJhLTExZjEtYTliMy0xNTE0YjE2NTk1MTJfQ1NfQ1JFRElUXzI3"
"Marketplace","722434779140864","2026-09-21","11:25:44 AM","Monday","11 AM","America/New_York","2026-09-21","11:59:00 AM","15027456",,"IT Italian Trattoria 5TH AVE","390 5th Avenue  ","New York","NY","10018","Prepaid Order","Grubhub Delivery","GH+","19.95","1.77","0.00","0.00","0.00","0.00","0.00","0.00","0.00","0E0","0E0","0E0","0E0","0E0","0E0","0.00","21.72","-3.99","-2.00","0.00","-0.96","0.00","0.00","0.00","0.00","14.77",,"BwEAAAAAAOVNAIvLfXC10BHxvXG1gVfJFa8"
"Marketplace","092834634130681","2026-09-06","08:35:28 PM","Sunday","8 PM","America/New_York","2026-09-06","08:56:00 PM","15027456",,"IT Italian Trattoria 5TH AVE","390 5th Avenue  ","New York","NY","10018","Prepaid Order","Grubhub Delivery","GH+","46.85","3.54","0.00","0.00","0.00","0.00","0.00","0.00","0.00","0E0","0E0","0E0","0E0","0E0","0E0","0.00","50.39","0.00","0.00","0.00","-1.62","0.00","0.00","-7.00","0.00","41.77",,"BwEAAAAAAOVNAJjSkOCqUxHxkOFb38y2nrc"
"Marketplace","303334791934559","2026-09-23","12:32:29 PM","Wednesday","12 PM","America/New_York","2026-09-23","12:47:28 PM","15027456",,"IT Italian Trattoria 5TH AVE","390 5th Avenue  ","New York","NY","10018","Prepaid Order","Pick-Up","GH+","27.90","1.86","0.00","0.00","0.00","0.00","0.00","0.00","0.00","0E0","0E0","0E0","0E0","0E0","0E0","0.00","29.76","-5.58","0.00","0.00","-0.99","0.00","0.00","-7.00","0.00","16.19",,"BwEAAAAAAOVNAFZx-pC3axHxupHplUbdons"
"Marketplace",,,,,,"America/New_York","2026-09-10","08:05:08 AM","15027456",,"IT Italian Trattoria 5TH AVE","390 5th Avenue  ","New York","NY","10018","GH Credit",,"non GH+","0.00","0.00","0.00","0.00","0.00","0.00","0.00","0.00","0.00","0E0","0E0","0E0","0E0","0E0","0E0","0.00","7.00","0.00","0.00","0.00","0.00","0.00","0.00","0.00","0.00","7.00","GH Credit for Smart Promotions Order O-980934657519536","AwIAAAAAAOVNAAAAADFiZWY5MmYwMi1hYzg3LTExZjEtYWYwMy1kM2JiYjE2MjNjZWZfQ1NfQ1JFRElUXzEw"
"Marketplace","608934766887277","2026-09-20","07:32:46 PM","Sunday","7 PM","America/New_York","2026-09-20","08:13:00 PM","15027456",,"IT Italian Trattoria 5TH AVE","390 5th Avenue  ","New York","NY","10018","Prepaid Order","Grubhub Delivery","GH+","27.90","1.86","0.00","0.00","0.00","0.00","0.00","0.00","0.00","0E0","0E0","0E0","0E0","0E0","0E0","0.00","29.76","-5.58","-2.79","0.00","-0.99","0.00","0.00","-7.00","0.00","13.40",,"BwEAAAAAAOVNADBl-UC1SxHxuUET9k7MSLQ"
"Marketplace",,,,,,"America/New_York","2026-09-08","08:04:53 AM","15027456",,"IT Italian Trattoria 5TH AVE","390 5th Avenue  ","New York","NY","10018","GH Credit",,"non GH+","0.00","0.00","0.00","0.00","0.00","0.00","0.00","0.00","0.00","0E0","0E0","0E0","0E0","0E0","0E0","0.00","7.00","0.00","0.00","0.00","0.00","0.00","0.00","0.00","0.00","7.00","GH Credit for Smart Promotions Order O-092834634130681","AwIAAAAAAOVNAAAAADA5OGQyOTBlMi1hYTUzLTExZjEtOTBlMy01YmRmY2NiNjllYjdfQ1NfQ1JFRElUXzg"
"Marketplace","929234676194330","2026-09-11","01:09:43 PM","Friday","1 PM","America/New_York","2026-09-11","01:24:40 PM","15027456",,"IT Italian Trattoria 5TH AVE","390 5th Avenue  ","New York","NY","10018","Prepaid Order","Pick-Up","non GH+","19.95","1.77","0.00","0.00","0.00","0.00","0.00","0.00","0.00","0E0","0E0","0E0","0E0","0E0","0E0","1.74","23.46","0.00","0.00","0.00","-1.02","0.00","0.00","0.00","0.00","22.44",,"BwEAAAAAAOVNAH71W-CuAxHxm-EPxGMkvFE"
"Marketplace","796834673217624","2026-09-11","08:17:06 PM","Friday","8 PM","America/New_York","2026-09-11","08:46:00 PM","15027456",,"IT Italian Trattoria 5TH AVE","390 5th Avenue  ","New York","NY","10018","Prepaid Order","Grubhub Delivery","GH+","26.55","1.74","0.00","0.00","0.00","0.00","0.00","0.00","0.00","0E0","0E0","0E0","0E0","0E0","0E0","0.00","28.29","0.00","0.00","0.00","-0.95","0.00","0.00","-7.00","0.00","20.34",,"BwEAAAAAAOVNACH95qCuOhHxpqH7fzg8GKI"
"Marketplace","608934766887277","2026-09-20","07:32:46 PM","Sunday","7 PM","America/New_York","2026-09-20","08:13:00 PM","15027456",,"IT Italian Trattoria 5TH AVE","390 5th Avenue  ","New York","NY","10018","Order Adjustment","Grubhub Delivery","GH+","-18.95","-1.69","0.00","0.00","0.00","0.00","0.00","0.00","0.00","0E0","0E0","0E0","0E0","0E0","0E0","0.00","-20.64","0.00","0.00","0.00","0.00","0.00","0.00","0.00","0.00","-20.64","INCORRECT_ITEM - Refund requested by diner via help interaction","CQMAAAAAAOVNADBl-UC1SxHxuUET9k7MSLQAAAAB"
"Marketplace","174534650359418","2026-09-09","07:31:47 PM","Wednesday","7 PM","America/New_York","2026-09-09","08:12:00 PM","15027456",,"IT Italian Trattoria 5TH AVE","390 5th Avenue  ","New York","NY","10018","Prepaid Order","Grubhub Delivery","GH+","40.85","3.01","0.00","0.00","0.00","0.00","0.00","0.00","0.00","0E0","0E0","0E0","0E0","0E0","0E0","0.00","43.86","0.00","0.00","0.00","-1.42","0.00","0.00","-7.00","0.00","35.44",,"BwEAAAAAAOVNAPvMy4CspRHxi4Gnr9O5T9c"
"Marketplace","673234601656678","2026-09-04","07:32:50 PM","Friday","7 PM","America/New_York","2026-09-04","07:47:47 PM","15027456",,"IT Italian Trattoria 5TH AVE","390 5th Avenue  ","New York","NY","10018","Prepaid Order","Pick-Up","GH+","7.95","0.71","0.00","0.00","0.00","0.00","0.00","0.00","0.00","0E0","0E0","0E0","0E0","0E0","0E0","0.43","9.09","0.00","0.00","0.00","-0.58","0.00","0.00","0.00","0.00","8.51",,"BwEAAAAAAOVNAG8ELvCouBHxrvHD_dNza5A"
"Marketplace","784334680668496","2026-09-11","10:26:08 PM","Friday","10 PM","America/New_York","2026-09-11","11:16:16 PM","15027456",,"IT Italian Trattoria 5TH AVE","390 5th Avenue  ","New York","NY","10018","Order Adjustment","Grubhub Delivery","GH+","-2.95","-0.26","0.00","0.00","0.00","0.00","0.00","0.00","0.00","0E0","0E0","0E0","0E0","0E0","0E0","0.00","-3.21","0.00","0.00","0.00","0.00","0.00","0.00","0.00","0.00","-3.21","MISSING_ITEM - Refund requested by diner via help interaction","CQMAAAAAAOVNAKCoCmCuUBHximGZ9CxTwH8AAAAB"
"Marketplace","980934657519536","2026-09-09","07:30:00 PM","Wednesday","7 PM","America/New_York","2026-09-09","07:43:08 PM","15027456",,"IT Italian Trattoria 5TH AVE","390 5th Avenue  ","New York","NY","10018","Order Adjustment","Grubhub Delivery","GH+","-5.65","-0.50","0.00","0.00","0.00","0.00","0.00","0.00","0.00","0E0","0E0","0E0","0E0","0E0","0E0","0.00","-6.15","0.00","0.00","0.00","0.00","0.00","0.00","0.00","0.00","-6.15","MISSING_ITEM - Refund requested by diner via help interaction","CQMAAAAAAOVNAL75LwCshxHxrwHTu7FiPO8AAAAB"
"Marketplace",,,,,,"America/New_York","2026-09-02","08:05:04 AM","15027456",,"IT Italian Trattoria 5TH AVE","390 5th Avenue  ","New York","NY","10018","GH Credit",,"non GH+","0.00","0.00","0.00","0.00","0.00","0.00","0.00","0.00","0.00","0E0","0E0","0E0","0E0","0E0","0E0","0.00","7.00","0.00","0.00","0.00","0.00","0.00","0.00","0.00","0.00","7.00","GH Credit for Smart Promotions Order O-006734575631889","AwIAAAAAAOVNAAAAADBhNGY5OWQ2Mi1hNjUxLTExZjEtOWQ2My03M2NhNzM2ODg4MDZfQ1NfQ1JFRElUXzI"
"Marketplace","230234793969472","2026-09-23","05:39:25 PM","Wednesday","5 PM","America/New_York","2026-09-23","05:54:23 PM","15027456",,"IT Italian Trattoria 5TH AVE","390 5th Avenue  ","New York","NY","10018","Prepaid Order","Pick-Up","GH+","41.80","3.09","0.00","0.00","0.00","0.00","0.00","0.00","0.00","0E0","0E0","0E0","0E0","0E0","0E0","0.00","44.89","-8.36","0.00","0.00","-1.46","0.00","0.00","-7.00","0.00","28.07",,"BwEAAAAAAOVNANphjoC3lhHxjoH9d1lMvow"
