Type,Menu,Menu group,Subgroup,"Item, open item",Size modifier,"Modifiers, special requests",Sales Category,Qty sold
"",,,,,,,,11905.0
"",FOOD,,,,,,,2559.0
"",FOOD,BREAKFAST,,,,,,163.0
menuItem,FOOD,BREAKFAST,,EGGS & BACON,,,BREAKFAST,54.0
modifier,FOOD,BREAKFAST,,EGGS & BACON,,Prosciutto,,1.0
modifier,FOOD,BREAKFAST,,EGGS & BACON,,Smoked Salmon,,1.0
modifier,FOOD,BREAKFAST,,EGGS & BACON,,Fried Eggs,,25.0
modifier,FOOD,BREAKFAST,,EGGS & BACON,,Scrambled Eggs,,26.0
modifier,FOOD,BREAKFAST,,EGGS & BACON,,Boiled Egg,,1.0
specialRequest,FOOD,BREAKFAST,,EGGS & BACON,,Agregar Turkey,,1.0
specialRequest,FOOD,BREAKFAST,,EGGS & BACON,,Bacon Bien Fritto,,1.0
specialRequest,FOOD,BREAKFAST,,EGGS & BACON,,Elena,,1.0
specialRequest,FOOD,BREAKFAST,,EGGS & BACON,,Extra Crispy,,1.0
specialRequest,FOOD,BREAKFAST,,EGGS & BACON,,"Huevos No Tan Cocidos, Baconnextra Crispy",,1.0
specialRequest,FOOD,BREAKFAST,,EGGS & BACON,,Mortadella,,1.0
specialRequest,FOOD,BREAKFAST,,EGGS & BACON,,No Bacon Add Avocado,,1.0
specialRequest,FOOD,BREAKFAST,,EGGS & BACON,,No Bacon But Avocado,,4.0
specialRequest,FOOD,BREAKFAST,,EGGS & BACON,,"No Bacon, Mortadela Si",,1.0
specialRequest,FOOD,BREAKFAST,,EGGS & BACON,,No Bread,,2.0
specialRequest,FOOD,BREAKFAST,,EGGS & BACON,,No Greens,,1.0
specialRequest,FOOD,BREAKFAST,,EGGS & BACON,,No Tan Cocido,,1.0
specialRequest,FOOD,BREAKFAST,,EGGS & BACON,,Over Easy,,2.0
specialRequest,FOOD,BREAKFAST,,EGGS & BACON,,To Go,,1.0
menuItem,FOOD,BREAKFAST,,TRUFFLE SCRAMBLE EGGS,,,BREAKFAST,9.0
modifier,FOOD,BREAKFAST,,TRUFFLE SCRAMBLE EGGS,,Bacon,,2.0
specialRequest,FOOD,BREAKFAST,,TRUFFLE SCRAMBLE EGGS,,No Bacon,,1.0
menuItem,FOOD,BREAKFAST,,AVOCADO TOAST,,,BREAKFAST,20.0
modifier,FOOD,BREAKFAST,,AVOCADO TOAST,,Smoked Salmon,,6.0
modifier,FOOD,BREAKFAST,,AVOCADO TOAST,,Boiled Egg,,6.0
specialRequest,FOOD,BREAKFAST,,AVOCADO TOAST,,Chiara,,1.0
specialRequest,FOOD,BREAKFAST,,AVOCADO TOAST,,Elena,,1.0
specialRequest,FOOD,BREAKFAST,,AVOCADO TOAST,,Fritto Ierne,,1.0
specialRequest,FOOD,BREAKFAST,,AVOCADO TOAST,,No Avocado,,1.0
specialRequest,FOOD,BREAKFAST,,AVOCADO TOAST,,Rayan,,1.0
specialRequest,FOOD,BREAKFAST,,AVOCADO TOAST,,Scrambled Eggs,,1.0
menuItem,FOOD,BREAKFAST,,PARFAIT BERRIES & GRANOLA,,,BREAKFAST,15.0
specialRequest,FOOD,BREAKFAST,,PARFAIT BERRIES & GRANOLA,,No Granola,,1.0
menuItem,FOOD,BREAKFAST,,FRESCO COMBO,,,BREAKFAST,6.0
modifier,FOOD,BREAKFAST,,FRESCO COMBO,,Smoked Salmon,,1.0
modifier,FOOD,BREAKFAST,,FRESCO COMBO,,Bacon,,1.0
modifier,FOOD,BREAKFAST,,FRESCO COMBO,,Boiled Egg,,3.0
specialRequest,FOOD,BREAKFAST,,FRESCO COMBO,,Fritto,,1.0
specialRequest,FOOD,BREAKFAST,,FRESCO COMBO,,Over Easy On Top,,1.0
menuItem,FOOD,BREAKFAST,,HEY MAMBO COMBO,,,BREAKFAST,42.0
modifier,FOOD,BREAKFAST,,HEY MAMBO COMBO,,Espresso,COFFEE,11.0
modifier,FOOD,BREAKFAST,,HEY MAMBO COMBO,,Americano Coffee,COFFEE,9.0
modifier,FOOD,BREAKFAST,,HEY MAMBO COMBO,,Capuccino,COFFEE,13.0
modifier,FOOD,BREAKFAST,,HEY MAMBO COMBO,,Coffee Latte,COFFEE,9.0
modifier,FOOD,BREAKFAST,,HEY MAMBO COMBO,,Croissant,,20.0
modifier,FOOD,BREAKFAST,,HEY MAMBO COMBO,,Nutella Croissant,,9.0
modifier,FOOD,BREAKFAST,,HEY MAMBO COMBO,,Cream Croissant,,4.0
modifier,FOOD,BREAKFAST,,HEY MAMBO COMBO,,Pistacchio Croissant,,4.0
modifier,FOOD,BREAKFAST,,HEY MAMBO COMBO,,Raspberry Croissant,,2.0
modifier,FOOD,BREAKFAST,,HEY MAMBO COMBO,,Apricot Jam Croissant,,3.0
specialRequest,FOOD,BREAKFAST,,HEY MAMBO COMBO,,Iced Americano,,1.0
menuItem,FOOD,BREAKFAST,,SOLE SOLE COMBO,,,BREAKFAST,13.0
modifier,FOOD,BREAKFAST,,SOLE SOLE COMBO,,Fried Eggs,,9.0
modifier,FOOD,BREAKFAST,,SOLE SOLE COMBO,,Scrambled Eggs,,4.0
modifier,FOOD,BREAKFAST,,SOLE SOLE COMBO,,Boiled Egg,,2.0
specialRequest,FOOD,BREAKFAST,,SOLE SOLE COMBO,,No Bacon,,1.0
menuItem,FOOD,BREAKFAST,,FRUIT CUP,,,BREAKFAST,4.0
"",FOOD,APPETIZER,,,,,,86.0
menuItem,FOOD,APPETIZER,,IT BRUSCHETTA,,,APPETIZER,42.0
menuItem,FOOD,APPETIZER,,STRACCIATELLA AND FOCACCIA,,,APPETIZER,21.0
modifier,FOOD,APPETIZER,,STRACCIATELLA AND FOCACCIA,,Smoked Salmon,,1.0
specialRequest,FOOD,APPETIZER,,STRACCIATELLA AND FOCACCIA,,No Salmon Ponela Gluteen Free,,1.0
menuItem,FOOD,APPETIZER,,ANTIPASTO DELLA CASA,,,APPETIZER,7.0
specialRequest,FOOD,APPETIZER,,ANTIPASTO DELLA CASA,,Extra Bread,,1.0
menuItem,FOOD,APPETIZER,,ANTIPASTO DELLA FAMIGLIA,,,APPETIZER,9.0
menuItem,FOOD,APPETIZER,,VEGGIE PIZZA TACO,,,APPETIZER,2.0
menuItem,FOOD,APPETIZER,,SPICY PIZZA TACO,,,APPETIZER,4.0
menuItem,FOOD,APPETIZER,,BOLOGNESE PIZZA TACO,,,APPETIZER,1.0
"",FOOD,PASTA,,,,,,577.0
menuItem,FOOD,PASTA,,LASAGNA,,,PASTA,66.0
specialRequest,FOOD,PASTA,,LASAGNA,,(Please label for Kobe),,1.0
specialRequest,FOOD,PASTA,,LASAGNA,,TO GO,,1.0
specialRequest,FOOD,PASTA,,LASAGNA,,To Go,,1.0
menuItem,FOOD,PASTA,,RIGATONI ALLA SICILIANA,,,PASTA,54.0
modifier,FOOD,PASTA,,RIGATONI ALLA SICILIANA,,MARINATED CHICKEN 100 gram,,5.0
modifier,FOOD,PASTA,,RIGATONI ALLA SICILIANA,,Regular,,15.0
sizedModifier,FOOD,PASTA,,RIGATONI ALLA SICILIANA,Regular,Meatballs,,2.0
sizedSpecialRequest,FOOD,PASTA,,RIGATONI ALLA SICILIANA,Regular,No.pimenta,,1.0
sizedSpecialRequest,FOOD,PASTA,,RIGATONI ALLA SICILIANA,Regular,No.queso,,2.0
sizedSpecialRequest,FOOD,PASTA,,RIGATONI ALLA SICILIANA,Regular,Spaghetti,,1.0
sizedModifier,FOOD,PASTA,,RIGATONI ALLA SICILIANA,Regular,Stracciatella,,1.0
modifier,FOOD,PASTA,,RIGATONI ALLA SICILIANA,,XL,,3.0
sizedSpecialRequest,FOOD,PASTA,,RIGATONI ALLA SICILIANA,XL,Pomodoro,,1.0
sizedSpecialRequest,FOOD,PASTA,,RIGATONI ALLA SICILIANA,XL,Solo.Pomodoro.,,1.0
specialRequest,FOOD,PASTA,,RIGATONI ALLA SICILIANA,,PARA LLEVAR,,1.0
specialRequest,FOOD,PASTA,,RIGATONI ALLA SICILIANA,,Que Sea Spaghetti No Rigatoni Y Con Extra Pesto,,1.0
menuItem,FOOD,PASTA,,RIGATONI BOLOGNESE,,,PASTA,84.0
modifier,FOOD,PASTA,,RIGATONI BOLOGNESE,,Regular,,38.0
sizedSpecialRequest,FOOD,PASTA,,RIGATONI BOLOGNESE,Regular,Extra Parmesan Aparte,,1.0
sizedSpecialRequest,FOOD,PASTA,,RIGATONI BOLOGNESE,Regular,Influncer,,1.0
sizedModifier,FOOD,PASTA,,RIGATONI BOLOGNESE,Regular,Meatballs,,4.0
sizedSpecialRequest,FOOD,PASTA,,RIGATONI BOLOGNESE,Regular,No.pimenta,,1.0
sizedSpecialRequest,FOOD,PASTA,,RIGATONI BOLOGNESE,Regular,Spaghetti,,2.0
sizedModifier,FOOD,PASTA,,RIGATONI BOLOGNESE,Regular,Stracciatella,,1.0
sizedSpecialRequest,FOOD,PASTA,,RIGATONI BOLOGNESE,Regular,To Go,,1.0
modifier,FOOD,PASTA,,RIGATONI BOLOGNESE,,XL,,2.0
sizedModifier,FOOD,PASTA,,RIGATONI BOLOGNESE,XL,Meatballs,,1.0
sizedSpecialRequest,FOOD,PASTA,,RIGATONI BOLOGNESE,XL,Spaghetti,,1.0
specialRequest,FOOD,PASTA,,RIGATONI BOLOGNESE,,Chilli Pepper On The Side,,1.0
specialRequest,FOOD,PASTA,,RIGATONI BOLOGNESE,,Que Sea Spaghetti En Lugar De Rigatoni,,1.0
specialRequest,FOOD,PASTA,,RIGATONI BOLOGNESE,,Sin Queso,,1.0
specialRequest,FOOD,PASTA,,RIGATONI BOLOGNESE,,Spaghetti,,5.0
menuItem,FOOD,PASTA,,RIGATONI TARTUFO (TRUFFLE),,,PASTA,51.0
modifier,FOOD,PASTA,,RIGATONI TARTUFO (TRUFFLE),,MARINATED CHICKEN 100 gram,,5.0
modifier,FOOD,PASTA,,RIGATONI TARTUFO (TRUFFLE),,Extra Sauce,,2.0
modifier,FOOD,PASTA,,RIGATONI TARTUFO (TRUFFLE),,Bread,,2.0
modifier,FOOD,PASTA,,RIGATONI TARTUFO (TRUFFLE),,Regular,,12.0
sizedModifier,FOOD,PASTA,,RIGATONI TARTUFO (TRUFFLE),Regular,Grilled Chicken - 100g,,1.0
sizedModifier,FOOD,PASTA,,RIGATONI TARTUFO (TRUFFLE),Regular,MARINATED CHICKEN 100 gram,,1.0
sizedSpecialRequest,FOOD,PASTA,,RIGATONI TARTUFO (TRUFFLE),Regular,No Campinione,,1.0
sizedSpecialRequest,FOOD,PASTA,,RIGATONI TARTUFO (TRUFFLE),Regular,No Salsa,,1.0
modifier,FOOD,PASTA,,RIGATONI TARTUFO (TRUFFLE),,XL,,2.0
sizedSpecialRequest,FOOD,PASTA,,RIGATONI TARTUFO (TRUFFLE),XL,Lukas,,1.0
specialRequest,FOOD,PASTA,,RIGATONI TARTUFO (TRUFFLE),,(Please label for Gian),,2.0
specialRequest,FOOD,PASTA,,RIGATONI TARTUFO (TRUFFLE),,Spaghetti,,1.0
specialRequest,FOOD,PASTA,,RIGATONI TARTUFO (TRUFFLE),,To Go,,1.0
menuItem,FOOD,PASTA,,RIGATONI VODKA,,,PASTA,43.0
modifier,FOOD,PASTA,,RIGATONI VODKA,,MARINATED CHICKEN 100 gram,,7.0
modifier,FOOD,PASTA,,RIGATONI VODKA,,Stracciatella,,1.0
modifier,FOOD,PASTA,,RIGATONI VODKA,,Bread,,1.0
modifier,FOOD,PASTA,,RIGATONI VODKA,,Grilled Chicken - 100g,,1.0
modifier,FOOD,PASTA,,RIGATONI VODKA,,Regular,,10.0
sizedModifier,FOOD,PASTA,,RIGATONI VODKA,Regular,Grilled Chicken - 100g,,1.0
sizedModifier,FOOD,PASTA,,RIGATONI VODKA,Regular,MARINATED CHICKEN 100 gram,,1.0
sizedSpecialRequest,FOOD,PASTA,,RIGATONI VODKA,Regular,No.black Papper,,1.0
modifier,FOOD,PASTA,,RIGATONI VODKA,,XL,,3.0
sizedModifier,FOOD,PASTA,,RIGATONI VODKA,XL,MARINATED CHICKEN 100 gram,,2.0
specialRequest,FOOD,PASTA,,RIGATONI VODKA,,No Vodka,,2.0
menuItem,FOOD,PASTA,,SPAGHETTI ALFREDO,,,PASTA,72.0
modifier,FOOD,PASTA,,SPAGHETTI ALFREDO,,Spianata Calabrese,,1.0
modifier,FOOD,PASTA,,SPAGHETTI ALFREDO,,MARINATED CHICKEN 100 gram,,14.0
modifier,FOOD,PASTA,,SPAGHETTI ALFREDO,,MARINATED SALMON 100 gram,,2.0
modifier,FOOD,PASTA,,SPAGHETTI ALFREDO,,Bread,,1.0
modifier,FOOD,PASTA,,SPAGHETTI ALFREDO,,Grilled Chicken - 100g,,4.0
modifier,FOOD,PASTA,,SPAGHETTI ALFREDO,,Regular,,23.0
sizedModifier,FOOD,PASTA,,SPAGHETTI ALFREDO,Regular,Bread,,1.0
sizedModifier,FOOD,PASTA,,SPAGHETTI ALFREDO,Regular,Grilled Chicken - 100g,,4.0
sizedModifier,FOOD,PASTA,,SPAGHETTI ALFREDO,Regular,MARINATED CHICKEN 100 gram,,6.0
sizedModifier,FOOD,PASTA,,SPAGHETTI ALFREDO,Regular,Mushrooms,,1.0
sizedSpecialRequest,FOOD,PASTA,,SPAGHETTI ALFREDO,Regular,No Queso,,1.0
sizedSpecialRequest,FOOD,PASTA,,SPAGHETTI ALFREDO,Regular,Rigatoni,,2.0
modifier,FOOD,PASTA,,SPAGHETTI ALFREDO,,XL,,5.0
specialRequest,FOOD,PASTA,,SPAGHETTI ALFREDO,,Dividi En Dos Platos,,1.0
specialRequest,FOOD,PASTA,,SPAGHETTI ALFREDO,,Edo,,1.0
specialRequest,FOOD,PASTA,,SPAGHETTI ALFREDO,,Extra Salsa,,1.0
specialRequest,FOOD,PASTA,,SPAGHETTI ALFREDO,,Lucas,,1.0
specialRequest,FOOD,PASTA,,SPAGHETTI ALFREDO,,No Spaghetti Q Sea Rigatoni,,1.0
specialRequest,FOOD,PASTA,,SPAGHETTI ALFREDO,,Que Sea To Go,,1.0
menuItem,FOOD,PASTA,,SPAGHETTI CARBONARA,,,PASTA,61.0
modifier,FOOD,PASTA,,SPAGHETTI CARBONARA,,Grilled Chicken - 100g,,0.0
modifier,FOOD,PASTA,,SPAGHETTI CARBONARA,,Regular,,23.0
sizedModifier,FOOD,PASTA,,SPAGHETTI CARBONARA,Regular,Grilled Chicken - 100g,,1.0
modifier,FOOD,PASTA,,SPAGHETTI CARBONARA,,XL,,1.0
specialRequest,FOOD,PASTA,,SPAGHETTI CARBONARA,,To Go,,1.0
menuItem,FOOD,PASTA,,SPAGHETTI BASIL PESTO,,,PASTA,42.0
menuItem,FOOD,PASTA,,SPAGHETTI GENOVESE (BASIL PESTO),,,PASTA,29.0
modifier,FOOD,PASTA,,SPAGHETTI BASIL PESTO,,MARINATED CHICKEN 100 gram,,1.0
modifier,FOOD,PASTA,,SPAGHETTI BASIL PESTO,,Mozzarella,,2.0
modifier,FOOD,PASTA,,SPAGHETTI BASIL PESTO,,GLUTEN FREE,,1.0
modifier,FOOD,PASTA,,SPAGHETTI BASIL PESTO,,Boiled Egg,,1.0
modifier,FOOD,PASTA,,SPAGHETTI BASIL PESTO,,Grilled Chicken - 100g,,1.0
modifier,FOOD,PASTA,,SPAGHETTI BASIL PESTO,,Regular,,37.0
sizedSpecialRequest,FOOD,PASTA,,SPAGHETTI BASIL PESTO,Regular,Chiara,,1.0
sizedSpecialRequest,FOOD,PASTA,,SPAGHETTI BASIL PESTO,Regular,Elena,,1.0
sizedModifier,FOOD,PASTA,,SPAGHETTI BASIL PESTO,Regular,GLUTEN FREE,,1.0
sizedModifier,FOOD,PASTA,,SPAGHETTI BASIL PESTO,Regular,MARINATED CHICKEN 100 gram,,5.0
sizedModifier,FOOD,PASTA,,SPAGHETTI BASIL PESTO,Regular,Meatballs,,2.0
sizedSpecialRequest,FOOD,PASTA,,SPAGHETTI BASIL PESTO,Regular,No Tomato,,1.0
sizedModifier,FOOD,PASTA,,SPAGHETTI BASIL PESTO,Regular,Stracciatella,,1.0
sizedSpecialRequest,FOOD,PASTA,,SPAGHETTI BASIL PESTO,Regular,To Go,,1.0
modifier,FOOD,PASTA,,SPAGHETTI BASIL PESTO,,XL,,5.0
sizedModifier,FOOD,PASTA,,SPAGHETTI BASIL PESTO,XL,MARINATED CHICKEN 100 gram,,3.0
sizedSpecialRequest,FOOD,PASTA,,SPAGHETTI BASIL PESTO,XL,Toda Al Dente,,1.0
specialRequest,FOOD,PASTA,,SPAGHETTI BASIL PESTO,,Edo,,1.0
specialRequest,FOOD,PASTA,,SPAGHETTI BASIL PESTO,,No Parmesan,,1.0
specialRequest,FOOD,PASTA,,SPAGHETTI BASIL PESTO,,Poca Sala,,1.0
menuItem,FOOD,PASTA,,SPAGHETTI POMODORO,,,PASTA,74.0
modifier,FOOD,PASTA,,SPAGHETTI POMODORO,,Prosciutto,,1.0
modifier,FOOD,PASTA,,SPAGHETTI POMODORO,,Shaved Parmesan,,1.0
modifier,FOOD,PASTA,,SPAGHETTI POMODORO,,MARINATED CHICKEN 100 gram,,4.0
modifier,FOOD,PASTA,,SPAGHETTI POMODORO,,Grilled Vegetables,,1.0
modifier,FOOD,PASTA,,SPAGHETTI POMODORO,,Bread,,1.0
modifier,FOOD,PASTA,,SPAGHETTI POMODORO,,Grilled Chicken - 100g,,2.0
modifier,FOOD,PASTA,,SPAGHETTI POMODORO,,Meatballs,,1.0
modifier,FOOD,PASTA,,SPAGHETTI POMODORO,,Regular,,6.0
sizedSpecialRequest,FOOD,PASTA,,SPAGHETTI POMODORO,Regular,Chiara,,1.0
sizedModifier,FOOD,PASTA,,SPAGHETTI POMODORO,Regular,Meatballs,,2.0
sizedSpecialRequest,FOOD,PASTA,,SPAGHETTI POMODORO,Regular,Solo Queso Y Butter,,1.0
modifier,FOOD,PASTA,,SPAGHETTI POMODORO,,XL,,1.0
specialRequest,FOOD,PASTA,,SPAGHETTI POMODORO,,Butter Not Tomatoe Sauce,,1.0
specialRequest,FOOD,PASTA,,SPAGHETTI POMODORO,,Cheese On Side,,1.0
specialRequest,FOOD,PASTA,,SPAGHETTI POMODORO,,Chiara,,2.0
specialRequest,FOOD,PASTA,,SPAGHETTI POMODORO,,No Queso,,1.0
specialRequest,FOOD,PASTA,,SPAGHETTI POMODORO,,On The Side,,1.0
specialRequest,FOOD,PASTA,,SPAGHETTI POMODORO,,Prove Office,,6.0
specialRequest,FOOD,PASTA,,SPAGHETTI POMODORO,,Queso,,1.0
specialRequest,FOOD,PASTA,,SPAGHETTI POMODORO,,Rigatini Con Piccante David,,1.0
specialRequest,FOOD,PASTA,,SPAGHETTI POMODORO,,Rigatoni,,2.0
specialRequest,FOOD,PASTA,,SPAGHETTI POMODORO,,Slasa Out Side,,1.0
specialRequest,FOOD,PASTA,,SPAGHETTI POMODORO,,Solo Butter E Parmesano,,1.0
specialRequest,FOOD,PASTA,,SPAGHETTI POMODORO,,Solo Butter Y Queso Rigatoni,,1.0
specialRequest,FOOD,PASTA,,SPAGHETTI POMODORO,,To Go,,3.0
specialRequest,FOOD,PASTA,,SPAGHETTI POMODORO,,Togo,,1.0
specialRequest,FOOD,PASTA,,SPAGHETTI POMODORO,,XL,,2.0
menuItem,FOOD,PASTA,,Catering Jessica,,,PASTA,1.0
"",FOOD,PIZZA,,,,,,437.0
menuItem,FOOD,PIZZA,,MARGHERITA,,,PIZZA,153.0
modifier,FOOD,PIZZA,,MARGHERITA,,Mushrooms,,3.0
modifier,FOOD,PIZZA,,MARGHERITA,,MARINATED CHICKEN 100 gram,,1.0
modifier,FOOD,PIZZA,,MARGHERITA,,Mozzarella,,1.0
modifier,FOOD,PIZZA,,MARGHERITA,,GLUTEN FREE,,2.0
modifier,FOOD,PIZZA,,MARGHERITA,,GLUTEN FREE,,2.0
modifier,FOOD,PIZZA,,MARGHERITA,,Prosciutto,,0.0
specialRequest,FOOD,PIZZA,,MARGHERITA,,(Please label for Bryan),,1.0
specialRequest,FOOD,PIZZA,,MARGHERITA,,Add Oninon,,1.0
specialRequest,FOOD,PIZZA,,MARGHERITA,,Extra Cheese,,1.0
specialRequest,FOOD,PIZZA,,MARGHERITA,,Half Mushroom,,1.0
specialRequest,FOOD,PIZZA,,MARGHERITA,,No Basil,,1.0
specialRequest,FOOD,PIZZA,,MARGHERITA,,No Hacerla,,1.0
specialRequest,FOOD,PIZZA,,MARGHERITA,,Onion,,1.0
specialRequest,FOOD,PIZZA,,MARGHERITA,,Sin Aceite,,3.0
specialRequest,FOOD,PIZZA,,MARGHERITA,,Sin Queso,,3.0
specialRequest,FOOD,PIZZA,,MARGHERITA,,To Go,,2.0
specialRequest,FOOD,PIZZA,,MARGHERITA,,Togo,,1.0
menuItem,FOOD,PIZZA,,COTTO,,,PIZZA,45.0
specialRequest,FOOD,PIZZA,,COTTO,,Nomtomate Sauce,,1.0
specialRequest,FOOD,PIZZA,,COTTO,,Poco red Salsa,,1.0
specialRequest,FOOD,PIZZA,,COTTO,,To Go,,1.0
specialRequest,FOOD,PIZZA,,COTTO,,Togo,,1.0
menuItem,FOOD,PIZZA,,DIAVOLA,,,PIZZA,86.0
modifier,FOOD,PIZZA,,DIAVOLA,,Ham,,3.0
modifier,FOOD,PIZZA,,DIAVOLA,,Mushrooms,,1.0
modifier,FOOD,PIZZA,,DIAVOLA,,GLUTEN FREE,,1.0
modifier,FOOD,PIZZA,,DIAVOLA,,Prosciutto,,1.0
specialRequest,FOOD,PIZZA,,DIAVOLA,,(Please label for Robert Juul),,2.0
specialRequest,FOOD,PIZZA,,DIAVOLA,,76,,2.0
specialRequest,FOOD,PIZZA,,DIAVOLA,,Salami X2,,1.0
menuItem,FOOD,PIZZA,,PRIMAVERA,,,PIZZA,11.0
modifier,FOOD,PIZZA,,PRIMAVERA,,Mushrooms,,1.0
modifier,FOOD,PIZZA,,PRIMAVERA,,Vegan Mozzarella,,4.0
modifier,FOOD,PIZZA,,PRIMAVERA,,GLUTEN FREE,,1.0
modifier,FOOD,PIZZA,,PRIMAVERA,,Vegan Mozzarella,,1.0
specialRequest,FOOD,PIZZA,,PRIMAVERA,,(Please label for Rachel),,1.0
specialRequest,FOOD,PIZZA,,PRIMAVERA,,No Eggplant Add Mushrooms,,1.0
specialRequest,FOOD,PIZZA,,PRIMAVERA,,No Piemenoton,,1.0
menuItem,FOOD,PIZZA,,REGINA,,,PIZZA,21.0
modifier,FOOD,PIZZA,,REGINA,,GLUTEN FREE,,1.0
specialRequest,FOOD,PIZZA,,REGINA,,Crispy Cooked,,1.0
specialRequest,FOOD,PIZZA,,REGINA,,One Half Ham The Other No Ham,,1.0
specialRequest,FOOD,PIZZA,,REGINA,,Sin Albaca Oregano Y Arugula,,1.0
menuItem,FOOD,PIZZA,,MARGHERITA DI BURRATA,,,PIZZA,44.0
modifier,FOOD,PIZZA,,MARGHERITA DI BURRATA,,Arugula,,1.0
specialRequest,FOOD,PIZZA,,MARGHERITA DI BURRATA,,(Please label for Inci),,2.0
specialRequest,FOOD,PIZZA,,MARGHERITA DI BURRATA,,No Tomatoes,,1.0
specialRequest,FOOD,PIZZA,,MARGHERITA DI BURRATA,,Togo,,1.0
menuItem,FOOD,PIZZA,,POSITANO (TRUFFLE CREAM),,,PIZZA,28.0
menuItem,FOOD,PIZZA,,"TRUFFLE ",,,PIZZA,2.0
menuItem,FOOD,PIZZA,,TRUFFLE PIZZA,,,PIZZA,20.0
modifier,FOOD,PIZZA,,POSITANO (TRUFFLE CREAM),,Prosciutto,,1.0
modifier,FOOD,PIZZA,,POSITANO (TRUFFLE CREAM),,Ham,,1.0
modifier,FOOD,PIZZA,,POSITANO (TRUFFLE CREAM),,MARINATED CHICKEN 100 gram,,2.0
modifier,FOOD,PIZZA,,POSITANO (TRUFFLE CREAM),,GLUTEN FREE,,1.0
modifier,FOOD,PIZZA,,POSITANO (TRUFFLE CREAM),,Stracciatella,,1.0
specialRequest,FOOD,PIZZA,,POSITANO (TRUFFLE CREAM),,No Campinione,,1.0
specialRequest,FOOD,PIZZA,,POSITANO (TRUFFLE CREAM),,To Go,,1.0
specialRequest,FOOD,PIZZA,,POSITANO (TRUFFLE CREAM),,Togo,,1.0
menuItem,FOOD,PIZZA,,PROSCIUTTO E BURRATA,,,PIZZA,27.0
modifier,FOOD,PIZZA,,PROSCIUTTO E BURRATA,,GLUTEN FREE,,1.0
specialRequest,FOOD,PIZZA,,PROSCIUTTO E BURRATA,,Prossutico Cusinado,,1.0
specialRequest,FOOD,PIZZA,,PROSCIUTTO E BURRATA,,To Go,,1.0
"",FOOD,SALAD,,,,,,170.0
menuItem,FOOD,SALAD,,CAPRESE,,,SALAD,35.0
modifier,FOOD,SALAD,,CAPRESE,,Prosciutto,,1.0
modifier,FOOD,SALAD,,CAPRESE,,MARINATED CHICKEN 100 gram,,2.0
modifier,FOOD,SALAD,,CAPRESE,,Stracciatella,,1.0
modifier,FOOD,SALAD,,CAPRESE,,Boiled Egg,,1.0
modifier,FOOD,SALAD,,CAPRESE,,MARINATED CHICKEN 100 gram,,2.0
modifier,FOOD,SALAD,,CAPRESE,,MARINATED SALMON 100 gram,,1.0
modifier,FOOD,SALAD,,CAPRESE,,Grilled Vegetables,,1.0
modifier,FOOD,SALAD,,CAPRESE,,Stracciatella,,1.0
modifier,FOOD,SALAD,,CAPRESE,,Boiled Egg,,1.0
modifier,FOOD,SALAD,,CAPRESE,,EXTRA AVOCADO,,2.0
specialRequest,FOOD,SALAD,,CAPRESE,,Preparar Cocina Para Llevar,,1.0
specialRequest,FOOD,SALAD,,CAPRESE,,To Go,,1.0
menuItem,FOOD,SALAD,,CAESAR,,,SALAD,48.0
modifier,FOOD,SALAD,,CAESAR,,MARINATED CHICKEN 100 gram,,4.0
modifier,FOOD,SALAD,,CAESAR,,MARINATED SALMON 100 gram,,1.0
modifier,FOOD,SALAD,,CAESAR,,Bread,,1.0
modifier,FOOD,SALAD,,CAESAR,,MARINATED CHICKEN 100 gram,,15.0
modifier,FOOD,SALAD,,CAESAR,,Grilled Chicken - 100g,,1.0
modifier,FOOD,SALAD,,CAESAR,,MARINATED SALMON 100 gram,,1.0
modifier,FOOD,SALAD,,CAESAR,,Grilled Vegetables,,1.0
modifier,FOOD,SALAD,,CAESAR,,Boiled Egg,,1.0
modifier,FOOD,SALAD,,CAESAR,,EXTRA AVOCADO,,2.0
specialRequest,FOOD,SALAD,,CAESAR,,No Salsa,,1.0
specialRequest,FOOD,SALAD,,CAESAR,,Para Preparar,,1.0
specialRequest,FOOD,SALAD,,CAESAR,,To Go,,1.0
menuItem,FOOD,SALAD,,AMORE VERDE,,,SALAD,12.0
modifier,FOOD,SALAD,,AMORE VERDE,,Stracciatella,,1.0
modifier,FOOD,SALAD,,AMORE VERDE,,EXTRA AVOCADO,,1.0
modifier,FOOD,SALAD,,AMORE VERDE,,Boiled Egg,,1.0
modifier,FOOD,SALAD,,AMORE VERDE,,MARINATED CHICKEN 100 gram,,3.0
modifier,FOOD,SALAD,,AMORE VERDE,,MARINATED SALMON 100 gram,,1.0
modifier,FOOD,SALAD,,AMORE VERDE,,Grilled Vegetables,,1.0
modifier,FOOD,SALAD,,AMORE VERDE,,Boiled Egg,,2.0
specialRequest,FOOD,SALAD,,AMORE VERDE,,David,,2.0
specialRequest,FOOD,SALAD,,AMORE VERDE,,Frito Uevos,,1.0
specialRequest,FOOD,SALAD,,AMORE VERDE,,No Cebolla Con 2 Huevos Arriba No Tan Cocidos,,1.0
specialRequest,FOOD,SALAD,,AMORE VERDE,,No Onion,,3.0
menuItem,FOOD,SALAD,,LA VITA SANA,,,SALAD,24.0
modifier,FOOD,SALAD,,LA VITA SANA,,MARINATED CHICKEN 100 gram,,2.0
modifier,FOOD,SALAD,,LA VITA SANA,,Stracciatella,,1.0
modifier,FOOD,SALAD,,LA VITA SANA,,MARINATED CHICKEN 100 gram,,1.0
modifier,FOOD,SALAD,,LA VITA SANA,,Grilled Chicken - 100g,,2.0
modifier,FOOD,SALAD,,LA VITA SANA,,MARINATED SALMON 100 gram,,1.0
modifier,FOOD,SALAD,,LA VITA SANA,,Grilled Vegetables,,2.0
modifier,FOOD,SALAD,,LA VITA SANA,,Boiled Egg,,3.0
modifier,FOOD,SALAD,,LA VITA SANA,,EXTRA AVOCADO,,2.0
specialRequest,FOOD,SALAD,,LA VITA SANA,,David,,3.0
specialRequest,FOOD,SALAD,,LA VITA SANA,,To Go,,1.0
menuItem,FOOD,SALAD,,MEDITERRANEA,,,SALAD,51.0
modifier,FOOD,SALAD,,MEDITERRANEA,,MARINATED CHICKEN 100 gram,,9.0
modifier,FOOD,SALAD,,MEDITERRANEA,,Mozzarella,,1.0
modifier,FOOD,SALAD,,MEDITERRANEA,,MARINATED SALMON 100 gram,,2.0
modifier,FOOD,SALAD,,MEDITERRANEA,,Boiled Egg,,1.0
modifier,FOOD,SALAD,,MEDITERRANEA,,MARINATED CHICKEN 100 gram,,4.0
modifier,FOOD,SALAD,,MEDITERRANEA,,Grilled Chicken - 100g,,2.0
modifier,FOOD,SALAD,,MEDITERRANEA,,MARINATED SALMON 100 gram,,2.0
modifier,FOOD,SALAD,,MEDITERRANEA,,Grilled Vegetables,,1.0
modifier,FOOD,SALAD,,MEDITERRANEA,,Bread,,1.0
modifier,FOOD,SALAD,,MEDITERRANEA,,Boiled Egg,,7.0
specialRequest,FOOD,SALAD,,MEDITERRANEA,,36,,1.0
specialRequest,FOOD,SALAD,,MEDITERRANEA,,No Egg Plant,,1.0
specialRequest,FOOD,SALAD,,MEDITERRANEA,,TO GO,,1.0
"",FOOD,PIZZA PALA,,,,,,230.0
menuItem,FOOD,PIZZA PALA,,SLICE HAM PALA,,,PIZZA PALA,1.0
menuItem,FOOD,PIZZA PALA,,SLICE MARGHERITA PALA,,,PIZZA PALA,91.0
menuItem,FOOD,PIZZA PALA,,SLICE PRIMAVERA PALA,,,PIZZA PALA,8.0
menuItem,FOOD,PIZZA PALA,,SLICE PROSCIUTTO PALA,,,PIZZA PALA,1.0
menuItem,FOOD,PIZZA PALA,,SLICE TRUFFLE PALA,,,PIZZA PALA,46.0
specialRequest,FOOD,PIZZA PALA,,SLICE TRUFFLE PALA,,Chiara,,1.0
specialRequest,FOOD,PIZZA PALA,,SLICE TRUFFLE PALA,,Ryan,,1.0
menuItem,FOOD,PIZZA PALA,,SLICE SPIANATA PALA,,,PIZZA PALA,60.0
menuItem,FOOD,PIZZA PALA,,SLICE ARUG/STRAC PALA,,,PIZZA PALA,23.0
menuItem,FOOD,PIZZA PALA,,FULL ARUG/STRAC PALA,,,PIZZA PALA,0.0
menuItem,FOOD,PIZZA PALA,,FULL MARGHERITA PALA,,,PIZZA PALA,0.0
"",FOOD,BACI,,,,,,58.0
menuItem,FOOD,BACI,,CAPRI CLUB,,,BREAKFAST,8.0
specialRequest,FOOD,BACI,,CAPRI CLUB,,Lukas,,2.0
menuItem,FOOD,BACI,,BACI SPICY CLUB,,,BREAKFAST,4.0
menuItem,FOOD,BACI,,SPICY CLUB,,,BREAKFAST,3.0
specialRequest,FOOD,BACI,,BACI SPICY CLUB,,No Hacer,,1.0
menuItem,FOOD,BACI,,COTTO CLUB,,,BREAKFAST,3.0
menuItem,FOOD,BACI,,MORTADELLA CLUB,,,BREAKFAST,9.0
menuItem,FOOD,BACI,,CESAR CLUB,,,BREAKFAST,4.0
specialRequest,FOOD,BACI,,CESAR CLUB,,David,,1.0
menuItem,FOOD,BACI,,PROSCIUTTO CLUB,,,BREAKFAST,7.0
menuItem,FOOD,BACI,,DELLA MAMMA,,,BREAKFAST,18.0
specialRequest,FOOD,BACI,,DELLA MAMMA,,Elena E Chiara,,2.0
specialRequest,FOOD,BACI,,DELLA MAMMA,,Gio Edo,,3.0
specialRequest,FOOD,BACI,,DELLA MAMMA,,Lucas,,1.0
menuItem,FOOD,BACI,,SWEET CLUB,,,BREAKFAST,2.0
"",FOOD,PANINI,,,,,,111.0
menuItem,FOOD,PANINI,,Focaccia Mortadella E Stracciatella,,,PANINI,20.0
specialRequest,FOOD,PANINI,,Focaccia Mortadella E Stracciatella,,Ryan,,1.0
menuItem,FOOD,PANINI,,Focaccia Caprese,,,PANINI,19.0
menuItem,FOOD,PANINI,,Focaccia Crudo,,,PANINI,15.0
menuItem,FOOD,PANINI,,Focaccia 1/2 Mortadella E Stracciatella,,,PANINI,1.0
menuItem,FOOD,PANINI,,Focaccia 1/2 Crudo,,,PANINI,0.0
menuItem,FOOD,PANINI,,"Panino Turkey & Egg ",,,PANINI,19.0
menuItem,FOOD,PANINI,,Panino Ham,,,PANINI,9.0
modifier,FOOD,PANINI,,Panino Ham,,Boiled Egg,,0.0
menuItem,FOOD,PANINI,,Panino Egg & Bacon,,,PANINI,19.0
menuItem,FOOD,PANINI,,Portafoglio Crudo,,,PANINI,3.0
menuItem,FOOD,PANINI,,Portafoglio Caprese,,,PANINI,5.0
modifier,FOOD,PANINI,,Portafoglio Caprese,,MARINATED CHICKEN 100 gram,,1.0
menuItem,FOOD,PANINI,,Portafoglio Ham,,,PANINI,1.0
"",FOOD,BAKERY,,,,,,262.0
menuItem,FOOD,BAKERY,,Plain Croissant,,,BAKERY,77.0
menuItem,FOOD,BAKERY,,Nutella Croissant,,,BAKERY,40.0
menuItem,FOOD,BAKERY,,Cream Croissant,,,BAKERY,18.0
menuItem,FOOD,BAKERY,,Pistacchio Croissant,,,BAKERY,24.0
menuItem,FOOD,BAKERY,,Apricot Croissant,,,BAKERY,6.0
menuItem,FOOD,BAKERY,,Raspberry Croissant,,,BAKERY,6.0
menuItem,FOOD,BAKERY,,Salty Croissant Ham & Cheese,,,BAKERY,20.0
menuItem,FOOD,BAKERY,,Salty Croissant Egg & Bacon,,,BAKERY,24.0
specialRequest,FOOD,BAKERY,,Salty Croissant Egg & Bacon,,No Bacon,,1.0
menuItem,FOOD,BAKERY,,Salty Croissant Croissant,,,BAKERY,1.0
menuItem,FOOD,BAKERY,,Bombolone Nutella,,,BAKERY,7.0
menuItem,FOOD,BAKERY,,Bombolone Crema,,,BAKERY,9.0
menuItem,FOOD,BAKERY,,Bombolone Pistacchio,,,BAKERY,5.0
menuItem,FOOD,BAKERY,,BISCOTTI,,,BAKERY,19.0
menuItem,FOOD,BAKERY,,Biscotti,,,BAKERY,2.0
menuItem,FOOD,BAKERY,,Amaretti Morbidi,,,BAKERY,1.0
menuItem,FOOD,BAKERY,,MINI CANNOLI PISTACCHIO,,,BAKERY,1.0
menuItem,FOOD,BAKERY,,ARAGOSTINE GIANDUJA,,,BAKERY,2.0
"",FOOD,DESSERT,,,,,,201.0
menuItem,FOOD,DESSERT,,TIRAMIS? COFFEE,,,DESSERT,61.0
specialRequest,FOOD,DESSERT,,TIRAMIS? COFFEE,,DE NUTELLA,,2.0
menuItem,FOOD,DESSERT,,TIRAMISU STRAWBERRY & PISTACCHIO,,,DESSERT,11.0
specialRequest,FOOD,DESSERT,,TIRAMISU STRAWBERRY & PISTACCHIO,,Pistacchio,,1.0
specialRequest,FOOD,DESSERT,,TIRAMISU STRAWBERRY & PISTACCHIO,,Pistavchio,,1.0
specialRequest,FOOD,DESSERT,,TIRAMISU STRAWBERRY & PISTACCHIO,,Solo Pistaquio,,1.0
menuItem,FOOD,DESSERT,,CANNOLO ARANCIA,,,DESSERT,17.0
menuItem,FOOD,DESSERT,,CANNOLO CHOCOLATE,,,DESSERT,53.0
menuItem,FOOD,DESSERT,,CANNOLO PISTACCHIO,,,DESSERT,20.0
menuItem,FOOD,DESSERT,,CROSTATA SEASONAL FRUIT,,,DESSERT,12.0
menuItem,FOOD,DESSERT,,FRUIT CUP,,,DESSERT,5.0
menuItem,FOOD,DESSERT,,TIRAMIS? PISTACCHIO,,,DESSERT,12.0
specialRequest,FOOD,DESSERT,,TIRAMIS? PISTACCHIO,,Edo,,1.0
menuItem,FOOD,DESSERT,,TIRAMIS? CARAMEL,,,DESSERT,6.0
menuItem,FOOD,DESSERT,,CREAM DE POT,,,DESSERT,4.0
"",FOOD,BISCOTTI,,,,,,67.0
menuItem,FOOD,BISCOTTI,,BOCCONCINI AMARETTO,,,BREAKFAST,2.0
menuItem,FOOD,BISCOTTI,,MINI CANNOLI GIANDUJA,,,BREAKFAST,7.0
menuItem,FOOD,BISCOTTI,,MINI CANNOLI LIMONE,,,BREAKFAST,24.0
menuItem,FOOD,BISCOTTI,,MINI CANNOLI PISTACCHIO,,,BREAKFAST,18.0
menuItem,FOOD,BISCOTTI,,ARAGOSTINE GIANDUJA,,,BREAKFAST,4.0
menuItem,FOOD,BISCOTTI,,ARAGOSTINE LIMONE,,,BREAKFAST,3.0
menuItem,FOOD,BISCOTTI,,ARAGOSTINE PISTACCHIO,,,BREAKFAST,1.0
menuItem,FOOD,BISCOTTI,,BISCOTTI,,,BREAKFAST,8.0
"",FOOD,GELATO,,,,,,62.0
menuItem,FOOD,GELATO,,CHOCOLATE GELATO,,,BREAKFAST,27.0
modifier,FOOD,GELATO,,CHOCOLATE GELATO,,Small,,18.0
sizedModifier,FOOD,GELATO,,CHOCOLATE GELATO,Small,Strawberry Syrup,,1.0
modifier,FOOD,GELATO,,CHOCOLATE GELATO,,Medium,,6.0
modifier,FOOD,GELATO,,CHOCOLATE GELATO,,Large,,3.0
menuItem,FOOD,GELATO,,STRAWBERRY GELATO,,,BREAKFAST,12.0
modifier,FOOD,GELATO,,STRAWBERRY GELATO,,Small,,7.0
modifier,FOOD,GELATO,,STRAWBERRY GELATO,,Medium,,5.0
menuItem,FOOD,GELATO,,VANILLA GELATO,,,BREAKFAST,19.0
modifier,FOOD,GELATO,,VANILLA GELATO,,Small,,16.0
modifier,FOOD,GELATO,,VANILLA GELATO,,Medium,,3.0
menuItem,FOOD,GELATO,,MATCHA GELATO,,,BREAKFAST,3.0
modifier,FOOD,GELATO,,MATCHA GELATO,,Small,,3.0
menuItem,FOOD,GELATO,,CROISSANT Gelato,,,BREAKFAST,1.0
"",FOOD,ADD-ONS,,,,,,102.0
menuItem,FOOD,ADD-ONS,,GRILLED VEGETABLES,,,BREAKFAST,2.0
menuItem,FOOD,ADD-ONS,,STRACCIATELLA,,,BREAKFAST,1.0
menuItem,FOOD,ADD-ONS,,BOILED EGG,,,BREAKFAST,65.0
menuItem,FOOD,ADD-ONS,,MARINATED CHICKEN,,,BREAKFAST,3.0
menuItem,FOOD,ADD-ONS,,MARINATED SALMON,,,BREAKFAST,5.0
specialRequest,FOOD,ADD-ONS,,MARINATED SALMON,,Elena,,1.0
specialRequest,FOOD,ADD-ONS,,MARINATED SALMON,,No Salmone But Prosciuto,,1.0
menuItem,FOOD,ADD-ONS,,AVOCADO,,,BREAKFAST,1.0
menuItem,FOOD,ADD-ONS,,BREAD,,,BREAKFAST,25.0
"",FOOD,GELATO,,,,,,33.0
menuItem,FOOD,GELATO,,SMALL Gelato,,,BREAKFAST,17.0
modifier,FOOD,GELATO,,SMALL Gelato,,Nutella,,1.0
menuItem,FOOD,GELATO,,REGULAR Gelato,,,BREAKFAST,9.0
modifier,FOOD,GELATO,,REGULAR Gelato,,Cone,,1.0
modifier,FOOD,GELATO,,REGULAR Gelato,,Choccolate Fudge,,1.0
specialRequest,FOOD,GELATO,,REGULAR Gelato,,Pistachio,,1.0
menuItem,FOOD,GELATO,,LARGE Gelato,,,BREAKFAST,5.0
menuItem,FOOD,GELATO,,AFFOGATO,,,BREAKFAST,2.0
"",BEVERAGE,,,,,,,6585.0
"",BEVERAGE,JUICE,,,,,,657.0
menuItem,BEVERAGE,JUICE,,ORANGE JUICE,,,JUICE,321.0
modifier,BEVERAGE,JUICE,,ORANGE JUICE,,16 OZ,,28.0
specialRequest,BEVERAGE,JUICE,,ORANGE JUICE,,Apple,,3.0
specialRequest,BEVERAGE,JUICE,,ORANGE JUICE,,Applw,,1.0
specialRequest,BEVERAGE,JUICE,,ORANGE JUICE,,Dont Do It,,1.0
specialRequest,BEVERAGE,JUICE,,ORANGE JUICE,,Lukas Friend,,1.0
menuItem,BEVERAGE,JUICE,,ACE,,,JUICE,46.0
modifier,BEVERAGE,JUICE,,ACE,,16 OZ,,3.0
specialRequest,BEVERAGE,JUICE,,ACE,,No Orange,,1.0
specialRequest,BEVERAGE,JUICE,,ACE,,"Pineapple, Carrot, Orange",,1.0
menuItem,BEVERAGE,JUICE,,DETOX,,,JUICE,104.0
modifier,BEVERAGE,JUICE,,DETOX,,16 OZ,,10.0
modifier,BEVERAGE,JUICE,,DETOX,,Add Fruit,,1.0
specialRequest,BEVERAGE,JUICE,,DETOX,,Add Kale,,1.0
specialRequest,BEVERAGE,JUICE,,DETOX,,Giuglielmo,,1.0
specialRequest,BEVERAGE,JUICE,,DETOX,,No Ice,,1.0
menuItem,BEVERAGE,JUICE,,KISS,,,JUICE,14.0
modifier,BEVERAGE,JUICE,,KISS,,16 OZ,,1.0
menuItem,BEVERAGE,JUICE,,PEACEFUL,,,JUICE,38.0
modifier,BEVERAGE,JUICE,,PEACEFUL,,16 OZ,,2.0
specialRequest,BEVERAGE,JUICE,,PEACEFUL,,No Apple Metti Orange,,1.0
menuItem,BEVERAGE,JUICE,,LOVE,,,JUICE,29.0
modifier,BEVERAGE,JUICE,,LOVE,,16 OZ,,1.0
modifier,BEVERAGE,JUICE,,LOVE,,Add Fruit,,3.0
specialRequest,BEVERAGE,JUICE,,LOVE,,Add Orange No Menta,,2.0
specialRequest,BEVERAGE,JUICE,,LOVE,,Bluberry Lemon,,1.0
specialRequest,BEVERAGE,JUICE,,LOVE,,No Mint,,1.0
menuItem,BEVERAGE,JUICE,,SUNSET,,,JUICE,56.0
modifier,BEVERAGE,JUICE,,SUNSET,,16 OZ,,5.0
modifier,BEVERAGE,JUICE,,SUNSET,,Add Fruit,,1.0
specialRequest,BEVERAGE,JUICE,,SUNSET,,Blueberry,,1.0
specialRequest,BEVERAGE,JUICE,,SUNSET,,No Banana No Almond,,1.0
specialRequest,BEVERAGE,JUICE,,SUNSET,,No Farlo,,1.0
specialRequest,BEVERAGE,JUICE,,SUNSET,,Only Strawberry And Ice Little Water Nothing Else,,1.0
specialRequest,BEVERAGE,JUICE,,SUNSET,,To Go,,1.0
menuItem,BEVERAGE,JUICE,,POWER PUNCH,,,JUICE,49.0
modifier,BEVERAGE,JUICE,,POWER PUNCH,,16 OZ,,11.0
specialRequest,BEVERAGE,JUICE,,POWER PUNCH,,Gio Son,,1.0
specialRequest,BEVERAGE,JUICE,,POWER PUNCH,,No Banana,,1.0
specialRequest,BEVERAGE,JUICE,,POWER PUNCH,,No Punet Butter,,1.0
specialRequest,BEVERAGE,JUICE,,POWER PUNCH,,To Go,,1.0
"",BEVERAGE,COFFEE,,,,,,1871.0
menuItem,BEVERAGE,COFFEE,,SINGLE ESPRESSO,,,COFFEE,464.0
modifier,BEVERAGE,COFFEE,,SINGLE ESPRESSO,,Decaf,,5.0
specialRequest,BEVERAGE,COFFEE,,SINGLE ESPRESSO,,Add Cold Milk,,1.0
specialRequest,BEVERAGE,COFFEE,,SINGLE ESPRESSO,,Dj,,2.0
specialRequest,BEVERAGE,COFFEE,,SINGLE ESPRESSO,,Lache Aparte,,1.0
specialRequest,BEVERAGE,COFFEE,,SINGLE ESPRESSO,,Long,,1.0
specialRequest,BEVERAGE,COFFEE,,SINGLE ESPRESSO,,Milk On Side,,1.0
specialRequest,BEVERAGE,COFFEE,,SINGLE ESPRESSO,,Table 5,,1.0
menuItem,BEVERAGE,COFFEE,,AMERICANO,,,COFFEE,237.0
modifier,BEVERAGE,COFFEE,,AMERICANO,,Almond Milk,,5.0
modifier,BEVERAGE,COFFEE,,AMERICANO,,Oat Milk,,1.0
modifier,BEVERAGE,COFFEE,,AMERICANO,,To Go Iced,,24.0
modifier,BEVERAGE,COFFEE,,AMERICANO,,Add Ice,,16.0
modifier,BEVERAGE,COFFEE,,AMERICANO,,16 OZ,,8.0
modifier,BEVERAGE,COFFEE,,AMERICANO,,Decaf,,2.0
specialRequest,BEVERAGE,COFFEE,,AMERICANO,,Add Milk,,1.0
specialRequest,BEVERAGE,COFFEE,,AMERICANO,,After,,1.0
specialRequest,BEVERAGE,COFFEE,,AMERICANO,,Almon Milk,,1.0
specialRequest,BEVERAGE,COFFEE,,AMERICANO,,Cold Milk On Side,,1.0
specialRequest,BEVERAGE,COFFEE,,AMERICANO,,Ice,,1.0
specialRequest,BEVERAGE,COFFEE,,AMERICANO,,Milk On Side,,3.0
specialRequest,BEVERAGE,COFFEE,,AMERICANO,,Milk On Sids,,1.0
specialRequest,BEVERAGE,COFFEE,,AMERICANO,,Vetro,,1.0
menuItem,BEVERAGE,COFFEE,,CAFFE LATTE,,,COFFEE,280.0
modifier,BEVERAGE,COFFEE,,CAFFE LATTE,,Almond Milk,,35.0
modifier,BEVERAGE,COFFEE,,CAFFE LATTE,,Oat Milk,,35.0
modifier,BEVERAGE,COFFEE,,CAFFE LATTE,,To Go Iced,,47.0
modifier,BEVERAGE,COFFEE,,CAFFE LATTE,,Add Ice,,26.0
modifier,BEVERAGE,COFFEE,,CAFFE LATTE,,Caramel Syrup,,5.0
modifier,BEVERAGE,COFFEE,,CAFFE LATTE,,Vanilla Syrup,,9.0
modifier,BEVERAGE,COFFEE,,CAFFE LATTE,,16 OZ,,5.0
modifier,BEVERAGE,COFFEE,,CAFFE LATTE,,To go Iced,,1.0
modifier,BEVERAGE,COFFEE,,CAFFE LATTE,,Decaf,,4.0
specialRequest,BEVERAGE,COFFEE,,CAFFE LATTE,,Decaf,,1.0
specialRequest,BEVERAGE,COFFEE,,CAFFE LATTE,,Dont Do It,,1.0
specialRequest,BEVERAGE,COFFEE,,CAFFE LATTE,,Double Espresso,,1.0
specialRequest,BEVERAGE,COFFEE,,CAFFE LATTE,,Frio,,1.0
specialRequest,BEVERAGE,COFFEE,,CAFFE LATTE,,Ice,,6.0
specialRequest,BEVERAGE,COFFEE,,CAFFE LATTE,,Iced,,4.0
specialRequest,BEVERAGE,COFFEE,,CAFFE LATTE,,More milk than coffee please,,1.0
specialRequest,BEVERAGE,COFFEE,,CAFFE LATTE,,Piu Caffe,,2.0
specialRequest,BEVERAGE,COFFEE,,CAFFE LATTE,,To Go,,2.0
specialRequest,BEVERAGE,COFFEE,,CAFFE LATTE,,To Go Cup,,1.0
specialRequest,BEVERAGE,COFFEE,,CAFFE LATTE,,Tomgo,,1.0
menuItem,BEVERAGE,COFFEE,,CAPPUCCINO,,,COFFEE,402.0
modifier,BEVERAGE,COFFEE,,CAPPUCCINO,,Almond Milk,,14.0
modifier,BEVERAGE,COFFEE,,CAPPUCCINO,,Oat Milk,,23.0
modifier,BEVERAGE,COFFEE,,CAPPUCCINO,,To Go Iced,,12.0
modifier,BEVERAGE,COFFEE,,CAPPUCCINO,,Add Ice,,5.0
modifier,BEVERAGE,COFFEE,,CAPPUCCINO,,Caramel Syrup,,1.0
modifier,BEVERAGE,COFFEE,,CAPPUCCINO,,Vanilla Syrup,,2.0
modifier,BEVERAGE,COFFEE,,CAPPUCCINO,,16 OZ,,4.0
modifier,BEVERAGE,COFFEE,,CAPPUCCINO,,Decaf,,6.0
specialRequest,BEVERAGE,COFFEE,,CAPPUCCINO,,Cacao,,1.0
specialRequest,BEVERAGE,COFFEE,,CAPPUCCINO,,DECAF,,1.0
specialRequest,BEVERAGE,COFFEE,,CAPPUCCINO,,Iced,,3.0
specialRequest,BEVERAGE,COFFEE,,CAPPUCCINO,,Iced Cappucino,,1.0
specialRequest,BEVERAGE,COFFEE,,CAPPUCCINO,,Vetro,,1.0
menuItem,BEVERAGE,COFFEE,,MACCHIATO,,,COFFEE,281.0
modifier,BEVERAGE,COFFEE,,MACCHIATO,,Almond Milk,,5.0
modifier,BEVERAGE,COFFEE,,MACCHIATO,,Oat Milk,,13.0
modifier,BEVERAGE,COFFEE,,MACCHIATO,,To Go Iced,,2.0
specialRequest,BEVERAGE,COFFEE,,MACCHIATO,,Poco Leche,,1.0
menuItem,BEVERAGE,COFFEE,,MATCHA LATTE,,,COFFEE,32.0
modifier,BEVERAGE,COFFEE,,MATCHA LATTE,,Almond Milk,,5.0
modifier,BEVERAGE,COFFEE,,MATCHA LATTE,,Oat Milk,,6.0
modifier,BEVERAGE,COFFEE,,MATCHA LATTE,,To Go Iced,,8.0
modifier,BEVERAGE,COFFEE,,MATCHA LATTE,,Add Ice,,1.0
modifier,BEVERAGE,COFFEE,,MATCHA LATTE,,Vanilla Syrup,,4.0
modifier,BEVERAGE,COFFEE,,MATCHA LATTE,,16 OZ,,3.0
specialRequest,BEVERAGE,COFFEE,,MATCHA LATTE,,Honey,,1.0
specialRequest,BEVERAGE,COFFEE,,MATCHA LATTE,,Hot,,1.0
specialRequest,BEVERAGE,COFFEE,,MATCHA LATTE,,Ice Blender,,1.0
specialRequest,BEVERAGE,COFFEE,,MATCHA LATTE,,Iced,,2.0
specialRequest,BEVERAGE,COFFEE,,MATCHA LATTE,,Lite Ice,,1.0
menuItem,BEVERAGE,COFFEE,,HOT TEA,,,COFFEE,29.0
specialRequest,BEVERAGE,COFFEE,,HOT TEA,,Black,,2.0
specialRequest,BEVERAGE,COFFEE,,HOT TEA,,Black Tea,,1.0
specialRequest,BEVERAGE,COFFEE,,HOT TEA,,Green,,1.0
specialRequest,BEVERAGE,COFFEE,,HOT TEA,,Iced,,1.0
specialRequest,BEVERAGE,COFFEE,,HOT TEA,,Lukas Friend,,1.0
menuItem,BEVERAGE,COFFEE,,DOUBLE CAFFE LATTE,,,COFFEE,6.0
modifier,BEVERAGE,COFFEE,,DOUBLE CAFFE LATTE,,Oat Milk,,1.0
modifier,BEVERAGE,COFFEE,,DOUBLE CAFFE LATTE,,Caramel Syrup,,1.0
specialRequest,BEVERAGE,COFFEE,,DOUBLE CAFFE LATTE,,Iced,,1.0
menuItem,BEVERAGE,COFFEE,,DOUBLE CAPPUCCINO,,,COFFEE,4.0
menuItem,BEVERAGE,COFFEE,,DOUBLE ESPRESSO,,,COFFEE,102.0
modifier,BEVERAGE,COFFEE,,DOUBLE ESPRESSO,,Almond Milk,,1.0
modifier,BEVERAGE,COFFEE,,DOUBLE ESPRESSO,,Oat Milk,,1.0
modifier,BEVERAGE,COFFEE,,DOUBLE ESPRESSO,,To Go Iced,,1.0
modifier,BEVERAGE,COFFEE,,DOUBLE ESPRESSO,,Caramel Syrup,,1.0
modifier,BEVERAGE,COFFEE,,DOUBLE ESPRESSO,,16 OZ,,1.0
menuItem,BEVERAGE,COFFEE,,DOUBLE MACCHIATO,,,COFFEE,18.0
modifier,BEVERAGE,COFFEE,,DOUBLE MACCHIATO,,Oat Milk,,1.0
menuItem,BEVERAGE,COFFEE,,HOT CHOCOLATE,,,COFFEE,8.0
menuItem,BEVERAGE,COFFEE,,MILK,,,COFFEE,2.0
menuItem,BEVERAGE,COFFEE,,Tostini Coffee bag,,,DRINK,6.0
"",BEVERAGE,DRINK,,,,,,2308.0
menuItem,BEVERAGE,DRINK,,MOLECOLA,,,DRINK,275.0
specialRequest,BEVERAGE,DRINK,,MOLECOLA,,Juan,,1.0
specialRequest,BEVERAGE,DRINK,,MOLECOLA,,Lime,,1.0
specialRequest,BEVERAGE,DRINK,,MOLECOLA,,Manuel,,1.0
specialRequest,BEVERAGE,DRINK,,MOLECOLA,,Vasso Con Ice Mucho Ice,,1.0
menuItem,BEVERAGE,DRINK,,MOLECOLA SUGAR FREE,,,DRINK,233.0
specialRequest,BEVERAGE,DRINK,,MOLECOLA SUGAR FREE,,With Ice,,1.0
menuItem,BEVERAGE,DRINK,,LIMONATA,,,DRINK,194.0
specialRequest,BEVERAGE,DRINK,,LIMONATA,,Crodrino,,2.0
specialRequest,BEVERAGE,DRINK,,LIMONATA,,No Limonata Tonic Water,,1.0
menuItem,BEVERAGE,DRINK,,ARANCIATA,,,DRINK,54.0
menuItem,BEVERAGE,DRINK,,ARANCIATA ROSSA,,,DRINK,56.0
menuItem,BEVERAGE,DRINK,,THE LIMONE,,,DRINK,33.0
menuItem,BEVERAGE,DRINK,,THE PESCA,,,DRINK,2.0
menuItem,BEVERAGE,DRINK,,spirit,,,DRINK,126.0
specialRequest,BEVERAGE,DRINK,,spirit,,Apple Martini,,2.0
specialRequest,BEVERAGE,DRINK,,spirit,,Black Label Ice On Side,,0.0
specialRequest,BEVERAGE,DRINK,,spirit,,Black Labwl Ice On Side,,0.0
specialRequest,BEVERAGE,DRINK,,spirit,,Casaamigos Shot,,1.0
specialRequest,BEVERAGE,DRINK,,spirit,,Dirty Martini,,0.0
specialRequest,BEVERAGE,DRINK,,spirit,,Lemon,,1.0
specialRequest,BEVERAGE,DRINK,,spirit,,Vodka And Coca No Ice,,1.0
specialRequest,BEVERAGE,DRINK,,spirit,,Vodka Lime,,1.0
menuItem,BEVERAGE,DRINK,,Premium Liquor,,,DRINK,10.0
specialRequest,BEVERAGE,DRINK,,Premium Liquor,,Black Labol,,2.0
menuItem,BEVERAGE,DRINK,,STILL WATER SMALL,,,DRINK,588.0
specialRequest,BEVERAGE,DRINK,,STILL WATER SMALL,,Cup With Ice And Lemon,,2.0
specialRequest,BEVERAGE,DRINK,,STILL WATER SMALL,,Dj,,2.0
specialRequest,BEVERAGE,DRINK,,STILL WATER SMALL,,Lime,,1.0
specialRequest,BEVERAGE,DRINK,,STILL WATER SMALL,,Lime Juice Outside,,1.0
menuItem,BEVERAGE,DRINK,,SPARKLING WATER SMALL,,,DRINK,313.0
specialRequest,BEVERAGE,DRINK,,SPARKLING WATER SMALL,,Cup Ice,,1.0
specialRequest,BEVERAGE,DRINK,,SPARKLING WATER SMALL,,Cup With Ice,,1.0
specialRequest,BEVERAGE,DRINK,,SPARKLING WATER SMALL,,Lemon,,1.0
specialRequest,BEVERAGE,DRINK,,SPARKLING WATER SMALL,,Lemon Shot,,2.0
specialRequest,BEVERAGE,DRINK,,SPARKLING WATER SMALL,,Lime,,4.0
specialRequest,BEVERAGE,DRINK,,SPARKLING WATER SMALL,,Lime Juice,,1.0
specialRequest,BEVERAGE,DRINK,,SPARKLING WATER SMALL,,Small Cup Lemon Juice,,1.0
specialRequest,BEVERAGE,DRINK,,SPARKLING WATER SMALL,,With Lemon,,1.0
menuItem,BEVERAGE,DRINK,,SPARKLING WATER BIG,,,DRINK,50.0
specialRequest,BEVERAGE,DRINK,,SPARKLING WATER BIG,,Lemon On The Side,,1.0
specialRequest,BEVERAGE,DRINK,,SPARKLING WATER BIG,,Lime,,1.0
menuItem,BEVERAGE,DRINK,,STILL WATER BIG,,,DRINK,49.0
specialRequest,BEVERAGE,DRINK,,STILL WATER BIG,,5 Vaso,,1.0
specialRequest,BEVERAGE,DRINK,,STILL WATER BIG,,Edo,,2.0
menuItem,BEVERAGE,DRINK,,TAP WATER,,,DRINK,325.0
specialRequest,BEVERAGE,DRINK,,TAP WATER,,Lemon,,1.0
specialRequest,BEVERAGE,DRINK,,TAP WATER,,Lime,,5.0
specialRequest,BEVERAGE,DRINK,,TAP WATER,,No Ice,,1.0
specialRequest,BEVERAGE,DRINK,,TAP WATER,,Plastic For Dog,,1.0
"",BEVERAGE,Wine,,,,,,257.0
"",BEVERAGE,Wine,Wines by the Glass,,,,,237.0
menuItem,BEVERAGE,Wine,Wines by the Glass,GLS PROSECCO Valdo,,,WINE,27.0
menuItem,BEVERAGE,Wine,Wines by the Glass,GLS PROSECCO Superior Valdo,,,WINE,3.0
menuItem,BEVERAGE,Wine,Wines by the Glass,GLS PROSECCO ROSE La Gioiosa,,,WINE,3.0
menuItem,BEVERAGE,Wine,Wines by the Glass,GLS MOSCATO Pico Maccario,,,WINE,10.0
specialRequest,BEVERAGE,Wine,Wines by the Glass,GLS MOSCATO Pico Maccario,,Manuel.,,1.0
menuItem,BEVERAGE,Wine,Wines by the Glass,GLS PINOT GRIGIO Bennati,,,WINE,23.0
menuItem,BEVERAGE,Wine,Wines by the Glass,GLS PINOT GRIGIO Canaletto,,,WINE,14.0
menuItem,BEVERAGE,Wine,Wines by the Glass,GLS CHARDONNAY La Vis,,,WINE,19.0
menuItem,BEVERAGE,Wine,Wines by the Glass,GLS SAUVIGNON BLANC St Pauls,,,WINE,22.0
menuItem,BEVERAGE,Wine,Wines by the Glass,GLS GAVI DI GAVI Villa Sparina,,,WINE,10.0
menuItem,BEVERAGE,Wine,Wines by the Glass,GLS ROSE San Marzano,,,WINE,24.0
specialRequest,BEVERAGE,Wine,Wines by the Glass,GLS ROSE San Marzano,,Ice,,1.0
specialRequest,BEVERAGE,Wine,Wines by the Glass,GLS ROSE San Marzano,,Vaso Ice,,2.0
menuItem,BEVERAGE,Wine,Wines by the Glass,GLS CABERNET SAUVIGNON La Vis,,,WINE,12.0
menuItem,BEVERAGE,Wine,Wines by the Glass,GLS PINOT NOIR La Vis,,,WINE,23.0
menuItem,BEVERAGE,Wine,Wines by the Glass,GLS CHIANTI Cafaggio,,,WINE,11.0
menuItem,BEVERAGE,Wine,Wines by the Glass,GLS BARBERA del Monferrato,,,WINE,2.0
menuItem,BEVERAGE,Wine,Wines by the Glass,GLS NEBBIOLO Mirafiore,,,WINE,2.0
menuItem,BEVERAGE,Wine,Wines by the Glass,$6 Promo Wine,,,WINE,10.0
specialRequest,BEVERAGE,Wine,Wines by the Glass,$6 Promo Wine,,Chardonay,,1.0
specialRequest,BEVERAGE,Wine,Wines by the Glass,$6 Promo Wine,,Gavi Di Gavi,,3.0
menuItem,BEVERAGE,Wine,Wines by the Glass,$5 HH Wine,,,WINE,22.0
specialRequest,BEVERAGE,Wine,Wines by the Glass,$5 HH Wine,,Any Red,,2.0
specialRequest,BEVERAGE,Wine,Wines by the Glass,$5 HH Wine,,Pinot Grggio Canaletto,,2.0
specialRequest,BEVERAGE,Wine,Wines by the Glass,$5 HH Wine,,Prosseco,,3.0
specialRequest,BEVERAGE,Wine,Wines by the Glass,$5 HH Wine,,Prosseco Valdo Glass,,1.0
"",BEVERAGE,Wine,Wines by the Bottle,,,,,20.0
menuItem,BEVERAGE,Wine,Wines by the Bottle,BTL PROSECCO Valdo,,,WINE,3.0
specialRequest,BEVERAGE,Wine,Wines by the Bottle,BTL PROSECCO Valdo,,Manuel,,1.0
menuItem,BEVERAGE,Wine,Wines by the Bottle,BTL PROSECCO Superior Valdo,,,WINE,0.0
menuItem,BEVERAGE,Wine,Wines by the Bottle,BTL PINOT GRIGIO Bennati,,,WINE,4.0
menuItem,BEVERAGE,Wine,Wines by the Bottle,BTL PINOT GRIGIO Canaletto,,,WINE,2.0
specialRequest,BEVERAGE,Wine,Wines by the Bottle,BTL PINOT GRIGIO Canaletto,,Manuel,,1.0
menuItem,BEVERAGE,Wine,Wines by the Bottle,BTL CHARDONNAY La Vis,,,WINE,1.0
menuItem,BEVERAGE,Wine,Wines by the Bottle,BTL GAVI DI GAVI Villa Sparina,,,WINE,2.0
menuItem,BEVERAGE,Wine,Wines by the Bottle,BTL ROSE San Marzano,,,WINE,4.0
menuItem,BEVERAGE,Wine,Wines by the Bottle,BTL CABERNET SAUVIGNON La Vis,,,WINE,1.0
menuItem,BEVERAGE,Wine,Wines by the Bottle,BTL PINOT NOIR La Vis,,,WINE,3.0
"",BEVERAGE,Beer,,,,,,871.0
menuItem,BEVERAGE,Beer,,$5 HH Beer,,,BEER,89.0
specialRequest,BEVERAGE,Beer,,$5 HH Beer,,2 Peroni,,2.0
specialRequest,BEVERAGE,Beer,,$5 HH Beer,,Corona,,12.0
specialRequest,BEVERAGE,Beer,,$5 HH Beer,,Corona Salt And Lemon,,1.0
specialRequest,BEVERAGE,Beer,,$5 HH Beer,,Corona Salt and Lemon,,1.0
specialRequest,BEVERAGE,Beer,,$5 HH Beer,,Ipa,,4.0
specialRequest,BEVERAGE,Beer,,$5 HH Beer,,Lager,,1.0
specialRequest,BEVERAGE,Beer,,$5 HH Beer,,Lagunita,,1.0
specialRequest,BEVERAGE,Beer,,$5 HH Beer,,Lagunitas,,4.0
specialRequest,BEVERAGE,Beer,,$5 HH Beer,,Peromi,,1.0
specialRequest,BEVERAGE,Beer,,$5 HH Beer,,Peroni,,8.0
specialRequest,BEVERAGE,Beer,,$5 HH Beer,,Yungling,,2.0
menuItem,BEVERAGE,Beer,,Beer Bucket,,,BEER,16.0
menuItem,BEVERAGE,Beer,,DFT Peroni,,,BEER,3.0
menuItem,BEVERAGE,Beer,,DFT Corona,,,BEER,305.0
specialRequest,BEVERAGE,Beer,,DFT Corona,,Add Lemom Slice On Side,,1.0
specialRequest,BEVERAGE,Beer,,DFT Corona,,Add Lemon,,2.0
specialRequest,BEVERAGE,Beer,,DFT Corona,,Con Jugo De Limon,,1.0
specialRequest,BEVERAGE,Beer,,DFT Corona,,Lemon,,1.0
specialRequest,BEVERAGE,Beer,,DFT Corona,,Lime,,2.0
specialRequest,BEVERAGE,Beer,,DFT Corona,,Rodaja De Limon,,2.0
menuItem,BEVERAGE,Beer,,DFT Lagunitas IPA,,,BEER,127.0
menuItem,BEVERAGE,Beer,,DFT Yuengling Lager,,,BEER,85.0
specialRequest,BEVERAGE,Beer,,DFT Yuengling Lager,,Mani E Slice.marhe,,1.0
specialRequest,BEVERAGE,Beer,,DFT Yuengling Lager,,No Hacrela,,1.0
menuItem,BEVERAGE,Beer,,Peroni,,,BEER,246.0
modifier,BEVERAGE,Beer,,Peroni,,Edo,,0.0
specialRequest,BEVERAGE,Beer,,Peroni,,Edo,,1.0
specialRequest,BEVERAGE,Beer,,Peroni,,Lime,,0.0
specialRequest,BEVERAGE,Beer,,Peroni,,No Hacerla,,1.0
"",BEVERAGE,Drinks - Cocktail,,,,,,608.0
menuItem,BEVERAGE,Drinks - Cocktail,,$5 Promo Spritz,,,DRINKS-COCKTAILS,64.0
specialRequest,BEVERAGE,Drinks - Cocktail,,$5 Promo Spritz,,Aperol,,3.0
specialRequest,BEVERAGE,Drinks - Cocktail,,$5 Promo Spritz,,Aperol And No Soda,,0.0
specialRequest,BEVERAGE,Drinks - Cocktail,,$5 Promo Spritz,,No Soda,,4.0
menuItem,BEVERAGE,Drinks - Cocktail,,$7 Promo Cocktail,,,DRINKS-COCKTAILS,59.0
specialRequest,BEVERAGE,Drinks - Cocktail,,$7 Promo Cocktail,,Aperol,,1.0
specialRequest,BEVERAGE,Drinks - Cocktail,,$7 Promo Cocktail,,Bennati,,1.0
specialRequest,BEVERAGE,Drinks - Cocktail,,$7 Promo Cocktail,,Cabernet,,1.0
specialRequest,BEVERAGE,Drinks - Cocktail,,$7 Promo Cocktail,,Canaletto,,8.0
specialRequest,BEVERAGE,Drinks - Cocktail,,$7 Promo Cocktail,,Chardonnay,,2.0
specialRequest,BEVERAGE,Drinks - Cocktail,,$7 Promo Cocktail,,Chianti,,1.0
specialRequest,BEVERAGE,Drinks - Cocktail,,$7 Promo Cocktail,,Pinot Noir,,2.0
specialRequest,BEVERAGE,Drinks - Cocktail,,$7 Promo Cocktail,,Prosecco,,1.0
specialRequest,BEVERAGE,Drinks - Cocktail,,$7 Promo Cocktail,,Sauvgnon,,3.0
specialRequest,BEVERAGE,Drinks - Cocktail,,$7 Promo Cocktail,,Valdo,,1.0
menuItem,BEVERAGE,Drinks - Cocktail,,$10 HH Cocktail,,,DRINKS-COCKTAILS,74.0
specialRequest,BEVERAGE,Drinks - Cocktail,,$10 HH Cocktail,,3 Aperol,,3.0
specialRequest,BEVERAGE,Drinks - Cocktail,,$10 HH Cocktail,,Apeeol,,3.0
specialRequest,BEVERAGE,Drinks - Cocktail,,$10 HH Cocktail,,Aperol,,12.0
specialRequest,BEVERAGE,Drinks - Cocktail,,$10 HH Cocktail,,Apwrol,,0.0
specialRequest,BEVERAGE,Drinks - Cocktail,,$10 HH Cocktail,,Campari,,3.0
specialRequest,BEVERAGE,Drinks - Cocktail,,$10 HH Cocktail,,Con Aseitunas,,0.0
specialRequest,BEVERAGE,Drinks - Cocktail,,$10 HH Cocktail,,Dirty Marti,,0.0
specialRequest,BEVERAGE,Drinks - Cocktail,,$10 HH Cocktail,,Espera,,1.0
specialRequest,BEVERAGE,Drinks - Cocktail,,$10 HH Cocktail,,Hugo,,5.0
specialRequest,BEVERAGE,Drinks - Cocktail,,$10 HH Cocktail,,Hygo,,1.0
menuItem,BEVERAGE,Drinks - Cocktail,,Aperol Spritz,,,DRINKS-COCKTAILS,217.0
specialRequest,BEVERAGE,Drinks - Cocktail,,Aperol Spritz,,Dont Do It,,1.0
specialRequest,BEVERAGE,Drinks - Cocktail,,Aperol Spritz,,Manuel,,3.0
specialRequest,BEVERAGE,Drinks - Cocktail,,Aperol Spritz,,No.hacerlo,,2.0
specialRequest,BEVERAGE,Drinks - Cocktail,,Aperol Spritz,,No.mucho Ice,,1.0
menuItem,BEVERAGE,Drinks - Cocktail,,Campari Spritz,,,DRINKS-COCKTAILS,25.0
specialRequest,BEVERAGE,Drinks - Cocktail,,Campari Spritz,,Solo Campari,,1.0
menuItem,BEVERAGE,Drinks - Cocktail,,Amalfi Spritz,,,DRINKS-COCKTAILS,33.0
menuItem,BEVERAGE,Drinks - Cocktail,,Hugo Spritz,,,DRINKS-COCKTAILS,33.0
specialRequest,BEVERAGE,Drinks - Cocktail,,Hugo Spritz,,Influncer,,1.0
menuItem,BEVERAGE,Drinks - Cocktail,,IT Spritz,,,DRINKS-COCKTAILS,5.0
menuItem,BEVERAGE,Drinks - Cocktail,,Margarita,,,DRINKS-COCKTAILS,11.0
specialRequest,BEVERAGE,Drinks - Cocktail,,Margarita,,A La Roca,,0.0
specialRequest,BEVERAGE,Drinks - Cocktail,,Margarita,,Palma,,1.0
specialRequest,BEVERAGE,Drinks - Cocktail,,Margarita,,Spicy,,2.0
menuItem,BEVERAGE,Drinks - Cocktail,,Spicy Margarita,,,DRINKS-COCKTAILS,5.0
menuItem,BEVERAGE,Drinks - Cocktail,,Mojito,,,DRINKS-COCKTAILS,9.0
specialRequest,BEVERAGE,Drinks - Cocktail,,Mojito,,Moscow Mull,,1.0
specialRequest,BEVERAGE,Drinks - Cocktail,,Mojito,,No Alcool,,1.0
specialRequest,BEVERAGE,Drinks - Cocktail,,Mojito,,Virgin,,1.0
menuItem,BEVERAGE,Drinks - Cocktail,,Negroni,,,DRINKS-COCKTAILS,16.0
specialRequest,BEVERAGE,Drinks - Cocktail,,Negroni,,Bolevardier,,2.0
specialRequest,BEVERAGE,Drinks - Cocktail,,Negroni,,Old Fashion,,1.0
menuItem,BEVERAGE,Drinks - Cocktail,,Gin Tonic,,,DRINKS-COCKTAILS,18.0
specialRequest,BEVERAGE,Drinks - Cocktail,,Gin Tonic,,2/lemos,,1.0
specialRequest,BEVERAGE,Drinks - Cocktail,,Gin Tonic,,Soda,,1.0
menuItem,BEVERAGE,Drinks - Cocktail,,Mimosa,,,DRINKS-COCKTAILS,14.0
menuItem,BEVERAGE,Drinks - Cocktail,,Bellini,,,DRINKS-COCKTAILS,5.0
menuItem,BEVERAGE,Drinks - Cocktail,,Pina Colada,,,DRINKS-COCKTAILS,1.0
specialRequest,BEVERAGE,Drinks - Cocktail,,Pina Colada,,No Alcol,,0.0
specialRequest,BEVERAGE,Drinks - Cocktail,,Pina Colada,,Sin Alcohol,,1.0
menuItem,BEVERAGE,Drinks - Cocktail,,Espresso Martini,,,DRINKS-COCKTAILS,19.0
specialRequest,BEVERAGE,Drinks - Cocktail,,Espresso Martini,,Vodka,,2.0
"",BEVERAGE,Specials,,,,,,13.0
menuItem,BEVERAGE,Specials,,Bobby?s Sober,,,DRINK,8.0
menuItem,BEVERAGE,Specials,,Bobby?s Liquor,,,DRINKS-COCKTAILS,5.0
"",BREAKFAST,,,,,,,266.0
"",BREAKFAST,BREAKFAST,,,,,,266.0
menuItem,BREAKFAST,BREAKFAST,,EGGS & BACON,,,BREAKFAST,113.0
modifier,BREAKFAST,BREAKFAST,,EGGS & BACON,,MARINATED CHICKEN 100 gram,,1.0
modifier,BREAKFAST,BREAKFAST,,EGGS & BACON,,Mozzarella,,2.0
modifier,BREAKFAST,BREAKFAST,,EGGS & BACON,,Bacon,,3.0
modifier,BREAKFAST,BREAKFAST,,EGGS & BACON,,EXTRA AVOCADO,,6.0
modifier,BREAKFAST,BREAKFAST,,EGGS & BACON,,Fried Eggs,,39.0
modifier,BREAKFAST,BREAKFAST,,EGGS & BACON,,Scrambled Eggs,,59.0
modifier,BREAKFAST,BREAKFAST,,EGGS & BACON,,Boiled Egg,,8.0
specialRequest,BREAKFAST,BREAKFAST,,EGGS & BACON,,4 Uovo Total,,1.0
specialRequest,BREAKFAST,BREAKFAST,,EGGS & BACON,,Agregar 2 Huevos,,1.0
specialRequest,BREAKFAST,BREAKFAST,,EGGS & BACON,,Bacon Bien Fritto,,1.0
specialRequest,BREAKFAST,BREAKFAST,,EGGS & BACON,,Bien Cocido,,1.0
specialRequest,BREAKFAST,BREAKFAST,,EGGS & BACON,,Bien Cucito,,1.0
specialRequest,BREAKFAST,BREAKFAST,,EGGS & BACON,,Bien Duro,,1.0
specialRequest,BREAKFAST,BREAKFAST,,EGGS & BACON,,Crispy Bacon,,1.0
specialRequest,BREAKFAST,BREAKFAST,,EGGS & BACON,,David,,3.0
specialRequest,BREAKFAST,BREAKFAST,,EGGS & BACON,,Dsvid,,2.0
specialRequest,BREAKFAST,BREAKFAST,,EGGS & BACON,,Edo,,3.0
specialRequest,BREAKFAST,BREAKFAST,,EGGS & BACON,,Extra Egg,,1.0
specialRequest,BREAKFAST,BREAKFAST,,EGGS & BACON,,Extra Scrambled Eggs,,1.0
specialRequest,BREAKFAST,BREAKFAST,,EGGS & BACON,,Fried Easy,,1.0
specialRequest,BREAKFAST,BREAKFAST,,EGGS & BACON,,Huevos No Tan Cocido,,1.0
specialRequest,BREAKFAST,BREAKFAST,,EGGS & BACON,,Lukas,,1.0
specialRequest,BREAKFAST,BREAKFAST,,EGGS & BACON,,No Bacon,,8.0
specialRequest,BREAKFAST,BREAKFAST,,EGGS & BACON,,No Bacon But Avocado,,1.0
specialRequest,BREAKFAST,BREAKFAST,,EGGS & BACON,,No Bacon But Avocado And Mantekilia,,1.0
specialRequest,BREAKFAST,BREAKFAST,,EGGS & BACON,,No Bacon But Turkey,,2.0
specialRequest,BREAKFAST,BREAKFAST,,EGGS & BACON,,"No Bacon, Con Mortadela",,1.0
specialRequest,BREAKFAST,BREAKFAST,,EGGS & BACON,,No Bread,,2.0
specialRequest,BREAKFAST,BREAKFAST,,EGGS & BACON,,No Greens,,2.0
specialRequest,BREAKFAST,BREAKFAST,,EGGS & BACON,,No Pan,,1.0
specialRequest,BREAKFAST,BREAKFAST,,EGGS & BACON,,No Tan Cocido,,1.0
specialRequest,BREAKFAST,BREAKFAST,,EGGS & BACON,,No Tan Cocidos,,3.0
specialRequest,BREAKFAST,BREAKFAST,,EGGS & BACON,,"No.bancon, No Pan",,1.0
specialRequest,BREAKFAST,BREAKFAST,,EGGS & BACON,,On The Side,,1.0
specialRequest,BREAKFAST,BREAKFAST,,EGGS & BACON,,On The Side Avocado,,1.0
specialRequest,BREAKFAST,BREAKFAST,,EGGS & BACON,,Over Easy,,4.0
specialRequest,BREAKFAST,BREAKFAST,,EGGS & BACON,,Sin Pan,,1.0
specialRequest,BREAKFAST,BREAKFAST,,EGGS & BACON,,TO GO,,5.0
specialRequest,BREAKFAST,BREAKFAST,,EGGS & BACON,,To Go,,3.0
specialRequest,BREAKFAST,BREAKFAST,,EGGS & BACON,,To Go (Apple Line),,4.0
specialRequest,BREAKFAST,BREAKFAST,,EGGS & BACON,,Turkey,,1.0
specialRequest,BREAKFAST,BREAKFAST,,EGGS & BACON,,Turkey No Bacon,,1.0
specialRequest,BREAKFAST,BREAKFAST,,EGGS & BACON,,Uovo Fritto,,1.0
specialRequest,BREAKFAST,BREAKFAST,,EGGS & BACON,,W36,,1.0
specialRequest,BREAKFAST,BREAKFAST,,EGGS & BACON,,Well Dond Bacon,,2.0
menuItem,BREAKFAST,BREAKFAST,,PARFAIT BERRIES & GRANOLA,,,BREAKFAST,13.0
specialRequest,BREAKFAST,BREAKFAST,,PARFAIT BERRIES & GRANOLA,,Dont I,,1.0
menuItem,BREAKFAST,BREAKFAST,,TRUFFLE SCRAMBLE EGGS,,,BREAKFAST,11.0
modifier,BREAKFAST,BREAKFAST,,TRUFFLE SCRAMBLE EGGS,,Boiled Egg,,2.0
specialRequest,BREAKFAST,BREAKFAST,,TRUFFLE SCRAMBLE EGGS,,Add Scrambeld,,1.0
specialRequest,BREAKFAST,BREAKFAST,,TRUFFLE SCRAMBLE EGGS,,No Bacon More Greens,,1.0
menuItem,BREAKFAST,BREAKFAST,,AVOCADO TOAST,,,BREAKFAST,28.0
modifier,BREAKFAST,BREAKFAST,,AVOCADO TOAST,,MARINATED SALMON 100 gram,,1.0
modifier,BREAKFAST,BREAKFAST,,AVOCADO TOAST,,Smoked Salmon,,7.0
modifier,BREAKFAST,BREAKFAST,,AVOCADO TOAST,,Bacon,,2.0
modifier,BREAKFAST,BREAKFAST,,AVOCADO TOAST,,Boiled Egg,,12.0
specialRequest,BREAKFAST,BREAKFAST,,AVOCADO TOAST,,Con Huevo Frito,,1.0
specialRequest,BREAKFAST,BREAKFAST,,AVOCADO TOAST,,Edoardo Egg,,1.0
specialRequest,BREAKFAST,BREAKFAST,,AVOCADO TOAST,,Eggs Scrambled,,1.0
specialRequest,BREAKFAST,BREAKFAST,,AVOCADO TOAST,,Elena,,2.0
specialRequest,BREAKFAST,BREAKFAST,,AVOCADO TOAST,,Fritto,,2.0
specialRequest,BREAKFAST,BREAKFAST,,AVOCADO TOAST,,Fritto Chiara,,1.0
specialRequest,BREAKFAST,BREAKFAST,,AVOCADO TOAST,,No Avocado,,1.0
specialRequest,BREAKFAST,BREAKFAST,,AVOCADO TOAST,,Over Easy Egg,,1.0
specialRequest,BREAKFAST,BREAKFAST,,AVOCADO TOAST,,Uovo Fritto,,1.0
menuItem,BREAKFAST,BREAKFAST,,FRESCO COMBO,,,BREAKFAST,6.0
modifier,BREAKFAST,BREAKFAST,,FRESCO COMBO,,Smoked Salmon,,1.0
modifier,BREAKFAST,BREAKFAST,,FRESCO COMBO,,Boiled Egg,,2.0
specialRequest,BREAKFAST,BREAKFAST,,FRESCO COMBO,,Boiled egga,,1.0
specialRequest,BREAKFAST,BREAKFAST,,FRESCO COMBO,,Fritto,,1.0
specialRequest,BREAKFAST,BREAKFAST,,FRESCO COMBO,,No Red Cabeg,,1.0
menuItem,BREAKFAST,BREAKFAST,,HEY MAMBO COMBO,,,BREAKFAST,52.0
modifier,BREAKFAST,BREAKFAST,,HEY MAMBO COMBO,,Espresso,COFFEE,16.0
modifier,BREAKFAST,BREAKFAST,,HEY MAMBO COMBO,,Americano Coffee,COFFEE,12.0
modifier,BREAKFAST,BREAKFAST,,HEY MAMBO COMBO,,Capuccino,COFFEE,20.0
modifier,BREAKFAST,BREAKFAST,,HEY MAMBO COMBO,,Coffee Latte,COFFEE,4.0
modifier,BREAKFAST,BREAKFAST,,HEY MAMBO COMBO,,Croissant,,15.0
modifier,BREAKFAST,BREAKFAST,,HEY MAMBO COMBO,,Nutella Croissant,,8.0
modifier,BREAKFAST,BREAKFAST,,HEY MAMBO COMBO,,Cream Croissant,,3.0
modifier,BREAKFAST,BREAKFAST,,HEY MAMBO COMBO,,Pistacchio Croissant,,14.0
modifier,BREAKFAST,BREAKFAST,,HEY MAMBO COMBO,,Raspberry Croissant,,8.0
modifier,BREAKFAST,BREAKFAST,,HEY MAMBO COMBO,,Almond Milk,,0.0
modifier,BREAKFAST,BREAKFAST,,HEY MAMBO COMBO,,Apricot Jam Croissant,,4.0
menuItem,BREAKFAST,BREAKFAST,,SOLE SOLE COMBO,,,BREAKFAST,34.0
modifier,BREAKFAST,BREAKFAST,,SOLE SOLE COMBO,,Fried Eggs,,14.0
modifier,BREAKFAST,BREAKFAST,,SOLE SOLE COMBO,,Scrambled Eggs,,6.0
specialRequest,BREAKFAST,BREAKFAST,,SOLE SOLE COMBO,,Bien Cocidos,,1.0
specialRequest,BREAKFAST,BREAKFAST,,SOLE SOLE COMBO,,No Bacon,,1.0
specialRequest,BREAKFAST,BREAKFAST,,SOLE SOLE COMBO,,No Bacon But Turkey,,1.0
specialRequest,BREAKFAST,BREAKFAST,,SOLE SOLE COMBO,,No Red Cabge,,1.0
specialRequest,BREAKFAST,BREAKFAST,,SOLE SOLE COMBO,,No Tan Cocido,,1.0
specialRequest,BREAKFAST,BREAKFAST,,SOLE SOLE COMBO,,Notan Cocido,,1.0
specialRequest,BREAKFAST,BREAKFAST,,SOLE SOLE COMBO,,To Go,,1.0
menuItem,BREAKFAST,BREAKFAST,,FRUIT CUP,,,BREAKFAST,9.0
"",APPETIZER,,,,,,,78.0
"",APPETIZER,APPETIZER,,,,,,78.0
menuItem,APPETIZER,APPETIZER,,IT BRUSCHETTA,,,,24.0
menuItem,APPETIZER,APPETIZER,,IT BRUSCHETTA,,,APPETIZER,11.0
modifier,APPETIZER,APPETIZER,,IT BRUSCHETTA,,EXTRA AVOCADO,,1.0
modifier,APPETIZER,APPETIZER,,IT BRUSCHETTA,,Prosciutto,,0.0
modifier,APPETIZER,APPETIZER,,IT BRUSCHETTA,,Vegan Mozzarella,,1.0
modifier,APPETIZER,APPETIZER,,IT BRUSCHETTA,,Stracciatella,,1.0
menuItem,APPETIZER,APPETIZER,,STRACCIATELLA AND FOCACCIA,,,,14.0
menuItem,APPETIZER,APPETIZER,,STRACCIATELLA AND FOCACCIA,,,APPETIZER,13.0
modifier,APPETIZER,APPETIZER,,STRACCIATELLA AND FOCACCIA,,Smoked Salmon,,1.0
modifier,APPETIZER,APPETIZER,,STRACCIATELLA AND FOCACCIA,,Prosciutto,,1.0
specialRequest,APPETIZER,APPETIZER,,STRACCIATELLA AND FOCACCIA,,To Go,,1.0
menuItem,APPETIZER,APPETIZER,,ANTIPASTO DELLA CASA,,,,2.0
menuItem,APPETIZER,APPETIZER,,ANTIPASTO DELLA CASA,,,APPETIZER,3.0
specialRequest,APPETIZER,APPETIZER,,ANTIPASTO DELLA CASA,,No.salame Picants,,1.0
menuItem,APPETIZER,APPETIZER,,ANTIPASTO DELLA FAMIGLIA,,,,3.0
menuItem,APPETIZER,APPETIZER,,ANTIPASTO DELLA FAMIGLIA,,,APPETIZER,1.0
menuItem,APPETIZER,APPETIZER,,IT LIVE COMBO,,,,0.0
menuItem,APPETIZER,APPETIZER,,VEGGIE PIZZA TACO,,,,2.0
menuItem,APPETIZER,APPETIZER,,VEGGIE PIZZA TACO,,,APPETIZER,0.0
menuItem,APPETIZER,APPETIZER,,BOLOGNESE PIZZA TACO,,,,2.0
menuItem,APPETIZER,APPETIZER,,BOLOGNESE PIZZA TACO,,,APPETIZER,2.0
menuItem,APPETIZER,APPETIZER,,SPICY PIZZA TACO,,,APPETIZER,1.0
"",Catering Menu,,,,,,,10.0
"",Catering Menu,HOMEMADE PASTA,,,,,,0.0
menuItem,Catering Menu,HOMEMADE PASTA,,Lasagna ? Half Tray,,,,0.0
"",Catering Menu,WATER & SODA,,,,,,10.0
menuItem,Catering Menu,WATER & SODA,,Still Water,,,,5.0
menuItem,Catering Menu,WATER & SODA,,Sparkling Water,,,,3.0
menuItem,Catering Menu,WATER & SODA,,Molecola,,,,1.0
menuItem,Catering Menu,WATER & SODA,,Molecola Sugar Free,,,,1.0
"",PASTA,,,,,,,417.0
"",PASTA,PASTA,,,,,,417.0
menuItem,PASTA,PASTA,,SPAGHETTI POMODORO,,,PASTA,59.0
modifier,PASTA,PASTA,,SPAGHETTI POMODORO,,Extra Sauce,,4.0
modifier,PASTA,PASTA,,SPAGHETTI POMODORO,,Bread,,2.0
modifier,PASTA,PASTA,,SPAGHETTI POMODORO,,Grilled Chicken - 100g,,8.0
modifier,PASTA,PASTA,,SPAGHETTI POMODORO,,GLUTEN FREE,,1.0
specialRequest,PASTA,PASTA,,SPAGHETTI POMODORO,,Blanco,,2.0
specialRequest,PASTA,PASTA,,SPAGHETTI POMODORO,,Butter Instead Of Tomatoe Sauce,,1.0
specialRequest,PASTA,PASTA,,SPAGHETTI POMODORO,,Chiara,,1.0
specialRequest,PASTA,PASTA,,SPAGHETTI POMODORO,,Con Aceite Y Queao,,1.0
specialRequest,PASTA,PASTA,,SPAGHETTI POMODORO,,Dont Do It,,1.0
specialRequest,PASTA,PASTA,,SPAGHETTI POMODORO,,"No Tomatoe Sauce , Add Butter",,1.0
specialRequest,PASTA,PASTA,,SPAGHETTI POMODORO,,Parmesan On The Side,,1.0
specialRequest,PASTA,PASTA,,SPAGHETTI POMODORO,,Rigatoni,,1.0
specialRequest,PASTA,PASTA,,SPAGHETTI POMODORO,,Sin Salsa,,1.0
specialRequest,PASTA,PASTA,,SPAGHETTI POMODORO,,Solo Ajo Y Butter,,1.0
specialRequest,PASTA,PASTA,,SPAGHETTI POMODORO,,Solo Queso Y Aceite,,1.0
specialRequest,PASTA,PASTA,,SPAGHETTI POMODORO,,To Go,,1.0
specialRequest,PASTA,PASTA,,SPAGHETTI POMODORO,,Togo,,1.0
menuItem,PASTA,PASTA,,SPAGHETTI ALFREDO,,,PASTA,50.0
modifier,PASTA,PASTA,,SPAGHETTI ALFREDO,,Grilled Chicken - 100g,,35.0
modifier,PASTA,PASTA,,SPAGHETTI ALFREDO,,GLUTEN FREE,,1.0
specialRequest,PASTA,PASTA,,SPAGHETTI ALFREDO,,Boiled Egg,,1.0
specialRequest,PASTA,PASTA,,SPAGHETTI ALFREDO,,Chiara,,1.0
specialRequest,PASTA,PASTA,,SPAGHETTI ALFREDO,,Gugliermo,,1.0
specialRequest,PASTA,PASTA,,SPAGHETTI ALFREDO,,To Go,,1.0
specialRequest,PASTA,PASTA,,SPAGHETTI ALFREDO,,Uffioci,,1.0
menuItem,PASTA,PASTA,,SPAGHETTI BASIL PESTO,,,PASTA,1.0
menuItem,PASTA,PASTA,,SPAGHETTI GENOVESE (BASIL PESTO),,,PASTA,28.0
modifier,PASTA,PASTA,,SPAGHETTI BASIL PESTO,,Grilled Chicken - 100g,,7.0
modifier,PASTA,PASTA,,SPAGHETTI BASIL PESTO,,Regular,,1.0
specialRequest,PASTA,PASTA,,SPAGHETTI BASIL PESTO,,No Pepper  No Tomate,,1.0
specialRequest,PASTA,PASTA,,SPAGHETTI BASIL PESTO,,No Tomate,,1.0
specialRequest,PASTA,PASTA,,SPAGHETTI BASIL PESTO,,Sin Pimienta,,1.0
specialRequest,PASTA,PASTA,,SPAGHETTI BASIL PESTO,,To Go,,1.0
specialRequest,PASTA,PASTA,,SPAGHETTI BASIL PESTO,,Togo,,2.0
menuItem,PASTA,PASTA,,SPAGHETTI CARBONARA,,,PASTA,58.0
modifier,PASTA,PASTA,,SPAGHETTI CARBONARA,,Mushrooms,,1.0
modifier,PASTA,PASTA,,SPAGHETTI CARBONARA,,Grilled Vegetables,,1.0
modifier,PASTA,PASTA,,SPAGHETTI CARBONARA,,Grilled Chicken - 100g,,5.0
modifier,PASTA,PASTA,,SPAGHETTI CARBONARA,,Regular,,2.0
sizedModifier,PASTA,PASTA,,SPAGHETTI CARBONARA,Regular,GLUTEN FREE,,1.0
modifier,PASTA,PASTA,,SPAGHETTI CARBONARA,,XL,,1.0
specialRequest,PASTA,PASTA,,SPAGHETTI CARBONARA,,Aguada,,2.0
specialRequest,PASTA,PASTA,,SPAGHETTI CARBONARA,,Amatrciana,,1.0
specialRequest,PASTA,PASTA,,SPAGHETTI CARBONARA,,El Pollo Al Costado,,1.0
specialRequest,PASTA,PASTA,,SPAGHETTI CARBONARA,,Poco Black.pepper,,2.0
specialRequest,PASTA,PASTA,,SPAGHETTI CARBONARA,,Rigatoni,,1.0
specialRequest,PASTA,PASTA,,SPAGHETTI CARBONARA,,Togo Guglielmo,,1.0
menuItem,PASTA,PASTA,,RIGATONI ALLA SICILIANA,,,PASTA,23.0
modifier,PASTA,PASTA,,RIGATONI ALLA SICILIANA,,Grilled Chicken - 100g,,4.0
modifier,PASTA,PASTA,,RIGATONI ALLA SICILIANA,,Regular,,1.0
specialRequest,PASTA,PASTA,,RIGATONI ALLA SICILIANA,,Para Llevar,,1.0
specialRequest,PASTA,PASTA,,RIGATONI ALLA SICILIANA,,Sin Black Peper,,1.0
specialRequest,PASTA,PASTA,,RIGATONI ALLA SICILIANA,,To Go,,1.0
menuItem,PASTA,PASTA,,RIGATONI VODKA,,,PASTA,40.0
modifier,PASTA,PASTA,,RIGATONI VODKA,,Spianata Calabrese,,1.0
modifier,PASTA,PASTA,,RIGATONI VODKA,,Grilled Chicken - 100g,,5.0
modifier,PASTA,PASTA,,RIGATONI VODKA,,Regular,,3.0
sizedModifier,PASTA,PASTA,,RIGATONI VODKA,Regular,Burrata 50 Gr,,1.0
sizedModifier,PASTA,PASTA,,RIGATONI VODKA,Regular,Grilled Chicken - 100g,,1.0
sizedModifier,PASTA,PASTA,,RIGATONI VODKA,Regular,Grilled Vegetables,,2.0
sizedModifier,PASTA,PASTA,,RIGATONI VODKA,Regular,MARINATED CHICKEN 100 gram,,1.0
sizedModifier,PASTA,PASTA,,RIGATONI VODKA,Regular,Mushrooms,,1.0
specialRequest,PASTA,PASTA,,RIGATONI VODKA,,Togo,,0.0
menuItem,PASTA,PASTA,,RIGATONI BOLOGNESE,,,PASTA,71.0
modifier,PASTA,PASTA,,RIGATONI BOLOGNESE,,Bread,,1.0
modifier,PASTA,PASTA,,RIGATONI BOLOGNESE,,Grilled Chicken - 100g,,1.0
modifier,PASTA,PASTA,,RIGATONI BOLOGNESE,,GLUTEN FREE,,2.0
specialRequest,PASTA,PASTA,,RIGATONI BOLOGNESE,,Dont Do It,,1.0
specialRequest,PASTA,PASTA,,RIGATONI BOLOGNESE,,Gio,,1.0
specialRequest,PASTA,PASTA,,RIGATONI BOLOGNESE,,Gio Nohacerla,,1.0
specialRequest,PASTA,PASTA,,RIGATONI BOLOGNESE,,Lucas,,1.0
specialRequest,PASTA,PASTA,,RIGATONI BOLOGNESE,,No Queso,,1.0
specialRequest,PASTA,PASTA,,RIGATONI BOLOGNESE,,Spaguetti,,1.0
specialRequest,PASTA,PASTA,,RIGATONI BOLOGNESE,,Spqghetti,,1.0
specialRequest,PASTA,PASTA,,RIGATONI BOLOGNESE,,Togo,,2.0
menuItem,PASTA,PASTA,,RIGATONI TARTUFO (TRUFFLE),,,PASTA,41.0
modifier,PASTA,PASTA,,RIGATONI TARTUFO (TRUFFLE),,Grilled Chicken - 100g,,6.0
modifier,PASTA,PASTA,,RIGATONI TARTUFO (TRUFFLE),,Regular,,2.0
specialRequest,PASTA,PASTA,,RIGATONI TARTUFO (TRUFFLE),,Mushrooms On The Side,,0.0
menuItem,PASTA,PASTA,,LASAGNA,,,PASTA,46.0
modifier,PASTA,PASTA,,LASAGNA,,Extra Sauce,,1.0
specialRequest,PASTA,PASTA,,LASAGNA,,Chiara,,1.0
specialRequest,PASTA,PASTA,,LASAGNA,,Togo,,1.0
"",PIZZA,,,,,,,346.0
"",PIZZA,PIZZA,,,,,,346.0
menuItem,PIZZA,PIZZA,,MARGHERITA,,,,114.0
modifier,PIZZA,PIZZA,,MARGHERITA,,Grilled Chicken - 100g,,5.0
modifier,PIZZA,PIZZA,,MARGHERITA,,GLUTEN FREE,,3.0
modifier,PIZZA,PIZZA,,MARGHERITA,,Spianata Calabrese,,1.0
modifier,PIZZA,PIZZA,,MARGHERITA,,Grilled Vegetables,,3.0
specialRequest,PIZZA,PIZZA,,MARGHERITA,,Black Olive,,2.0
specialRequest,PIZZA,PIZZA,,MARGHERITA,,Chilli Flakes On Side,,1.0
specialRequest,PIZZA,PIZZA,,MARGHERITA,,No Basil,,1.0
specialRequest,PIZZA,PIZZA,,MARGHERITA,,No Basil No Oregano,,1.0
specialRequest,PIZZA,PIZZA,,MARGHERITA,,PARA LLEVAR,,1.0
specialRequest,PIZZA,PIZZA,,MARGHERITA,,Para Llevar,,2.0
specialRequest,PIZZA,PIZZA,,MARGHERITA,,Poco Tomate Poco Olive Oil,,1.0
specialRequest,PIZZA,PIZZA,,MARGHERITA,,Solo Merengena,,2.0
specialRequest,PIZZA,PIZZA,,MARGHERITA,,Spicy,,1.0
specialRequest,PIZZA,PIZZA,,MARGHERITA,,TO GO,,1.0
specialRequest,PIZZA,PIZZA,,MARGHERITA,,To Go,,1.0
specialRequest,PIZZA,PIZZA,,MARGHERITA,,Togo,,2.0
specialRequest,PIZZA,PIZZA,,MARGHERITA,,Tom,,1.0
menuItem,PIZZA,PIZZA,,COTTO,,,,17.0
modifier,PIZZA,PIZZA,,COTTO,,Mushrooms,,1.0
modifier,PIZZA,PIZZA,,COTTO,,Grilled Chicken - 100g,,1.0
specialRequest,PIZZA,PIZZA,,COTTO,,Extra Salsa De Tomate,,1.0
specialRequest,PIZZA,PIZZA,,COTTO,,Para Llevar,,1.0
menuItem,PIZZA,PIZZA,,DIAVOLA,,,,57.0
modifier,PIZZA,PIZZA,,DIAVOLA,,GLUTEN FREE,,2.0
specialRequest,PIZZA,PIZZA,,DIAVOLA,,Paravllevar,,1.0
specialRequest,PIZZA,PIZZA,,DIAVOLA,,To Go,,2.0
specialRequest,PIZZA,PIZZA,,DIAVOLA,,Togo,,1.0
menuItem,PIZZA,PIZZA,,PRIMAVERA,,,,5.0
menuItem,PIZZA,PIZZA,,REGINA,,,,28.0
modifier,PIZZA,PIZZA,,REGINA,,Grilled Chicken - 100g,,1.0
modifier,PIZZA,PIZZA,,REGINA,,GLUTEN FREE,,1.0
modifier,PIZZA,PIZZA,,REGINA,,Prosciutto,,1.0
specialRequest,PIZZA,PIZZA,,REGINA,,Togo,,1.0
menuItem,PIZZA,PIZZA,,MARGHERITA DI BURRATA,,,,48.0
modifier,PIZZA,PIZZA,,MARGHERITA DI BURRATA,,Pesto Oil,,2.0
modifier,PIZZA,PIZZA,,MARGHERITA DI BURRATA,,Grilled Chicken - 100g,,1.0
modifier,PIZZA,PIZZA,,MARGHERITA DI BURRATA,,Arugula,,3.0
specialRequest,PIZZA,PIZZA,,MARGHERITA DI BURRATA,,No Oregano,,1.0
menuItem,PIZZA,PIZZA,,POSITANO (TRUFFLE CREAM),,,,43.0
menuItem,PIZZA,PIZZA,,TRUFFLE PIZZA,,,,1.0
modifier,PIZZA,PIZZA,,POSITANO (TRUFFLE CREAM),,Grilled Chicken - 100g,,3.0
modifier,PIZZA,PIZZA,,POSITANO (TRUFFLE CREAM),,GLUTEN FREE,,2.0
modifier,PIZZA,PIZZA,,POSITANO (TRUFFLE CREAM),,Arugula,,1.0
specialRequest,PIZZA,PIZZA,,POSITANO (TRUFFLE CREAM),,Add Spinach Not Arugula,,1.0
specialRequest,PIZZA,PIZZA,,POSITANO (TRUFFLE CREAM),,Bonita Para Review PLEASE :P,,1.0
specialRequest,PIZZA,PIZZA,,POSITANO (TRUFFLE CREAM),,No Campinione,,1.0
specialRequest,PIZZA,PIZZA,,POSITANO (TRUFFLE CREAM),,TO GO,,1.0
specialRequest,PIZZA,PIZZA,,POSITANO (TRUFFLE CREAM),,To Go,,1.0
menuItem,PIZZA,PIZZA,,PROSCIUTTO E BURRATA,,,,33.0
specialRequest,PIZZA,PIZZA,,PROSCIUTTO E BURRATA,,Agregar Ajo,,1.0
specialRequest,PIZZA,PIZZA,,PROSCIUTTO E BURRATA,,No Salsa De Tomatw,,1.0
specialRequest,PIZZA,PIZZA,,PROSCIUTTO E BURRATA,,Togo,,1.0
"",PIZZA PALA,,,,,,,157.0
"",PIZZA PALA,PIZZA PALA,,,,,,157.0
menuItem,PIZZA PALA,PIZZA PALA,,SLICE HAM PALA,,,,6.0
menuItem,PIZZA PALA,PIZZA PALA,,SLICE MARGHERITA PALA,,,,42.0
modifier,PIZZA PALA,PIZZA PALA,,SLICE MARGHERITA PALA,,Bread,,1.0
menuItem,PIZZA PALA,PIZZA PALA,,SLICE PRIMAVERA PALA,,,,11.0
menuItem,PIZZA PALA,PIZZA PALA,,SLICE PROSCIUTTO PALA,,,,1.0
menuItem,PIZZA PALA,PIZZA PALA,,SLICE TRUFFLE PALA,,,,40.0
menuItem,PIZZA PALA,PIZZA PALA,,SLICE SPIANATA PALA,,,,43.0
modifier,PIZZA PALA,PIZZA PALA,,SLICE SPIANATA PALA,,Pesto Oil,,1.0
menuItem,PIZZA PALA,PIZZA PALA,,SLICE ARUG/STRAC PALA,,,,1.0
menuItem,PIZZA PALA,PIZZA PALA,,1/2 HAM PALA,,,,1.0
menuItem,PIZZA PALA,PIZZA PALA,,1/2 MARGHERITA PALA,,,,1.0
menuItem,PIZZA PALA,PIZZA PALA,,1/2 PRIMAVERA PALA,,,,1.0
modifier,PIZZA PALA,PIZZA PALA,,1/2 PRIMAVERA PALA,,Pesto Oil,,1.0
modifier,PIZZA PALA,PIZZA PALA,,1/2 PRIMAVERA PALA,,Prosciutto,,1.0
specialRequest,PIZZA PALA,PIZZA PALA,,1/2 PRIMAVERA PALA,,Pesto Oil on the side pls,,1.0
menuItem,PIZZA PALA,PIZZA PALA,,1/2 TRUFFLE PALA,,,,2.0
menuItem,PIZZA PALA,PIZZA PALA,,FULL SPIANATA PALA,,,,1.0
menuItem,PIZZA PALA,PIZZA PALA,,FULL MARGHERITA PALA,,,,1.0
menuItem,PIZZA PALA,PIZZA PALA,,test pizza pala,,,,1.0
menuItem,PIZZA PALA,PIZZA PALA,,test panini,,,,1.0
menuItem,PIZZA PALA,PIZZA PALA,,test drinks,,,,1.0
modifier,PIZZA PALA,PIZZA PALA,,test drinks,,Small,,1.0
menuItem,PIZZA PALA,PIZZA PALA,,test bakery,,,,1.0
menuItem,PIZZA PALA,PIZZA PALA,,test baci,,,,1.0
menuItem,PIZZA PALA,PIZZA PALA,,test salad,,,,1.0
"",PANINI,,,,,,,87.0
"",PANINI,PANINI,,,,,,87.0
menuItem,PANINI,PANINI,,Focaccia Mortadella E Stracciatella,,,,12.0
specialRequest,PANINI,PANINI,,Focaccia Mortadella E Stracciatella,,Dont Do It,,1.0
specialRequest,PANINI,PANINI,,Focaccia Mortadella E Stracciatella,,Ryan,,1.0
menuItem,PANINI,PANINI,,Focaccia Caprese,,,,17.0
specialRequest,PANINI,PANINI,,Focaccia Caprese,,To Go,,1.0
menuItem,PANINI,PANINI,,Focaccia Crudo,,,,12.0
modifier,PANINI,PANINI,,Focaccia Crudo,,Sliced Tomatoes,,1.0
menuItem,PANINI,PANINI,,"Panino Turkey & Egg ",,,,20.0
menuItem,PANINI,PANINI,,Panino Ham,,,,9.0
menuItem,PANINI,PANINI,,Panino Egg & Bacon,,,,15.0
modifier,PANINI,PANINI,,Panino Egg & Bacon,,Ham,,1.0
menuItem,PANINI,PANINI,,Portafoglio Caprese,,,,2.0
"",SALAD,,,,,,,130.0
"",SALAD,SALAD,,,,,,130.0
menuItem,SALAD,SALAD,,CAPRESE,,,,37.0
modifier,SALAD,SALAD,,CAPRESE,,Arugula,,1.0
modifier,SALAD,SALAD,,CAPRESE,,MARINATED CHICKEN 100 gram,,5.0
modifier,SALAD,SALAD,,CAPRESE,,Grilled Chicken - 100g,,3.0
modifier,SALAD,SALAD,,CAPRESE,,MARINATED SALMON 100 gram,,1.0
modifier,SALAD,SALAD,,CAPRESE,,Bread,,1.0
modifier,SALAD,SALAD,,CAPRESE,,Boiled Egg,,10.0
modifier,SALAD,SALAD,,CAPRESE,,EXTRA AVOCADO,,4.0
menuItem,SALAD,SALAD,,CAESAR,,,,38.0
modifier,SALAD,SALAD,,CAESAR,,MARINATED CHICKEN 100 gram,,25.0
modifier,SALAD,SALAD,,CAESAR,,Grilled Chicken - 100g,,2.0
modifier,SALAD,SALAD,,CAESAR,,MARINATED SALMON 100 gram,,0.0
modifier,SALAD,SALAD,,CAESAR,,Boiled Egg,,1.0
specialRequest,SALAD,SALAD,,CAESAR,,Dressing Aparte,,3.0
specialRequest,SALAD,SALAD,,CAESAR,,No Crutons,,2.0
specialRequest,SALAD,SALAD,,CAESAR,,Togo,,1.0
specialRequest,SALAD,SALAD,,CAESAR,,Togo No Crutons,,1.0
menuItem,SALAD,SALAD,,AMORE VERDE,,,,13.0
modifier,SALAD,SALAD,,AMORE VERDE,,MARINATED CHICKEN 100 gram,,3.0
modifier,SALAD,SALAD,,AMORE VERDE,,Grilled Vegetables,,1.0
modifier,SALAD,SALAD,,AMORE VERDE,,Mozzarella,,1.0
modifier,SALAD,SALAD,,AMORE VERDE,,Boiled Egg,,4.0
modifier,SALAD,SALAD,,AMORE VERDE,,EXTRA AVOCADO,,1.0
specialRequest,SALAD,SALAD,,AMORE VERDE,,David,,2.0
specialRequest,SALAD,SALAD,,AMORE VERDE,,No Arugola,,1.0
specialRequest,SALAD,SALAD,,AMORE VERDE,,No Onikn,,1.0
specialRequest,SALAD,SALAD,,AMORE VERDE,,No Onione Uovo Fritto,,1.0
menuItem,SALAD,SALAD,,LA VITA SANA,,,,11.0
modifier,SALAD,SALAD,,LA VITA SANA,,MARINATED CHICKEN 100 gram,,2.0
modifier,SALAD,SALAD,,LA VITA SANA,,MARINATED SALMON 100 gram,,2.0
modifier,SALAD,SALAD,,LA VITA SANA,,Grilled Vegetables,,2.0
modifier,SALAD,SALAD,,LA VITA SANA,,Mozzarella,,1.0
modifier,SALAD,SALAD,,LA VITA SANA,,Boiled Egg,,3.0
modifier,SALAD,SALAD,,LA VITA SANA,,EXTRA AVOCADO,,1.0
menuItem,SALAD,SALAD,,MEDITERRANEA,,,,31.0
modifier,SALAD,SALAD,,MEDITERRANEA,,MARINATED CHICKEN 100 gram,,12.0
modifier,SALAD,SALAD,,MEDITERRANEA,,Grilled Chicken - 100g,,1.0
modifier,SALAD,SALAD,,MEDITERRANEA,,MARINATED SALMON 100 gram,,3.0
modifier,SALAD,SALAD,,MEDITERRANEA,,Boiled Egg,,0.0
specialRequest,SALAD,SALAD,,MEDITERRANEA,,Gigliermo,,1.0
specialRequest,SALAD,SALAD,,MEDITERRANEA,,No Onione To Go,,1.0
specialRequest,SALAD,SALAD,,MEDITERRANEA,,No Pimentone E No Onion,,1.0
specialRequest,SALAD,SALAD,,MEDITERRANEA,,Togo,,1.0
"",BAKERY,,,,,,,170.0
"",BAKERY,BAKERY,,,,,,170.0
menuItem,BAKERY,BAKERY,,Plain Croissant,,,,55.0
menuItem,BAKERY,BAKERY,,Nutella Croissant,,,,25.0
menuItem,BAKERY,BAKERY,,Cream Croissant,,,,16.0
menuItem,BAKERY,BAKERY,,Pistacchio Croissant,,,,19.0
specialRequest,BAKERY,BAKERY,,Pistacchio Croissant,,To Go,,1.0
menuItem,BAKERY,BAKERY,,Apricot Croissant,,,,5.0
specialRequest,BAKERY,BAKERY,,Apricot Croissant,,To Go,,1.0
menuItem,BAKERY,BAKERY,,Raspberry Croissant,,,,9.0
specialRequest,BAKERY,BAKERY,,Raspberry Croissant,,Dont Do It,,1.0
specialRequest,BAKERY,BAKERY,,Raspberry Croissant,,Heat On Microwave,,1.0
menuItem,BAKERY,BAKERY,,Salty Croissant Ham & Cheese,,,,11.0
menuItem,BAKERY,BAKERY,,Salty Croissant Egg & Bacon,,,,10.0
menuItem,BAKERY,BAKERY,,Bombolone Nutella,,,,10.0
menuItem,BAKERY,BAKERY,,Bombolone Crema,,,,4.0
menuItem,BAKERY,BAKERY,,Bombolone Pistacchio,,,,5.0
menuItem,BAKERY,BAKERY,,Bombolone Raspberry,,,,1.0
"",GELATO,,,,,,,100.0
"",GELATO,GELATO,,,,,,100.0
menuItem,GELATO,GELATO,,CHOCOLATE GELATO,,,,38.0
modifier,GELATO,GELATO,,CHOCOLATE GELATO,,Small,,29.0
sizedModifier,GELATO,GELATO,,CHOCOLATE GELATO,Small,Cone,,1.0
modifier,GELATO,GELATO,,CHOCOLATE GELATO,,Medium,,9.0
sizedSpecialRequest,GELATO,GELATO,,CHOCOLATE GELATO,Medium,Vainlla,,1.0
menuItem,GELATO,GELATO,,STRAWBERRY GELATO,,,,1.0
modifier,GELATO,GELATO,,STRAWBERRY GELATO,,Large,,1.0
menuItem,GELATO,GELATO,,PISTACCHIO GELATO,,,,2.0
modifier,GELATO,GELATO,,PISTACCHIO GELATO,,Small,,2.0
menuItem,GELATO,GELATO,,VANILLA GELATO,,,,21.0
modifier,GELATO,GELATO,,VANILLA GELATO,,Small,,15.0
modifier,GELATO,GELATO,,VANILLA GELATO,,Medium,,6.0
menuItem,GELATO,GELATO,,MATCHA GELATO,,,,15.0
modifier,GELATO,GELATO,,MATCHA GELATO,,Small,,7.0
modifier,GELATO,GELATO,,MATCHA GELATO,,Medium,,6.0
sizedSpecialRequest,GELATO,GELATO,,MATCHA GELATO,Medium,Con Vanlla,,1.0
sizedModifier,GELATO,GELATO,,MATCHA GELATO,Medium,Cone,,1.0
modifier,GELATO,GELATO,,MATCHA GELATO,,Large,,2.0
menuItem,GELATO,GELATO,,AFFOGATO,,,,6.0
menuItem,GELATO,GELATO,,CROISSANT Gelato,,,,1.0
menuItem,GELATO,GELATO,,SMALL Gelato,,,,14.0
modifier,GELATO,GELATO,,SMALL Gelato,,Cone,,1.0
menuItem,GELATO,GELATO,,REGULAR Gelato,,,,2.0
"",DESSERT,,,,,,,160.0
"",DESSERT,DESSERT,,,,,,160.0
menuItem,DESSERT,DESSERT,,TIRAMIS? COFFEE,,,,40.0
specialRequest,DESSERT,DESSERT,,TIRAMIS? COFFEE,,Chocolate,,1.0
menuItem,DESSERT,DESSERT,,CANNOLO ARANCIA,,,,9.0
menuItem,DESSERT,DESSERT,,CANNOLO CHOCOLATE,,,,43.0
menuItem,DESSERT,DESSERT,,CANNOLO PISTACCHIO,,,,30.0
menuItem,DESSERT,DESSERT,,CROSTATA SEASONAL FRUIT,,,,5.0
menuItem,DESSERT,DESSERT,,FRUIT CUP,,,,4.0
specialRequest,DESSERT,DESSERT,,FRUIT CUP,,Elena,,1.0
menuItem,DESSERT,DESSERT,,BISCOTTI,,,,2.0
menuItem,DESSERT,DESSERT,,TIRAMIS? PISTACCHIO,,,,14.0
menuItem,DESSERT,DESSERT,,TIRAMIS? CARAMEL,,,,4.0
menuItem,DESSERT,DESSERT,,CREAM DE POT,,,,2.0
menuItem,DESSERT,DESSERT,,MINI CANNOLI PISTACCHIO,,,,1.0
menuItem,DESSERT,DESSERT,,ARAGOSTINE LIMONE,,,,1.0
menuItem,DESSERT,DESSERT,,BOCCONCINI AMARETTO,,,,2.0
menuItem,DESSERT,DESSERT,,MINI CANNOLI LIMONE,,,,2.0
menuItem,DESSERT,DESSERT,,MINI CANNOLI GIANDUJA,,,,1.0
"",ADD-ONS,,,,,,,13.0
"",ADD-ONS,ADD ONS,,,,,,13.0
menuItem,ADD-ONS,ADD ONS,,STRACCIATELLA,,,,0.0
menuItem,ADD-ONS,ADD ONS,,BOILED EGG,,,,10.0
menuItem,ADD-ONS,ADD ONS,,MARINATED SALMON,,,,0.0
menuItem,ADD-ONS,ADD ONS,,AVOCADO,,,,1.0
menuItem,ADD-ONS,ADD ONS,,BREAD,,,,2.0
"",MONDAY LUNCH BOX,,,,,,,1.0
"",MONDAY LUNCH BOX,MONDAY LUNCH BOX,,,,,,1.0
menuItem,MONDAY LUNCH BOX,MONDAY LUNCH BOX,,MONDAY LUNCH BOX,,,DAILY LUNCH SPECIAL,1.0
modifier,MONDAY LUNCH BOX,MONDAY LUNCH BOX,,MONDAY LUNCH BOX,,Rigatoni Pomodoro,,1.0
modifier,MONDAY LUNCH BOX,MONDAY LUNCH BOX,,MONDAY LUNCH BOX,,Tiramisu,,1.0
"",TUESDAY LUNCH BOX,,,,,,,12.0
"",TUESDAY LUNCH BOX,TUESDAY LUCH BOX,,,,,,12.0
menuItem,TUESDAY LUNCH BOX,TUESDAY LUCH BOX,,TUESDAY LUNCH BOX,,,,8.0
menuItem,TUESDAY LUNCH BOX,TUESDAY LUCH BOX,,TUESDAY LUNCH BOX,,,DAILY LUNCH SPECIAL,4.0
modifier,TUESDAY LUNCH BOX,TUESDAY LUCH BOX,,TUESDAY LUNCH BOX,,Rigatoni Alfredo,,5.0
modifier,TUESDAY LUNCH BOX,TUESDAY LUCH BOX,,TUESDAY LUNCH BOX,,Portafoglio Ham,,1.0
modifier,TUESDAY LUNCH BOX,TUESDAY LUCH BOX,,TUESDAY LUNCH BOX,,Caesar Salad,,6.0
modifier,TUESDAY LUNCH BOX,TUESDAY LUCH BOX,,TUESDAY LUNCH BOX,,Tiramisu,,8.0
modifier,TUESDAY LUNCH BOX,TUESDAY LUCH BOX,,TUESDAY LUNCH BOX,,Fruit Cup,,4.0
specialRequest,TUESDAY LUNCH BOX,TUESDAY LUCH BOX,,TUESDAY LUNCH BOX,,No Tomato,,1.0
specialRequest,TUESDAY LUNCH BOX,TUESDAY LUCH BOX,,TUESDAY LUNCH BOX,,TO GO,,1.0
specialRequest,TUESDAY LUNCH BOX,TUESDAY LUCH BOX,,TUESDAY LUNCH BOX,,To Go,,2.0
"",WEDNESDAY LUNCH BOX,,,,,,,2.0
"",WEDNESDAY LUNCH BOX,WEDNESDAY LUNCH BOX,,,,,,2.0
menuItem,WEDNESDAY LUNCH BOX,WEDNESDAY LUNCH BOX,,WEDNESDAY LUNCH BOX,,,,1.0
menuItem,WEDNESDAY LUNCH BOX,WEDNESDAY LUNCH BOX,,WEDNESDAY LUNCH BOX,,,DAILY LUNCH SPECIAL,1.0
modifier,WEDNESDAY LUNCH BOX,WEDNESDAY LUNCH BOX,,WEDNESDAY LUNCH BOX,,Portafoglio Mortadella,,1.0
modifier,WEDNESDAY LUNCH BOX,WEDNESDAY LUNCH BOX,,WEDNESDAY LUNCH BOX,,Caprese Salad,,1.0
modifier,WEDNESDAY LUNCH BOX,WEDNESDAY LUNCH BOX,,WEDNESDAY LUNCH BOX,,Tiramisu,,2.0
"",THURSDAY LUNCH BOX,,,,,,,8.0
"",THURSDAY LUNCH BOX,THURSDAY LUNCH BOX,,,,,,8.0
menuItem,THURSDAY LUNCH BOX,THURSDAY LUNCH BOX,,THURSDAY LUNCH BOX,,,,5.0
menuItem,THURSDAY LUNCH BOX,THURSDAY LUNCH BOX,,THURSDAY LUNCH BOX,,,DAILY LUNCH SPECIAL,3.0
modifier,THURSDAY LUNCH BOX,THURSDAY LUNCH BOX,,THURSDAY LUNCH BOX,,Rigatoni Vodka,,4.0
modifier,THURSDAY LUNCH BOX,THURSDAY LUNCH BOX,,THURSDAY LUNCH BOX,,Portafoglio Ham,,3.0
modifier,THURSDAY LUNCH BOX,THURSDAY LUNCH BOX,,THURSDAY LUNCH BOX,,Amore Verde Salad,,1.0
modifier,THURSDAY LUNCH BOX,THURSDAY LUNCH BOX,,THURSDAY LUNCH BOX,,Tiramisu,,5.0
modifier,THURSDAY LUNCH BOX,THURSDAY LUNCH BOX,,THURSDAY LUNCH BOX,,Fresh Fruit,,3.0
"",BACI,,,,,,,58.0
"",BACI,BACI,,,,,,58.0
menuItem,BACI,BACI,,CAPRI CLUB,,,,7.0
menuItem,BACI,BACI,,BACI SPICY CLUB,,,,3.0
menuItem,BACI,BACI,,SPICY CLUB,,,,5.0
modifier,BACI,BACI,,BACI SPICY CLUB,,Mushrooms,,2.0
menuItem,BACI,BACI,,BACI COTTO CLUB,,,,2.0
menuItem,BACI,BACI,,COTTO CLUB,,,,7.0
specialRequest,BACI,BACI,,BACI COTTO CLUB,,Manuel No.hacerlo,,1.0
menuItem,BACI,BACI,,MORTADELLA CLUB,,,,12.0
specialRequest,BACI,BACI,,MORTADELLA CLUB,,All To Go,,1.0
specialRequest,BACI,BACI,,MORTADELLA CLUB,,Elena,,1.0
specialRequest,BACI,BACI,,MORTADELLA CLUB,,Ricardo,,1.0
menuItem,BACI,BACI,,CESAR CLUB,,,,9.0
menuItem,BACI,BACI,,PROSCIUTTO CLUB,,,,12.0
menuItem,BACI,BACI,,DELLA MAMMA,,,,0.0
menuItem,BACI,BACI,,test baci,,,,1.0
"",FRIDAY LUNCH BOX,,,,,,,9.0
"",FRIDAY LUNCH BOX,FRIDAY LUNCH BOX,,,,,,9.0
menuItem,FRIDAY LUNCH BOX,FRIDAY LUNCH BOX,,FRIDAY LUNCH BOX,,,,2.0
menuItem,FRIDAY LUNCH BOX,FRIDAY LUNCH BOX,,FRIDAY LUNCH BOX,,,DAILY LUNCH SPECIAL,7.0
modifier,FRIDAY LUNCH BOX,FRIDAY LUNCH BOX,,FRIDAY LUNCH BOX,,Lasagna,,5.0
modifier,FRIDAY LUNCH BOX,FRIDAY LUNCH BOX,,FRIDAY LUNCH BOX,,Portafoglio Caprese,,3.0
modifier,FRIDAY LUNCH BOX,FRIDAY LUNCH BOX,,FRIDAY LUNCH BOX,,Caesar Salad,,1.0
modifier,FRIDAY LUNCH BOX,FRIDAY LUNCH BOX,,FRIDAY LUNCH BOX,,Tiramisu,,9.0
"",,,,,,,,76.0
"",,,,,,,,76.0
menuItem,,,,BISCOTTI,,,,12.0
specialRequest,,,,BISCOTTI,,Bread,,1.0
menuItem,,,,MINI CANNOLI PISTACCHIO,,,,7.0
specialRequest,,,,MINI CANNOLI PISTACCHIO,,Chocolate,,2.0
menuItem,,,,ARAGOSTINE LIMONE,,,,2.0
menuItem,,,,ARAGOSTINE GIANDUJA,,,,7.0
menuItem,,,,BOCCONCINI LIMONE,,,,1.0
menuItem,,,,BOCCONCINI AMARETTO,,,,3.0
menuItem,,,,BOCCONCINI CACAO,,,,6.0
menuItem,,,,MINI CANNOLI LIMONE,,,,13.0
menuItem,,,,MINI CANNOLI GIANDUJA,,,,14.0
menuItem,,,,BOCCONCINI PISTACCHIO,,,,7.0
menuItem,,,,ARAGOSTINE PISTACCHIO,,,,4.0
"",Open items,,,,,,,3.0
"",Open items,Open Food,,,,,,3.0
openItem,Open items,Open Food,,Gelato,,,PASTA,1.0
openItem,Open items,Open Food,,Gelato Cone,,,PASTA,1.0
openItem,Open items,Open Food,,Salmon,,,PASTA,1.0
specialRequestOnOpenItem,Special request on open items,Open Food,,,,Dont Do It,,1.0
