Item,Sales Category,Qty sold
"",,11244.0
EGGS & BACON,BREAKFAST,167.0
TRUFFLE SCRAMBLE EGGS,BREAKFAST,20.0
AVOCADO TOAST,BREAKFAST,48.0
PARFAIT BERRIES & GRANOLA,BREAKFAST,28.0
FRESCO COMBO,BREAKFAST,12.0
HEY MAMBO COMBO,BREAKFAST,94.0
SOLE SOLE COMBO,BREAKFAST,47.0
FRUIT CUP,BREAKFAST,22.0
IT BRUSCHETTA,APPETIZER,77.0
STRACCIATELLA AND FOCACCIA,APPETIZER,48.0
ANTIPASTO DELLA CASA,APPETIZER,12.0
ANTIPASTO DELLA FAMIGLIA,APPETIZER,13.0
VEGGIE PIZZA TACO,APPETIZER,4.0
SPICY PIZZA TACO,APPETIZER,5.0
BOLOGNESE PIZZA TACO,APPETIZER,5.0
LASAGNA,PASTA,112.0
RIGATONI ALLA SICILIANA,PASTA,77.0
RIGATONI BOLOGNESE,PASTA,155.0
RIGATONI TARTUFO (TRUFFLE),PASTA,92.0
RIGATONI VODKA,PASTA,83.0
SPAGHETTI ALFREDO,PASTA,122.0
SPAGHETTI CARBONARA,PASTA,119.0
SPAGHETTI BASIL PESTO,PASTA,43.0
SPAGHETTI GENOVESE (BASIL PESTO),PASTA,57.0
SPAGHETTI POMODORO,PASTA,133.0
Catering Jessica,PASTA,1.0
MARGHERITA,PIZZA,267.0
COTTO,PIZZA,62.0
DIAVOLA,PIZZA,143.0
PRIMAVERA,PIZZA,16.0
REGINA,PIZZA,49.0
MARGHERITA DI BURRATA,PIZZA,92.0
POSITANO (TRUFFLE CREAM),PIZZA,71.0
"TRUFFLE ",PIZZA,2.0
TRUFFLE PIZZA,PIZZA,21.0
PROSCIUTTO E BURRATA,PIZZA,60.0
CAPRESE,SALAD,72.0
CAESAR,SALAD,86.0
AMORE VERDE,SALAD,25.0
LA VITA SANA,SALAD,35.0
MEDITERRANEA,SALAD,82.0
SLICE HAM PALA,PIZZA PALA,7.0
SLICE MARGHERITA PALA,PIZZA PALA,133.0
SLICE PRIMAVERA PALA,PIZZA PALA,19.0
SLICE PROSCIUTTO PALA,PIZZA PALA,2.0
SLICE TRUFFLE PALA,PIZZA PALA,86.0
SLICE SPIANATA PALA,PIZZA PALA,103.0
SLICE ARUG/STRAC PALA,PIZZA PALA,24.0
FULL ARUG/STRAC PALA,PIZZA PALA,0.0
FULL MARGHERITA PALA,PIZZA PALA,1.0
CAPRI CLUB,BREAKFAST,15.0
BACI SPICY CLUB,BREAKFAST,7.0
SPICY CLUB,BREAKFAST,8.0
COTTO CLUB,BREAKFAST,10.0
MORTADELLA CLUB,BREAKFAST,21.0
CESAR CLUB,BREAKFAST,13.0
PROSCIUTTO CLUB,BREAKFAST,19.0
DELLA MAMMA,BREAKFAST,18.0
SWEET CLUB,BREAKFAST,2.0
Focaccia Mortadella E Stracciatella,PANINI,32.0
Focaccia Caprese,PANINI,36.0
Focaccia Crudo,PANINI,27.0
Focaccia 1/2 Mortadella E Stracciatella,PANINI,1.0
Focaccia 1/2 Crudo,PANINI,0.0
"Panino Turkey & Egg ",PANINI,39.0
Panino Ham,PANINI,18.0
Panino Egg & Bacon,PANINI,34.0
Portafoglio Crudo,PANINI,3.0
Portafoglio Caprese,PANINI,7.0
Portafoglio Ham,PANINI,1.0
Plain Croissant,BAKERY,132.0
Nutella Croissant,BAKERY,65.0
Cream Croissant,BAKERY,34.0
Pistacchio Croissant,BAKERY,43.0
Apricot Croissant,BAKERY,11.0
Raspberry Croissant,BAKERY,15.0
Salty Croissant Ham & Cheese,BAKERY,31.0
Salty Croissant Egg & Bacon,BAKERY,34.0
Salty Croissant Croissant,BAKERY,1.0
Bombolone Nutella,BAKERY,17.0
Bombolone Crema,BAKERY,13.0
Bombolone Pistacchio,BAKERY,10.0
BISCOTTI,BAKERY,41.0
Biscotti,BAKERY,2.0
Amaretti Morbidi,BAKERY,1.0
MINI CANNOLI PISTACCHIO,BAKERY,27.0
ARAGOSTINE GIANDUJA,BAKERY,13.0
TIRAMIS? COFFEE,DESSERT,101.0
TIRAMISU STRAWBERRY & PISTACCHIO,DESSERT,11.0
CANNOLO ARANCIA,DESSERT,26.0
CANNOLO CHOCOLATE,DESSERT,96.0
CANNOLO PISTACCHIO,DESSERT,50.0
CROSTATA SEASONAL FRUIT,DESSERT,17.0
TIRAMIS? PISTACCHIO,DESSERT,26.0
TIRAMIS? CARAMEL,DESSERT,10.0
CREAM DE POT,DESSERT,6.0
BOCCONCINI AMARETTO,BREAKFAST,7.0
MINI CANNOLI GIANDUJA,BREAKFAST,22.0
MINI CANNOLI LIMONE,BREAKFAST,39.0
ARAGOSTINE LIMONE,BREAKFAST,6.0
ARAGOSTINE PISTACCHIO,BREAKFAST,5.0
CHOCOLATE GELATO,BREAKFAST,65.0
STRAWBERRY GELATO,BREAKFAST,13.0
VANILLA GELATO,BREAKFAST,40.0
MATCHA GELATO,BREAKFAST,18.0
CROISSANT Gelato,BREAKFAST,2.0
GRILLED VEGETABLES,BREAKFAST,2.0
STRACCIATELLA,BREAKFAST,1.0
BOILED EGG,BREAKFAST,75.0
MARINATED CHICKEN,BREAKFAST,3.0
MARINATED SALMON,BREAKFAST,5.0
AVOCADO,BREAKFAST,2.0
BREAD,BREAKFAST,27.0
SMALL Gelato,BREAKFAST,31.0
REGULAR Gelato,BREAKFAST,11.0
LARGE Gelato,BREAKFAST,5.0
AFFOGATO,BREAKFAST,8.0
ORANGE JUICE,JUICE,321.0
ACE,JUICE,46.0
DETOX,JUICE,104.0
KISS,JUICE,14.0
PEACEFUL,JUICE,38.0
LOVE,JUICE,29.0
SUNSET,JUICE,56.0
POWER PUNCH,JUICE,49.0
SINGLE ESPRESSO,COFFEE,464.0
AMERICANO,COFFEE,237.0
CAFFE LATTE,COFFEE,280.0
CAPPUCCINO,COFFEE,402.0
MACCHIATO,COFFEE,281.0
MATCHA LATTE,COFFEE,32.0
HOT TEA,COFFEE,29.0
DOUBLE CAFFE LATTE,COFFEE,6.0
DOUBLE CAPPUCCINO,COFFEE,4.0
DOUBLE ESPRESSO,COFFEE,102.0
DOUBLE MACCHIATO,COFFEE,18.0
HOT CHOCOLATE,COFFEE,8.0
MILK,COFFEE,2.0
Tostini Coffee bag,DRINK,6.0
MOLECOLA,DRINK,275.0
MOLECOLA SUGAR FREE,DRINK,233.0
LIMONATA,DRINK,194.0
ARANCIATA,DRINK,54.0
ARANCIATA ROSSA,DRINK,56.0
THE LIMONE,DRINK,33.0
THE PESCA,DRINK,2.0
spirit,DRINK,126.0
Premium Liquor,DRINK,10.0
STILL WATER SMALL,DRINK,588.0
SPARKLING WATER SMALL,DRINK,313.0
SPARKLING WATER BIG,DRINK,50.0
STILL WATER BIG,DRINK,49.0
TAP WATER,DRINK,325.0
GLS PROSECCO Valdo,WINE,27.0
GLS PROSECCO Superior Valdo,WINE,3.0
GLS PROSECCO ROSE La Gioiosa,WINE,3.0
GLS MOSCATO Pico Maccario,WINE,10.0
GLS PINOT GRIGIO Bennati,WINE,23.0
GLS PINOT GRIGIO Canaletto,WINE,14.0
GLS CHARDONNAY La Vis,WINE,19.0
GLS SAUVIGNON BLANC St Pauls,WINE,22.0
GLS GAVI DI GAVI Villa Sparina,WINE,10.0
GLS ROSE San Marzano,WINE,24.0
GLS CABERNET SAUVIGNON La Vis,WINE,12.0
GLS PINOT NOIR La Vis,WINE,23.0
GLS CHIANTI Cafaggio,WINE,11.0
GLS BARBERA del Monferrato,WINE,2.0
GLS NEBBIOLO Mirafiore,WINE,2.0
$6 Promo Wine,WINE,10.0
$5 HH Wine,WINE,22.0
BTL PROSECCO Valdo,WINE,3.0
BTL PROSECCO Superior Valdo,WINE,0.0
BTL PINOT GRIGIO Bennati,WINE,4.0
BTL PINOT GRIGIO Canaletto,WINE,2.0
BTL CHARDONNAY La Vis,WINE,1.0
BTL GAVI DI GAVI Villa Sparina,WINE,2.0
BTL ROSE San Marzano,WINE,4.0
BTL CABERNET SAUVIGNON La Vis,WINE,1.0
BTL PINOT NOIR La Vis,WINE,3.0
$5 HH Beer,BEER,89.0
Beer Bucket,BEER,16.0
DFT Peroni,BEER,3.0
DFT Corona,BEER,305.0
DFT Lagunitas IPA,BEER,127.0
DFT Yuengling Lager,BEER,85.0
Peroni,BEER,246.0
$5 Promo Spritz,DRINKS-COCKTAILS,64.0
$7 Promo Cocktail,DRINKS-COCKTAILS,59.0
$10 HH Cocktail,DRINKS-COCKTAILS,74.0
Aperol Spritz,DRINKS-COCKTAILS,217.0
Campari Spritz,DRINKS-COCKTAILS,25.0
Amalfi Spritz,DRINKS-COCKTAILS,33.0
Hugo Spritz,DRINKS-COCKTAILS,33.0
IT Spritz,DRINKS-COCKTAILS,5.0
Margarita,DRINKS-COCKTAILS,11.0
Spicy Margarita,DRINKS-COCKTAILS,5.0
Mojito,DRINKS-COCKTAILS,9.0
Negroni,DRINKS-COCKTAILS,16.0
Gin Tonic,DRINKS-COCKTAILS,18.0
Mimosa,DRINKS-COCKTAILS,14.0
Bellini,DRINKS-COCKTAILS,5.0
Pina Colada,DRINKS-COCKTAILS,1.0
Espresso Martini,DRINKS-COCKTAILS,19.0
Bobby?s Sober,DRINK,8.0
Bobby?s Liquor,DRINKS-COCKTAILS,5.0
IT LIVE COMBO,,0.0
Lasagna ? Half Tray,,0.0
Still Water,,5.0
Sparkling Water,,3.0
Molecola,,1.0
Molecola Sugar Free,,1.0
1/2 HAM PALA,,1.0
1/2 MARGHERITA PALA,,1.0
1/2 PRIMAVERA PALA,,1.0
1/2 TRUFFLE PALA,,2.0
FULL SPIANATA PALA,,1.0
test pizza pala,,1.0
test panini,,1.0
test drinks,,1.0
test bakery,,1.0
test baci,,2.0
test salad,,1.0
Bombolone Raspberry,,1.0
PISTACCHIO GELATO,,2.0
MONDAY LUNCH BOX,DAILY LUNCH SPECIAL,1.0
TUESDAY LUNCH BOX,DAILY LUNCH SPECIAL,12.0
WEDNESDAY LUNCH BOX,DAILY LUNCH SPECIAL,2.0
THURSDAY LUNCH BOX,DAILY LUNCH SPECIAL,8.0
BACI COTTO CLUB,,2.0
FRIDAY LUNCH BOX,DAILY LUNCH SPECIAL,9.0
BOCCONCINI LIMONE,,1.0
BOCCONCINI CACAO,,6.0
BOCCONCINI PISTACCHIO,,7.0
