Size modifier,Modifier,Sales Category,Qty sold
"",,,1722.0
"",Prosciutto,,8.0
"",Smoked Salmon,,18.0
"",Fried Eggs,,87.0
"",Scrambled Eggs,,95.0
"",Boiled Egg,,72.0
"",Bacon,,8.0
"",Espresso,COFFEE,27.0
"",Americano Coffee,COFFEE,21.0
"",Capuccino,COFFEE,33.0
"",Coffee Latte,COFFEE,13.0
"",Croissant,,35.0
"",Nutella Croissant,,17.0
"",Cream Croissant,,7.0
"",Pistacchio Croissant,,18.0
"",Raspberry Croissant,,10.0
"",Apricot Jam Croissant,,7.0
"",MARINATED CHICKEN 100 gram,,130.0
"",Regular,,173.0
Regular,Meatballs,,10.0
Regular,Stracciatella,,3.0
"",XL,,23.0
XL,Meatballs,,1.0
"",Extra Sauce,,7.0
"",Bread,,12.0
Regular,Grilled Chicken - 100g,,8.0
Regular,MARINATED CHICKEN 100 gram,,14.0
"",Stracciatella,,7.0
"",Grilled Chicken - 100g,,101.0
XL,MARINATED CHICKEN 100 gram,,5.0
"",Spianata Calabrese,,3.0
"",MARINATED SALMON 100 gram,,18.0
Regular,Bread,,1.0
Regular,Mushrooms,,2.0
"",Mozzarella,,8.0
"",GLUTEN FREE,,22.0
Regular,GLUTEN FREE,,2.0
"",Shaved Parmesan,,1.0
"",Grilled Vegetables,,14.0
"",Meatballs,,1.0
"",Mushrooms,,9.0
"",Ham,,5.0
"",Vegan Mozzarella,,6.0
"",Arugula,,6.0
"",EXTRA AVOCADO,,20.0
"",Small,,98.0
Small,Strawberry Syrup,,1.0
"",Medium,,35.0
"",Large,,6.0
"",Nutella,,1.0
"",Cone,,2.0
"",Choccolate Fudge,,1.0
"",16 OZ,,82.0
"",Add Fruit,,5.0
"",Decaf,,17.0
"",Almond Milk,,65.0
"",Oat Milk,,81.0
"",To Go Iced,,94.0
"",Add Ice,,48.0
"",Caramel Syrup,,8.0
"",Vanilla Syrup,,15.0
"",To go Iced,,1.0
"",Edo,,0.0
Regular,Burrata 50 Gr,,1.0
Regular,Grilled Vegetables,,2.0
"",Pesto Oil,,4.0
"",Sliced Tomatoes,,1.0
Small,Cone,,1.0
Medium,Cone,,1.0
"",Rigatoni Pomodoro,,1.0
"",Tiramisu,,25.0
"",Rigatoni Alfredo,,5.0
"",Portafoglio Ham,,4.0
"",Caesar Salad,,7.0
"",Fruit Cup,,4.0
"",Portafoglio Mortadella,,1.0
"",Caprese Salad,,1.0
"",Rigatoni Vodka,,4.0
"",Amore Verde Salad,,1.0
"",Fresh Fruit,,3.0
"",Lasagna,,5.0
"",Portafoglio Caprese,,3.0
