Store,External Store ID,Store UUID,Country,Country Code,City,Order ID,Order UUID,Date Ordered,Order Completion Time,Item Name,Currency Code,Item Price,Menu Category,Special Instructions,Rating Date,Rating Time,Rating Value,Comment,Catering Order?,External Item ID,External Data,Fulfillment Type,Order Channel,Eats Brand,Rating Tags
IT Trattoria Lincoln Road – Miami Beach,,b085996a-f1c9-5b8f-803d-432855303666,United States,USA,Miami,23D47,3234dc61-7fb9-59a6-a41b-0c887938a0de,2026-09-04,2026-09-04 14:11:07.000,RIGATONI ALLA SICILIANA,USD,17.95,PASTA,,2026-09-04,2026-09-04 14:15:52.000,1,,0,3014aaec-6427-4e02-9e95-55346d2a4a17_C93dde13bab97,"{""categoryID"":""dccb243f-d3a3-4f61-b655-93dde13bab97"",""isDiscountable"":true}",Pickup,iOS,Uber Eats,"item_perfect_temperature, item_tasty, item_good_portion, item_fresh"
IT Trattoria Lincoln Road – Miami Beach,,b085996a-f1c9-5b8f-803d-432855303666,United States,USA,Miami,9553F,4051dd79-ddd1-553e-9af7-5d8403569151,2026-09-05,2026-09-05 10:48:48.000,RIGATONI TARTUFO (TRUFFLE),USD,24.95,PASTA,,2026-09-05,2026-09-05 11:25:51.000,0,,0,70e7cf31-7187-4018-ac87-151ed7317f00_C9ffa896322a0,"{""categoryID"":""556e2db7-e0b6-4dea-9fcc-9ffa896322a0"",""isDiscountable"":true}",Delivery,Android,Uber Eats,
IT Trattoria Lincoln Road – Miami Beach,,b085996a-f1c9-5b8f-803d-432855303666,United States,USA,Miami,DCC50,cd16cc5b-5133-563d-9ba3-126bc43fe850,2026-09-11,2026-09-11 20:26:50.000,SINGLE ESPRESSO,USD,4.95,,,2026-09-11,2026-09-11 20:27:25.000,1,,0,f7c03dd8-5ccb-4e0b-b58d-36fd306b5437_C8728a5e995af,"{""categoryID"":""3f60f447-7e3c-4a76-800e-8728a5e995af"",""isDiscountable"":true}",Pickup,iOS,Uber Eats,"item_perfect_temperature, item_tasty, item_nice_presentation, item_good_portion, item_fresh"
IT Trattoria Lincoln Road – Miami Beach,,b085996a-f1c9-5b8f-803d-432855303666,United States,USA,Miami,74AD9,e03b97fc-1f77-5c38-9646-9a2662765470,2026-09-22,2026-09-22 12:20:14.000,SINGLE ESPRESSO,USD,4.95,COFFEE,,2026-09-22,2026-09-22 12:20:49.000,1,,0,f7c03dd8-5ccb-4e0b-b58d-36fd306b5437_C8728a5e995af,"{""categoryID"":""3f60f447-7e3c-4a76-800e-8728a5e995af"",""isDiscountable"":true}",Pickup,iOS,Uber Eats,"item_perfect_temperature, item_tasty, item_nice_presentation, item_good_portion, item_fresh"
IT Trattoria Lincoln Road – Miami Beach,,b085996a-f1c9-5b8f-803d-432855303666,United States,USA,Miami,BDFD0,665acd63-5303-55aa-9b66-290ec0effdf4,2026-09-22,2026-09-22 10:50:22.000,SINGLE ESPRESSO,USD,4.95,,,2026-09-22,2026-09-22 10:50:51.000,1,,0,f7c03dd8-5ccb-4e0b-b58d-36fd306b5437_C8728a5e995af,"{""categoryID"":""3f60f447-7e3c-4a76-800e-8728a5e995af"",""isDiscountable"":true}",Pickup,iOS,Uber Eats,"item_perfect_temperature, item_tasty, item_nice_presentation, item_good_portion, item_fresh"
IT Trattoria Lincoln Road – Miami Beach,,b085996a-f1c9-5b8f-803d-432855303666,United States,USA,Miami,9A940,64f15447-1cfc-51d3-9460-c469b3acb6c8,2026-09-23,2026-09-23 17:08:23.000,SINGLE ESPRESSO,USD,4.95,COFFEE,,2026-09-23,2026-09-23 17:08:53.000,1,,0,f7c03dd8-5ccb-4e0b-b58d-36fd306b5437_C8728a5e995af,"{""categoryID"":""3f60f447-7e3c-4a76-800e-8728a5e995af"",""isDiscountable"":true}",Pickup,iOS,Uber Eats,"item_perfect_temperature, item_tasty, item_nice_presentation, item_good_portion, item_fresh"
IT Trattoria Lincoln Road – Miami Beach,,b085996a-f1c9-5b8f-803d-432855303666,United States,USA,Miami,A9A12,e0ff701d-f69d-5e6c-892b-76f1a3c138af,2026-09-23,2026-09-23 16:37:12.000,SINGLE ESPRESSO,USD,4.95,COFFEE,,2026-09-23,2026-09-23 16:37:56.000,1,,0,f7c03dd8-5ccb-4e0b-b58d-36fd306b5437_C8728a5e995af,"{""categoryID"":""3f60f447-7e3c-4a76-800e-8728a5e995af"",""isDiscountable"":true}",Pickup,iOS,Uber Eats,"item_perfect_temperature, item_tasty, item_nice_presentation, item_good_portion, item_fresh"
IT Trattoria Lincoln Road – Miami Beach,,b085996a-f1c9-5b8f-803d-432855303666,United States,USA,Miami,EA309,e7ba1cef-4a6c-5aa7-a15a-611202d34292,2026-09-23,2026-09-23 12:03:03.000,SINGLE ESPRESSO,USD,4.95,COFFEE,,2026-09-23,2026-09-23 12:08:29.000,1,,0,f7c03dd8-5ccb-4e0b-b58d-36fd306b5437_C8728a5e995af,"{""categoryID"":""3f60f447-7e3c-4a76-800e-8728a5e995af"",""isDiscountable"":true}",Pickup,iOS,Uber Eats,"item_perfect_temperature, item_tasty, item_nice_presentation, item_good_portion, item_fresh"
IT Trattoria Lincoln Road – Miami Beach,,b085996a-f1c9-5b8f-803d-432855303666,United States,USA,Miami,ECEDF,31b4df0b-63da-563c-9212-69405978a15b,2026-09-23,2026-09-23 16:35:26.000,SINGLE ESPRESSO,USD,4.95,COFFEE,,2026-09-23,2026-09-23 16:35:45.000,1,,0,f7c03dd8-5ccb-4e0b-b58d-36fd306b5437_C8728a5e995af,"{""categoryID"":""3f60f447-7e3c-4a76-800e-8728a5e995af"",""isDiscountable"":true}",Pickup,iOS,Uber Eats,"item_perfect_temperature, item_tasty, item_nice_presentation, item_good_portion, item_fresh"
IT Trattoria Lincoln Road – Miami Beach,,b085996a-f1c9-5b8f-803d-432855303666,United States,USA,Miami,4246D,c518687c-bcd6-52d3-922f-805ef6679a0f,2026-09-24,2026-09-24 15:40:11.000,COTTO CLUB,USD,16.95,BACI,,2026-09-24,2026-09-24 15:40:51.000,1,,0,f8dd9543-920a-458d-9c77-4867ae7abfb2_C5d4a362c76ff,"{""categoryID"":""80bc809c-33ca-45a2-84d0-5d4a362c76ff"",""isDiscountable"":true}",Pickup,iOS,Uber Eats,"item_perfect_temperature, item_tasty, item_nice_presentation, item_good_portion, item_fresh"
IT Trattoria Lincoln Road – Miami Beach,,b085996a-f1c9-5b8f-803d-432855303666,United States,USA,Miami,200A0,a122c681-44e1-5ea8-b718-1c3320909f45,2026-09-27,2026-09-27 17:37:54.000,SINGLE ESPRESSO,USD,4.95,COFFEE,,2026-09-27,2026-09-27 17:38:34.000,1,,0,f7c03dd8-5ccb-4e0b-b58d-36fd306b5437_C8728a5e995af,"{""categoryID"":""3f60f447-7e3c-4a76-800e-8728a5e995af"",""isDiscountable"":true}",Pickup,iOS,Uber Eats,"item_perfect_temperature, item_tasty, item_nice_presentation, item_good_portion, item_fresh"
IT Trattoria Lincoln Road – Miami Beach,,b085996a-f1c9-5b8f-803d-432855303666,United States,USA,Miami,200A0,a122c681-44e1-5ea8-b718-1c3320909f45,2026-09-27,2026-09-27 17:37:54.000,SLICE TRUFFLE PALA,USD,12.95,PIZZA PALA,,2026-09-27,2026-09-27 17:38:34.000,1,,0,0ef031f5-5c00-47cd-b1c4-c120130843b9_Cec0bdc876f51,"{""categoryID"":""e44f7bd1-5720-44f2-926c-ec0bdc876f51"",""isDiscountable"":true}",Pickup,iOS,Uber Eats,"item_perfect_temperature, item_tasty, item_nice_presentation, item_good_portion, item_fresh"
IT Trattoria Lincoln Road – Miami Beach,,b085996a-f1c9-5b8f-803d-432855303666,United States,USA,Miami,13D82,4c6c53c3-f3ed-56fa-b988-806144d674c4,2026-09-30,2026-09-30 21:56:20.000,SLICE TRUFFLE PALA,USD,12.95,,,2026-09-30,2026-09-30 21:56:48.000,1,,0,0ef031f5-5c00-47cd-b1c4-c120130843b9_C156b96e0c1be,"{""categoryID"":""d70a6305-cdcb-459b-a829-156b96e0c1be"",""isDiscountable"":true}",Pickup,iOS,Uber Eats,"item_perfect_temperature, item_tasty, item_nice_presentation, item_good_portion, item_fresh"
IT Trattoria Lincoln Road – Miami Beach,,b085996a-f1c9-5b8f-803d-432855303666,United States,USA,Miami,A9D3A,caabf7ab-2afc-5f7b-9000-cdf2e9476e07,2026-09-30,2026-09-30 20:57:54.000,SLICE TRUFFLE PALA,USD,12.95,PIZZA PALA,,2026-09-30,2026-09-30 20:58:33.000,1,,0,0ef031f5-5c00-47cd-b1c4-c120130843b9_C156b96e0c1be,"{""categoryID"":""d70a6305-cdcb-459b-a829-156b96e0c1be"",""isDiscountable"":true}",Pickup,iOS,Uber Eats,"item_perfect_temperature, item_tasty, item_nice_presentation, item_good_portion, item_fresh"
