Store name as per Uber Eats manager,External store ID as per Uber Eats manager,Store UUID,Order ID as per Uber Eats manager,Unique ID to identify the order ,"The mode of order fulfillment whether it was delivery by courier via Uber network, delivery by merchant, Pick-up by customer or Dine-in",Mode of payment used for order payment,"The platform from which the customer ordered, (i.e. iOS, Android, Uber Eats Web)","Either: Completed (eater received food), Cancelled (order cancelled by eater or support), Refund (eater was refunded for order), or Unfulfilled (order was not able to be completed)","Local date the order was placed, or local date of the original order placed for which there is a refund",Local timestamp for when order was accepted by the merchant ,Order Completion time ,Uber membership status of the customer who placed the order,Local currency of the store,Total item sales excl tax ,Tax on total item sales in the order,Total item sales incl tax,Amount merchants are responsible for refunding customers when they report order errors (excl tax),Tax Refund On Sales,Amount merchants are responsible for refunding customers when they report order errors (incl tax),Adjustments merchants made to the price of items once an order has been placed (excl tax),Tax on in-store price adjustments,Merchant promotions applied to the order,Tax on merchant promotions applied to the order,Merchant promotions applied to the delivery fee charged to Eaters,Tax on merchant promotions applied to the delivery fee charged to Eaters,Offer Redemption Fee,Fee charged to eater by the merchant for the packaging material,Amount merchant charges Uber for co-funded marketing campaigns. Varies depending on co-funding % for the campaign.,"Total item sales including promotions, adjustments and bag fee incl tax where applicable","The fee Uber charges to merchant to make their store visible to potential customers, provide support and other related services ( %fee is applied to sub-total before discounts) ",The % Marketplace fee Uber charges merchant,Tax on Marketplace fee charged to merchant by Uber,Fixed Fee charged to merchant by Uber for using Ubers delivery network ,Tax on delivery network fee charged to merchant by Uber,A flat % fee on the basket charged by Uber to merchants for processing every order ,"Where delivery fee is greater than cost of delivery, this is equal to (delivery fee minus the cost of delivery) where applicable",Tax on service fee charged by merchants to eaters,"For merchants who perform their own delivery, the tip from the Eater to the courier",Amount directed to Merchant Capital payments,This is the amount collected for the container deposit fee set in the catalog/menu,Description of adhoc one-time payments or charges from Uber to the merchant,"All miscellaneous payments like Ad payments, Ad credits etc. inclusive of tax",Tax Adjustment on Marketplace Facilitator Tax for this order,Sales tax Uber Eats is required to pay in jurisdictions with marketplace facilitator laws ,"As required by the IRS, a % withheld from payments if the EIN/TIN is missing or does not match IRS records.",Garnishment,Total payout associated with this order (negative if associated with a refund)  Sales + Adjustments - promotions + marketing adjustment + Bag fee + delivery fee (self delivery) + tips (self-delivery) - marketplace fee +/- Other payments - marketplace facilitator tax  (incl tax where applicable),Date payout initiated by Uber (generally the Monday following the prior week),Amount commercially agreed to between Merchant and Uber added on a per item basis and charged to the Eater on Merchant’s behalf,Applicable taxes due on the Markup Amount,"This is the ID from retailers, used to identify retailer loyalty customers",The reference ID for identifying the payout related to this order in the Payout Summary Report CSV
Store Name,External Store ID,Store UUID,Order ID,Workflow ID,Dining Mode,Payment Mode,Order Channel,Order Status,Order Date,Order Accept Time,Order Completion time ,Customer Uber-Membership Status,Currency Code,Sales (excl. tax),Tax on Sales,Sales (incl. tax),Chargeback Amount,Tax on Chargeback Amount,Chargeback Amount (incl. tax),Price adjustments (excl. tax),Tax on Price Adjustments,Offers on items (incl. tax),Tax On Offers on items,Delivery Offer Redemptions (incl. tax),Tax On Delivery Offer Redemptions,Offer Redemption Fee,Bag Fee,Marketing Adjustment,Total Sales after Adjustments (incl tax),Marketplace Fee,Marketplace fee %,Tax on Marketplace Fee,Delivery Network Fee,Tax on Delivery Network Fee,Order Processing Fee,Delivery Fee,Tax On Delivery Fee,Tips,Capital payments,Container Deposit Fee,Other payments description,Other payments,Marketplace Facilitator Tax Adjustment,Marketplace Facilitator Tax,Backup Withholding Tax,Garnishment,Total payout ,Payout Date,Markup Amount,Markup Tax,Retailer Loyalty ID,Payout reference ID
IT Trattoria Lincoln Road – Miami Beach,,b085996a-f1c9-5b8f-803d-432855303666,#72BA1,869becfb-065c-4d5d-803c-94a867f72ba1,Delivery - Partner Using Uber App,Digital,UberEats iOS,Completed,9/1/26,4:36 PM,2026-09-01 16:51:11,Uber One member,USD,47.2,4.24,51.44,0,0,0,0,0,-19.55,-1.6,0,0,-0.99,0,0,31.89,-8.78,30,0,0,0,0,0,0,0,0,0,,0,0,-2.05,0,0,20.07,9/8/26,0,0,,0Z9CHDASSL5KP10
IT Trattoria Lincoln Road – Miami Beach,,b085996a-f1c9-5b8f-803d-432855303666,#01732,0d1e4788-0183-4c7d-8754-ddba69a01732,Delivery - Partner Using Uber App,Digital,UberEats iOS,Completed,9/1/26,7:33 PM,2026-09-01 20:13:22,Uber One member,USD,53.8,4.85,58.65,0,0,0,0,0,-27.2,-2.25,0,0,-0.99,0,0,31.45,-8.66,30,0,0,0,0,0,0,0,0,0,,0,0,-2.02,0,0,19.78,9/8/26,0,0,,0Z9CHDASSL5KP10
IT Trattoria Lincoln Road – Miami Beach,,b085996a-f1c9-5b8f-803d-432855303666,#E7076,744c6f48-6428-4a26-92ef-d07d993e7076,Delivery - Partner Using Uber App,Digital,UberEats iOS,Completed,9/1/26,8:07 PM,2026-09-01 20:32:04,Uber One member,USD,21.95,1.98,23.93,0,0,0,0,0,0,0,0,0,0,0,0,23.93,-6.59,30,0,0,0,0,0,0,0,0,0,,0,0,-1.54,0,0,15.8,9/8/26,0,0,,0Z9CHDASSL5KP10
IT Trattoria Lincoln Road – Miami Beach,,b085996a-f1c9-5b8f-803d-432855303666,#7E99C,ef352a91-1a33-4a94-ad99-eade9497e99c,Delivery - Partner Using Uber App,Digital,UberEats iOS,Completed,9/2/26,7:30 PM,2026-09-02 20:25:04,Uber One member,USD,35.9,3.23,39.13,0,0,0,0,0,-19.56,-1.61,0,0,-0.99,0,0,19.57,-5.39,30,0,0,0,0,0,0,0,0,0,,0,0,-1.26,0,0,11.93,9/8/26,0,0,,0Z9CHDASSL5KP10
IT Trattoria Lincoln Road – Miami Beach,,b085996a-f1c9-5b8f-803d-432855303666,#DF4C6,7cce727d-69dc-4b43-9925-cad4ce3df4c6,Delivery - Partner Using Uber App,Digital,UberEats Web,Completed,9/3/26,11:03 AM,2026-09-03 11:59:19,Non-member,USD,196.85,17.72,214.57,0,0,0,0,0,-70.68,-5.83,0,0,-0.99,0,0,143.89,-33,25,0,0,0,0,0,0,0,0,0,,0,0,-9.25,0,0,100.65,9/8/26,0,0,,0Z9CHDASSL5KP10
IT Trattoria Lincoln Road – Miami Beach,,b085996a-f1c9-5b8f-803d-432855303666,#DE1BD,b076a911-3a9a-417b-9046-2319aeede1bd,Delivery - Partner Using Uber App,Digital,UberEats iOS,Completed,9/3/26,1:26 PM,2026-09-03 13:42:09,Uber One member,USD,49.9,4.49,54.39,0,0,0,0,0,-27.19,-2.24,0,0,-0.99,0,0,27.2,-7.49,30,0,0,0,0,0,0,0,0,0,,0,0,-1.75,0,0,16.97,9/8/26,0,0,,0Z9CHDASSL5KP10
IT Trattoria Lincoln Road – Miami Beach,,b085996a-f1c9-5b8f-803d-432855303666,#FAC1E,62101dfa-17d2-43a8-b9f3-a5c6eb7fac1e,Delivery - Partner Using Uber App,Digital,UberEats iOS,Completed,9/3/26,3:14 PM,2026-09-03 15:32:27,Uber One member,USD,45.85,4.13,49.98,0,0,0,0,0,-19.56,-1.61,0,0,-0.99,0,0,30.42,-8.37,30,0,0,0,0,0,0,0,0,0,,0,0,-1.96,0,0,19.1,9/8/26,0,0,,0Z9CHDASSL5KP10
IT Trattoria Lincoln Road – Miami Beach,,b085996a-f1c9-5b8f-803d-432855303666,#CEA25,0983a700-0dc7-450f-b665-5f8ba25cea25,Delivery - Partner Using Uber App,Digital,UberEats iOS,Completed,9/3/26,6:53 PM,2026-09-03 19:28:30,Uber One member,USD,27.9,2.51,30.41,0,0,0,0,0,0,0,0,0,0,0,0,30.41,-8.37,30,0,0,0,0,0,0,0,0,0,,0,0,-1.95,0,0,20.09,9/8/26,0,0,,0Z9CHDASSL5KP10
IT Trattoria Lincoln Road – Miami Beach,,b085996a-f1c9-5b8f-803d-432855303666,#5C7E1,14f46d86-e45b-48ae-be38-247bb615c7e1,Delivery - Partner Using Uber App,Digital,UberEats iOS,Completed,9/3/26,7:33 PM,2026-09-03 20:00:03,Non-member,USD,35.55,3.21,38.76,0,0,0,0,0,0,0,0,0,0,0,0,38.76,-8.89,25,0,0,0,0,0,0,0,0,0,,0,0,-2.5,0,0,27.37,9/8/26,0,0,,0Z9CHDASSL5KP10
IT Trattoria Lincoln Road – Miami Beach,,b085996a-f1c9-5b8f-803d-432855303666,#23D47,75e79689-1db3-400f-b9f8-683df5123d47,Pickup,Digital,UberEats iOS,Completed,9/4/26,1:53 PM,2026-09-04 14:11:07,Non-member,USD,47.2,4.25,51.45,0,0,0,0,0,-19.57,-1.62,0,0,-0.99,0,0,31.88,-2.05,7,0,0,0,0,0,0,0,0,0,,0,0,-2.05,0,0,26.79,9/8/26,0,0,,0Z9CHDASSL5KP10
IT Trattoria Lincoln Road – Miami Beach,,b085996a-f1c9-5b8f-803d-432855303666,#30469,be66f00f-61c7-4856-ba62-dbee4c130469,Delivery - Partner Using Uber App,Digital,UberEats iOS,Completed,9/4/26,9:05 PM,2026-09-04 21:21:50,Non-member,USD,21.95,1.98,23.93,0,0,0,0,0,0,0,0,0,0,0,0,23.93,-5.49,25,0,0,0,0,0,0,0,0,0,,0,0,-1.54,0,0,16.9,9/8/26,0,0,,0Z9CHDASSL5KP10
IT Trattoria Lincoln Road – Miami Beach,,b085996a-f1c9-5b8f-803d-432855303666,#9553F,76ee7a40-4563-4922-87e9-18b09ac9553f,Delivery - Partner Using Uber App,Digital,UberEats Web,Completed,9/5/26,10:16 AM,2026-09-05 10:48:48,Non-member,USD,59.8,5.39,65.19,0,0,0,0,0,-27.2,-2.25,0,0,-0.99,0,0,37.99,-8.71,25,0,0,0,0,0,0,0,0,0,,0,0,-2.44,0,0,25.85,9/8/26,0,0,,0Z9CHDASSL5KP10
IT Trattoria Lincoln Road – Miami Beach,,b085996a-f1c9-5b8f-803d-432855303666,#9553F,76ee7a40-4563-4922-87e9-18b09ac9553f,Delivery - Partner Using Uber App,Digital,UberEats Unknown,Refund,9/5/26,10:16 AM,2026-09-05 10:48:48,Non-member,USD,0,0,0,-34.85,-3.14,-37.99,0,0,0,0,0,0,0,0,0,0,0,,0,0,0,0,0,0,0,0,0,,0,0,2.44,0,0,-35.55,9/8/26,0,0,,0Z9CHDASSL5KP10
IT Trattoria Lincoln Road – Miami Beach,,b085996a-f1c9-5b8f-803d-432855303666,#C51AB,04aac722-36f2-4d61-beca-69bb3e0c51ab,Delivery - Partner Using Uber App,Digital,UberEats iOS,Completed,9/5/26,8:29 PM,2026-09-05 21:02:13,Non-member,USD,91.8,8.26,100.06,0,0,0,0,0,-50.02,-4.12,0,0,-0.99,0,0,50.04,-11.48,25,0,0,0,0,0,0,0,0,0,,0,0,-3.22,0,0,34.35,9/8/26,0,0,,0Z9CHDASSL5KP10
IT Trattoria Lincoln Road – Miami Beach,,b085996a-f1c9-5b8f-803d-432855303666,#3862E,726cf1cc-c557-4bc3-869d-1c5c9bc3862e,Delivery - Partner Using Uber App,Digital,UberEats iOS,Completed,9/6/26,9:31 AM,2026-09-06 10:40:52,Uber One member,USD,61.85,5.57,67.42,0,0,0,0,0,-22.83,-1.88,0,0,-0.99,0,0,44.59,-12.27,30,0,0,0,0,0,0,0,0,0,,0,0,-2.87,0,0,28.46,9/8/26,0,0,,0Z9CHDASSL5KP10
IT Trattoria Lincoln Road – Miami Beach,,b085996a-f1c9-5b8f-803d-432855303666,#41FB7,150d61c1-e850-4a53-bce1-68649cc41fb7,Delivery - Partner Using Uber App,Digital,UberEats iOS,Completed,9/6/26,4:51 PM,2026-09-06 17:44:18,Uber One member,USD,165.6,14.9,180.5,0,0,0,0,0,-90.24,-7.44,0,0,-0.99,0,0,90.26,-24.84,30,0,0,0,0,0,0,0,0,0,,0,0,-5.8,0,0,58.63,9/8/26,0,0,,0Z9CHDASSL5KP10
IT Trattoria Lincoln Road – Miami Beach,,b085996a-f1c9-5b8f-803d-432855303666,#993FD,ef1da6cb-f451-41c9-9e51-18c6924993fd,Delivery - Partner Using Uber App,Digital,UberEats iOS,Completed,9/6/26,5:32 PM,2026-09-06 18:14:53,Uber One member,USD,79.8,7.18,86.98,0,0,0,0,0,-43.48,-3.58,0,0,-0.99,0,0,43.5,-11.97,30,0,0,0,0,0,0,0,0,0,,0,0,-2.8,0,0,27.74,9/8/26,0,0,,0Z9CHDASSL5KP10
IT Trattoria Lincoln Road – Miami Beach,,b085996a-f1c9-5b8f-803d-432855303666,#14B0D,34299443-126e-4223-aeb3-4313c1e14b0d,Delivery - Partner Using Uber App,Digital,UberEats iOS,Completed,9/6/26,5:46 PM,2026-09-06 18:31:34,Uber One member,USD,51.15,4.6,55.75,0,0,0,0,0,0,0,0,0,0,0,0,55.75,-15.35,30,0,0,0,0,0,0,0,0,0,,0,0,-3.58,0,0,36.82,9/8/26,0,0,,0Z9CHDASSL5KP10
IT Trattoria Lincoln Road – Miami Beach,,b085996a-f1c9-5b8f-803d-432855303666,#75368,93f469f6-be6a-41d4-b146-609325e75368,Delivery - Partner Using Uber App,Digital,UberEats iOS,Completed,9/6/26,7:49 PM,2026-09-06 20:51:39,Uber One member,USD,73.8,6.64,80.44,0,0,0,0,0,-40.21,-3.31,0,0,-0.99,0,0,40.23,-11.07,30,0,0,0,0,0,0,0,0,0,,0,0,-2.59,0,0,25.58,9/8/26,0,0,,0Z9CHDASSL5KP10
IT Trattoria Lincoln Road – Miami Beach,,b085996a-f1c9-5b8f-803d-432855303666,#E8303,3b3ce929-cd29-43d2-bc7e-a9fde65e8303,Pickup,Digital,UberEats iOS,Completed,9/6/26,8:50 PM,2026-09-06 22:20:15,Uber One member,USD,41.9,3.77,45.67,0,0,0,0,0,-22.83,-1.88,0,0,-0.99,0,0,22.84,-1.47,7,0,0,0,0,0,0,0,0,0,,0,0,-1.47,0,0,18.91,9/8/26,0,0,,0Z9CHDASSL5KP10
IT Trattoria Lincoln Road – Miami Beach,,b085996a-f1c9-5b8f-803d-432855303666,#A7725,42a9997b-d457-4c1e-9706-30354bba7725,Delivery - Partner Using Uber App,Digital,UberEats iOS,Completed,9/7/26,12:14 PM,2026-09-07 12:36:20,Non-member,USD,35.9,3.23,39.13,0,0,0,0,0,-19.56,-1.61,0,0,-0.99,0,0,19.57,-4.49,25,0,0,0,0,0,0,0,0,0,,0,0,-1.26,0,0,12.83,9/14/26,0,0,,G6OBXAIOXGHP6GP
IT Trattoria Lincoln Road – Miami Beach,,b085996a-f1c9-5b8f-803d-432855303666,#FD647,29ccdd9a-7c2a-4192-b425-ef48cadfd647,Delivery - Partner Using Uber App,Digital,UberEats iOS,Completed,9/7/26,4:46 PM,2026-09-07 17:10:48,Uber One member,USD,20.95,1.89,22.84,0,0,0,0,0,0,0,0,0,0,0,0,22.84,-6.29,30,0,0,0,0,0,0,0,0,0,,0,0,-1.47,0,0,15.08,9/14/26,0,0,,G6OBXAIOXGHP6GP
IT Trattoria Lincoln Road – Miami Beach,,b085996a-f1c9-5b8f-803d-432855303666,#CE94F,3216d4ef-b19c-4a77-a279-f1e7b41ce94f,Delivery - Partner Using Uber App,Digital,UberEats iOS,Completed,9/7/26,5:24 PM,2026-09-07 18:15:24,Uber One member,USD,79.8,7.18,86.98,0,0,0,0,0,-43.48,-3.58,0,0,-0.99,0,0,43.5,-11.97,30,0,0,0,0,0,0,0,0,0,,0,0,-2.8,0,0,27.74,9/14/26,0,0,,G6OBXAIOXGHP6GP
IT Trattoria Lincoln Road – Miami Beach,,b085996a-f1c9-5b8f-803d-432855303666,#B5EEE,fd6b9cf6-ca7f-45fc-a900-c04416cb5eee,Delivery - Partner Using Uber App,Digital,UberEats iOS,Completed,9/7/26,5:34 PM,2026-09-07 18:30:11,Non-member,USD,41.9,3.77,45.67,0,0,0,0,0,-22.83,-1.88,0,0,-0.99,0,0,22.84,-5.24,25,0,0,0,0,0,0,0,0,0,,0,0,-1.47,0,0,15.14,9/14/26,0,0,,G6OBXAIOXGHP6GP
IT Trattoria Lincoln Road – Miami Beach,,b085996a-f1c9-5b8f-803d-432855303666,#AAF86,20f5260f-3536-44a3-9860-f095eeaaaf86,Delivery - Partner Using Uber App,Digital,UberEats iOS,Completed,9/7/26,7:27 PM,2026-09-07 20:18:55,Non-member,USD,77.8,7,84.8,0,0,0,0,0,-42.39,-3.49,0,0,-0.99,0,0,42.41,-9.73,25,0,0,0,0,0,0,0,0,0,,0,0,-2.73,0,0,28.96,9/14/26,0,0,,G6OBXAIOXGHP6GP
IT Trattoria Lincoln Road – Miami Beach,,b085996a-f1c9-5b8f-803d-432855303666,#9AB25,6323e275-1739-4be1-af1d-afdf2329ab25,Delivery - Partner Using Uber App,Digital,UberEats iOS,Completed,9/7/26,9:29 PM,2026-09-07 22:00:35,Uber One member,USD,25.6,2.31,27.91,0,0,0,0,0,0,0,0,0,0,0,0,27.91,-7.68,30,0,0,0,0,0,0,0,0,0,,0,0,-1.8,0,0,18.43,9/14/26,0,0,,G6OBXAIOXGHP6GP
IT Trattoria Lincoln Road – Miami Beach,,b085996a-f1c9-5b8f-803d-432855303666,#C293D,19ed1e3a-6560-455a-8c49-7beae2ac293d,Delivery - Partner Using Uber App,Digital,UberEats iOS,Completed,9/8/26,10:34 AM,2026-09-08 11:12:55,Non-member,USD,21.95,1.98,23.93,0,0,0,0,0,0,0,0,0,0,0,0,23.93,-5.49,25,0,0,0,0,0,0,0,0,0,,0,0,-1.54,0,0,16.9,9/14/26,0,0,,G6OBXAIOXGHP6GP
IT Trattoria Lincoln Road – Miami Beach,,b085996a-f1c9-5b8f-803d-432855303666,#E2315,d5563f6c-00a0-40da-8b98-2b63a09e2315,Delivery - Partner Using Uber App,Digital,UberEats iOS,Completed,9/8/26,10:48 AM,2026-09-08 11:17:32,Uber One member,USD,22.9,2.06,24.96,0,0,0,0,0,0,0,0,0,0,0,0,24.96,-6.87,30,0,0,0,0,0,0,0,0,0,,0,0,-1.6,0,0,16.49,9/14/26,0,0,,G6OBXAIOXGHP6GP
IT Trattoria Lincoln Road – Miami Beach,,b085996a-f1c9-5b8f-803d-432855303666,#BA611,f45dbe59-db97-4071-a197-9a41a45ba611,Delivery - Partner Using Uber App,Digital,UberEats iOS,Completed,9/8/26,5:22 PM,2026-09-08 17:35:27,Uber One member,USD,17.9,1.61,19.51,0,0,0,0,0,0,0,0,0,0,0,0,19.51,-5.37,30,0,0,0,0,0,0,0,0,0,,0,0,-1.25,0,0,12.89,9/14/26,0,0,,G6OBXAIOXGHP6GP
IT Trattoria Lincoln Road – Miami Beach,,b085996a-f1c9-5b8f-803d-432855303666,#B8D66,04201b0b-90f2-4fc7-825c-f63977ab8d66,Delivery - Partner Using Uber App,Digital,UberEats iOS,Completed,9/8/26,5:46 PM,2026-09-08 18:15:28,Non-member,USD,24.6,2.22,26.82,0,0,0,0,0,0,0,0,0,0,0,0,26.82,-6.15,25,0,0,0,0,0,0,0,0,0,,0,0,-1.73,0,0,18.94,9/14/26,0,0,,G6OBXAIOXGHP6GP
IT Trattoria Lincoln Road – Miami Beach,,b085996a-f1c9-5b8f-803d-432855303666,#BB756,095c9f1b-4e47-478b-9111-a1e2a78bb756,Delivery - Partner Using Uber App,Digital,UberEats iOS,Completed,9/8/26,6:32 PM,2026-09-08 18:44:31,Non-member,USD,24.6,2.22,26.82,0,0,0,0,0,0,0,0,0,0,0,0,26.82,-6.15,25,0,0,0,0,0,0,0,0,0,,0,0,-1.73,0,0,18.94,9/14/26,0,0,,G6OBXAIOXGHP6GP
IT Trattoria Lincoln Road – Miami Beach,,b085996a-f1c9-5b8f-803d-432855303666,#FCFF7,21da5098-4898-4df8-8e58-c8df69cfcff7,Delivery - Partner Using Uber App,Digital,UberEats iOS,Completed,9/8/26,6:30 PM,2026-09-08 18:46:40,Uber One member,USD,20.95,1.89,22.84,0,0,0,0,0,0,0,0,0,0,0,0,22.84,-6.29,30,0,0,0,0,0,0,0,0,0,,0,0,-1.47,0,0,15.08,9/14/26,0,0,,G6OBXAIOXGHP6GP
IT Trattoria Lincoln Road – Miami Beach,,b085996a-f1c9-5b8f-803d-432855303666,#18D44,078a4fb7-8138-43b3-8bcf-0e8c2d118d44,Delivery - Partner Using Uber App,Digital,UberEats iOS,Completed,9/8/26,10:32 PM,2026-09-08 23:06:46,Uber One member,USD,49.9,4.49,54.39,0,0,0,0,0,-27.19,-2.24,0,0,-0.99,0,0,27.2,-7.49,30,0,0,0,0,0,0,0,0,0,,0,0,-1.75,0,0,16.97,9/14/26,0,0,,G6OBXAIOXGHP6GP
IT Trattoria Lincoln Road – Miami Beach,,b085996a-f1c9-5b8f-803d-432855303666,#D7067,3c686499-2618-431d-aae2-c4cc724d7067,Pickup,Digital,UberEats iOS,Completed,9/9/26,12:29 PM,2026-09-09 13:59:51,Uber One member,USD,35.9,3.23,39.13,0,0,0,0,0,-19.56,-1.61,0,0,-0.99,0,0,19.57,-1.26,7,0,0,0,0,0,0,0,0,0,,0,0,-1.26,0,0,16.06,9/14/26,0,0,,G6OBXAIOXGHP6GP
IT Trattoria Lincoln Road – Miami Beach,,b085996a-f1c9-5b8f-803d-432855303666,#5CD0A,811f4052-058b-4a93-9bc3-dd9cdae5cd0a,Delivery - Partner Using Uber App,Digital,UberEats Android,Completed,9/9/26,8:31 PM,2026-09-09 20:54:55,Uber One member,USD,43.9,3.95,47.85,0,0,0,0,0,0,0,0,0,0,0,0,47.85,-13.17,30,0,0,0,0,0,0,0,0,0,,0,0,-3.07,0,0,31.61,9/14/26,0,0,,G6OBXAIOXGHP6GP
IT Trattoria Lincoln Road – Miami Beach,,b085996a-f1c9-5b8f-803d-432855303666,#E8D17,ba090dbe-48d8-4d54-a74a-ee9718ce8d17,Pickup,Digital,UberEats iOS,Completed,9/10/26,1:54 PM,2026-09-10 15:24:26,Non-member,USD,39.8,3.58,43.38,0,0,0,0,0,0,0,0,0,0,0,0,43.38,-2.79,7,0,0,0,0,0,0,0,0,0,,0,0,-2.79,0,0,37.8,9/14/26,0,0,,G6OBXAIOXGHP6GP
IT Trattoria Lincoln Road – Miami Beach,,b085996a-f1c9-5b8f-803d-432855303666,#6D623,b2b47274-278d-4c17-94bf-038070d6d623,Delivery - Partner Using Uber App,Digital,UberEats Unknown,Refund Disputed,8/21/26,10:27 PM,2026-08-21 22:49:13,Uber One member,USD,0,0,0,18.4,0.37,18.77,0,0,0,0,0,0,0,0,0,0,0,,0,0,0,0,0,0,0,0,0,,0,0,0,0,0,18.77,9/14/26,0,0,,G6OBXAIOXGHP6GP
IT Trattoria Lincoln Road – Miami Beach,,b085996a-f1c9-5b8f-803d-432855303666,#40476,775db4c1-c8af-4920-9d01-a473f8740476,Delivery - Partner Using Uber App,Digital,UberEats iOS,Completed,9/10/26,9:47 PM,2026-09-10 22:03:29,Uber One member,USD,18.9,1.7,20.6,0,0,0,0,0,0,0,0,0,0,0,0,20.6,-5.67,30,0,0,0,0,0,0,0,0,0,,0,0,-1.32,0,0,13.61,9/14/26,0,0,,G6OBXAIOXGHP6GP
IT Trattoria Lincoln Road – Miami Beach,,b085996a-f1c9-5b8f-803d-432855303666,#1101E,fde2bba2-569c-4928-9e4c-beb658b1101e,Delivery - Partner Using Uber App,Digital,UberEats iOS,Completed,9/11/26,12:28 PM,2026-09-11 13:07:50,Non-member,USD,36.85,3.32,40.17,0,0,0,0,0,0,0,0,0,0,0,0,40.17,-9.21,25,0,0,0,0,0,0,0,0,0,,0,0,-2.58,0,0,28.38,9/14/26,0,0,,G6OBXAIOXGHP6GP
IT Trattoria Lincoln Road – Miami Beach,,b085996a-f1c9-5b8f-803d-432855303666,#DCC50,b063f363-78ef-425b-911d-e926b39dcc50,Pickup,Digital,UberEats iOS,Completed,9/11/26,8:20 PM,2026-09-11 20:26:50,Non-member,USD,4.95,0.45,5.4,0,0,0,0,0,-5.4,-0.45,0,0,0,0,0,0,0,,0,0,0,0,0,0,0,0,0,,0,0,0,0,0,0,9/14/26,0,0,,G6OBXAIOXGHP6GP
IT Trattoria Lincoln Road – Miami Beach,,b085996a-f1c9-5b8f-803d-432855303666,#2E4C6,64e1f073-74e7-49da-80d0-e0374102e4c6,Delivery - Partner Using Uber App,Digital,UberEats iOS,Completed,9/11/26,8:20 PM,2026-09-11 20:46:26,Uber One member,USD,49.9,4.49,54.39,0,0,0,0,0,-27.19,-2.24,0,0,-0.99,0,0,27.2,-7.49,30,0,0,0,0,0,0,0,0,0,,0,0,-1.75,0,0,16.97,9/14/26,0,0,,G6OBXAIOXGHP6GP
IT Trattoria Lincoln Road – Miami Beach,,b085996a-f1c9-5b8f-803d-432855303666,#E1676,1d40b612-4ceb-4b81-8412-0afd4c5e1676,Delivery - Partner Using Uber App,Digital,UberEats iOS,Completed,9/11/26,10:45 PM,2026-09-11 22:55:09,Non-member,USD,21.95,1.98,23.93,0,0,0,0,0,0,0,0,0,0,0,0,23.93,-5.49,25,0,0,0,0,0,0,0,0,0,,0,0,-1.54,0,0,16.9,9/14/26,0,0,,G6OBXAIOXGHP6GP
IT Trattoria Lincoln Road – Miami Beach,,b085996a-f1c9-5b8f-803d-432855303666,#49E31,e8cddeab-9f92-4887-825c-ec1b3ee49e31,Pickup,Digital,UberEats iOS,Completed,9/12/26,2:39 PM,2026-09-12 16:09:10,Non-member,USD,41.9,3.77,45.67,0,0,0,0,0,-22.83,-1.88,0,0,-0.99,0,0,22.84,-1.47,7,0,0,0,0,0,0,0,0,0,,0,0,-1.47,0,0,18.91,9/14/26,0,0,,G6OBXAIOXGHP6GP
IT Trattoria Lincoln Road – Miami Beach,,b085996a-f1c9-5b8f-803d-432855303666,#26CA5,72d983ff-6094-41cf-80d5-4f92c6126ca5,Delivery - Partner Using Uber App,Digital,UberEats iOS,Completed,9/12/26,9:42 PM,2026-09-12 22:04:26,Uber One member,USD,16.95,1.53,18.48,0,0,0,0,0,0,0,0,0,0,0,0,18.48,-5.09,30,0,0,0,0,0,0,0,0,0,,0,-0.02,-1.17,0,0,12.2,9/14/26,0,0,,G6OBXAIOXGHP6GP
IT Trattoria Lincoln Road – Miami Beach,,b085996a-f1c9-5b8f-803d-432855303666,#CC91E,06f1848b-856d-45c8-bbc5-4346222cc91e,Delivery - Partner Using Uber App,Digital,UberEats iOS,Completed,9/13/26,12:59 PM,2026-09-13 14:36:13,Uber One member,USD,47.2,4.24,51.44,0,0,0,0,0,-19.56,-1.61,0,0,-0.99,0,0,31.88,-8.78,30,0,0,0,0,0,0,0,0,0,,0,0,-2.04,0,0,20.07,9/14/26,0,0,,G6OBXAIOXGHP6GP
IT Trattoria Lincoln Road – Miami Beach,,b085996a-f1c9-5b8f-803d-432855303666,#8AFCC,260dc4b9-f6c8-4d3d-b71d-5eae5d78afcc,Delivery - Partner Using Uber App,Digital,UberEats iOS,Completed,9/13/26,4:08 PM,2026-09-13 16:35:18,Uber One member,USD,85.8,7.72,93.52,0,0,0,0,0,-46.75,-3.85,0,0,-0.99,0,0,46.77,-12.87,30,0,0,0,0,0,0,0,0,0,,0,-0.02,-2.99,0,0,29.9,9/14/26,0,0,,G6OBXAIOXGHP6GP
IT Trattoria Lincoln Road – Miami Beach,,b085996a-f1c9-5b8f-803d-432855303666,#2D192,fb84000e-9e49-4a19-819d-d9d23a32d192,Delivery - Partner Using Uber App,Digital,UberEats iOS,Completed,9/13/26,7:54 PM,2026-09-13 20:30:21,Uber One member,USD,41.9,3.77,45.67,0,0,0,0,0,-22.83,-1.88,0,0,-0.99,0,0,22.84,-6.29,30,0,0,0,0,0,0,0,0,0,,0,0,-1.47,0,0,14.09,9/14/26,0,0,,G6OBXAIOXGHP6GP
IT Trattoria Lincoln Road – Miami Beach,,b085996a-f1c9-5b8f-803d-432855303666,#40712,14e83244-d510-4069-8e10-d8f8f3d40712,Delivery - Partner Using Uber App,Digital,UberEats iOS,Completed,9/13/26,9:07 PM,2026-09-13 22:02:24,Uber One member,USD,24.9,2.24,27.14,0,0,0,0,0,0,0,0,0,0,0,0,27.14,-7.47,30,0,0,0,0,0,0,0,0,0,,0,0,-1.74,0,0,17.93,9/14/26,0,0,,G6OBXAIOXGHP6GP
IT Trattoria Lincoln Road – Miami Beach,,b085996a-f1c9-5b8f-803d-432855303666,#8589F,ed394b33-7aff-4c8c-b5ac-0275c568589f,Delivery - Partner Using Uber App,Digital,UberEats iOS,Completed,9/14/26,10:23 AM,2026-09-14 11:39:04,Uber One member,USD,19.95,1.8,21.75,0,0,0,0,0,0,0,0,0,0,0,0,21.75,-5.99,30,0,0,0,0,0,0,0,0,0,,0,0,-1.4,0,0,14.36,9/21/26,0,0,,162HJKCTEXDFNOB
IT Trattoria Lincoln Road – Miami Beach,,b085996a-f1c9-5b8f-803d-432855303666,#6CD3D,bfb45c65-c33a-42ff-a41d-14169946cd3d,Delivery - Partner Using Uber App,Digital,UberEats iOS,Completed,9/14/26,7:33 PM,2026-09-14 20:24:39,Non-member,USD,20.9,1.89,22.79,0,0,0,0,0,0,0,0,0,0,0,0,22.79,-5.23,25,0,0,0,0,0,0,0,0,0,,0,0,-1.47,0,0,16.09,9/21/26,0,0,,162HJKCTEXDFNOB
IT Trattoria Lincoln Road – Miami Beach,,b085996a-f1c9-5b8f-803d-432855303666,#AD288,462bc51f-b21b-4689-bb47-ac0d121ad288,Delivery - Partner Using Uber App,Digital,UberEats iOS,Completed,9/15/26,12:19 PM,2026-09-15 12:42:57,Uber One member,USD,112.85,10.16,123.01,0,0,0,0,0,0,0,0,0,0,0,0,123.01,-33.86,30,0,0,0,0,0,0,0,0,0,,0,0,-7.9,0,0,81.25,9/21/26,0,0,,162HJKCTEXDFNOB
IT Trattoria Lincoln Road – Miami Beach,,b085996a-f1c9-5b8f-803d-432855303666,#ED491,8713e70d-f5ed-4eb9-9d91-f4a8e34ed491,Delivery - Partner Using Uber App,Digital,UberEats iOS,Completed,9/15/26,7:56 PM,2026-09-15 20:21:35,Uber One member,USD,34.8,3.14,37.94,0,0,0,0,0,0,0,0,0,0,0,0,37.94,-10.44,30,0,0,0,0,0,0,0,0,0,,0,0,-2.44,0,0,25.06,9/21/26,0,0,,162HJKCTEXDFNOB
IT Trattoria Lincoln Road – Miami Beach,,b085996a-f1c9-5b8f-803d-432855303666,#4B38E,00afc991-a1fc-41f7-b99f-b5a95de4b38e,Delivery - Partner Using Uber App,Digital,UberEats iOS,Completed,9/15/26,8:34 PM,2026-09-15 20:57:46,Non-member,USD,41.9,3.77,45.67,0,0,0,0,0,-22.83,-1.88,0,0,-0.99,0,0,22.84,-5.24,25,0,0,0,0,0,0,0,0,0,,0,0,-1.47,0,0,15.14,9/21/26,0,0,,162HJKCTEXDFNOB
IT Trattoria Lincoln Road – Miami Beach,,b085996a-f1c9-5b8f-803d-432855303666,#EAACB,d19efbb4-7ea9-48e8-a3a2-16fa858eaacb,Delivery - Partner Using Uber App,Digital,UberEats iOS,Completed,9/16/26,4:25 PM,2026-09-16 17:14:36,Non-member,USD,74.5,6.71,81.21,0,0,0,0,0,-27.19,-2.24,0,0,-0.99,0,0,54.02,-12.39,25,0,0,0,0,0,0,0,0,0,,0,0,-3.48,0,0,37.16,9/21/26,0,0,,162HJKCTEXDFNOB
IT Trattoria Lincoln Road – Miami Beach,,b085996a-f1c9-5b8f-803d-432855303666,#DE6F3,f4d8d628-bc31-4ba2-817e-cc8fa4fde6f3,Delivery - Partner Using Uber App,Digital,UberEats iOS,Completed,9/16/26,10:39 PM,2026-09-16 23:29:38,Uber One member,USD,45.85,4.13,49.98,0,0,0,0,0,-19.57,-1.62,0,0,-0.99,0,0,30.41,-8.37,30,0,0,0,0,0,0,0,0,0,,0,-0.09,-1.86,0,0,19.1,9/21/26,0,0,,162HJKCTEXDFNOB
IT Trattoria Lincoln Road – Miami Beach,,b085996a-f1c9-5b8f-803d-432855303666,#0454F,e903580d-3463-4c1e-887a-d6812630454f,Delivery - Partner Using Uber App,Digital,UberEats iOS,Completed,9/17/26,3:30 PM,2026-09-17 15:50:30,Uber One member,USD,58.85,5.3,64.15,0,0,0,0,0,0,0,0,0,0,0,0,64.15,-17.66,30,0,0,0,0,0,0,0,0,0,,0,0,-4.12,0,0,42.37,9/21/26,0,0,,162HJKCTEXDFNOB
IT Trattoria Lincoln Road – Miami Beach,,b085996a-f1c9-5b8f-803d-432855303666,#DF40C,0f34681b-c15b-411c-bbd4-2458b09df40c,Delivery - Partner Using Uber App,Digital,UberEats iOS,Completed,9/17/26,9:22 PM,2026-09-17 21:40:04,Uber One member,USD,21.9,1.97,23.87,0,0,0,0,0,0,0,0,0,0,0,0,23.87,-6.57,30,0,0,0,0,0,0,0,0,0,,0,0,-1.53,0,0,15.77,9/21/26,0,0,,162HJKCTEXDFNOB
IT Trattoria Lincoln Road – Miami Beach,,b085996a-f1c9-5b8f-803d-432855303666,#291A0,429d2306-ada2-496c-9bd6-9ab2002291a0,Delivery - Partner Using Uber App,Digital,Postmates iOS,Completed,9/18/26,5:17 PM,2026-09-18 17:42:19,Uber One member,USD,49.9,4.49,54.39,0,0,0,0,0,-27.19,-2.24,0,0,-0.99,0,0,27.2,-7.49,30,0,0,0,0,0,0,0,0,0,,0,0,-1.75,0,0,16.97,9/21/26,0,0,,162HJKCTEXDFNOB
IT Trattoria Lincoln Road – Miami Beach,,b085996a-f1c9-5b8f-803d-432855303666,#D721C,a66577ea-5369-4195-9aa2-992bc4bd721c,Delivery - Partner Using Uber App,Digital,UberEats iOS,Completed,9/18/26,5:59 PM,2026-09-18 18:35:34,Non-member,USD,35.9,3.23,39.13,0,0,0,0,0,-19.56,-1.61,0,0,-0.99,0,0,19.57,-4.49,25,0,0,0,0,0,0,0,0,0,,0,0,-1.26,0,0,12.83,9/21/26,0,0,,162HJKCTEXDFNOB
IT Trattoria Lincoln Road – Miami Beach,,b085996a-f1c9-5b8f-803d-432855303666,#58895,057a2a1b-3ef9-4bfe-8d87-d571daa58895,Delivery - Partner Using Uber App,Digital,UberEats iOS,Completed,9/18/26,10:49 PM,2026-09-18 23:42:24,Non-member,USD,41.9,3.77,45.67,0,0,0,0,0,-22.83,-1.88,0,0,-0.99,0,0,22.84,-5.24,25,0,0,0,0,0,0,0,0,0,,0,0,-1.47,0,0,15.14,9/21/26,0,0,,162HJKCTEXDFNOB
IT Trattoria Lincoln Road – Miami Beach,,b085996a-f1c9-5b8f-803d-432855303666,#196E7,914397b0-c35d-4936-b811-c9b08ec196e7,Delivery - Partner Using Uber App,Digital,UberEats iOS,Completed,9/19/26,6:47 PM,2026-09-19 19:24:56,Non-member,USD,62.85,5.66,68.51,0,0,0,0,0,-22.84,-1.89,0,0,-0.99,0,0,45.67,-10.48,25,0,0,0,0,0,0,0,0,0,,0,0,-2.93,0,0,31.27,9/21/26,0,0,,162HJKCTEXDFNOB
IT Trattoria Lincoln Road – Miami Beach,,b085996a-f1c9-5b8f-803d-432855303666,#12207,758d417a-b154-4197-98c8-95eddb312207,Delivery - Partner Using Uber App,Digital,UberEats iOS,Completed,9/21/26,8:15 PM,2026-09-21 21:01:50,Non-member,USD,33.9,3.06,36.96,0,0,0,0,0,0,0,0,0,0,0,0,36.96,-8.48,25,0,0,0,0,0,0,0,0,0,,0,0,-2.38,0,0,26.1,9/28/26,0,0,,3QDEGUB1HIS9GD8
IT Trattoria Lincoln Road – Miami Beach,,b085996a-f1c9-5b8f-803d-432855303666,#BDFD0,99b9157b-f853-4576-ad9a-abd9aeabdfd0,Pickup,Digital,UberEats iOS,Completed,9/22/26,10:43 AM,2026-09-22 10:50:22,Non-member,USD,4.95,0.45,5.4,0,0,0,0,0,-5.4,-0.45,0,0,0,0,0,0,0,,0,0,0,0,0,0,0,0,0,,0,0,0,0,0,0,9/28/26,0,0,,3QDEGUB1HIS9GD8
IT Trattoria Lincoln Road – Miami Beach,,b085996a-f1c9-5b8f-803d-432855303666,#74AD9,8dc9bf23-c228-4bdd-9fdb-580efe274ad9,Pickup,Digital,UberEats iOS,Completed,9/22/26,12:16 PM,2026-09-22 12:20:14,Non-member,USD,4.95,0.45,5.4,0,0,0,0,0,0,0,0,0,0,0,0,5.4,-0.35,7,0,0,0,0,0,0,0,0,0,,0,0,-0.35,0,0,4.7,9/28/26,0,0,,3QDEGUB1HIS9GD8
IT Trattoria Lincoln Road – Miami Beach,,b085996a-f1c9-5b8f-803d-432855303666,#63C9B,58670c5b-3d9c-4a0a-a40e-15a58c563c9b,Delivery - Partner Using Uber App,Digital,UberEats iOS,Completed,9/22/26,10:17 PM,2026-09-22 22:50:43,Uber One member,USD,41.9,3.77,45.67,0,0,0,0,0,-22.83,-1.88,0,0,-0.99,0,0,22.84,-6.29,30,0,0,0,0,0,0,0,0,0,,0,0,-1.47,0,0,14.09,9/28/26,0,0,,3QDEGUB1HIS9GD8
IT Trattoria Lincoln Road – Miami Beach,,b085996a-f1c9-5b8f-803d-432855303666,#EA309,0ef9e177-0d18-4c4c-8c79-67eb055ea309,Pickup,Digital,UberEats iOS,Completed,9/23/26,12:02 PM,2026-09-23 12:03:03,Non-member,USD,4.95,0.45,5.4,0,0,0,0,0,-5.4,-0.45,0,0,0,0,0,0,0,,0,0,0,0,0,0,0,0,0,,0,0,0,0,0,0,9/28/26,0,0,,3QDEGUB1HIS9GD8
IT Trattoria Lincoln Road – Miami Beach,,b085996a-f1c9-5b8f-803d-432855303666,#ECEDF,ef2ad45b-5cc5-48ad-ada0-0a3371cecedf,Pickup,Digital,UberEats iOS,Completed,9/23/26,4:35 PM,2026-09-23 16:35:26,Non-member,USD,4.95,0.45,5.4,0,0,0,0,0,0,0,0,0,0,0,0,5.4,-0.35,7,0,0,0,0,0,0,0,0,0,,0,0,-0.35,0,0,4.7,9/28/26,0,0,,3QDEGUB1HIS9GD8
IT Trattoria Lincoln Road – Miami Beach,,b085996a-f1c9-5b8f-803d-432855303666,#A9A12,71d81a06-6178-4348-9541-ccf4d94a9a12,Pickup,Digital,UberEats iOS,Completed,9/23/26,4:37 PM,2026-09-23 16:37:12,Non-member,USD,4.95,0.45,5.4,0,0,0,0,0,0,0,0,0,0,0,0,5.4,-0.35,7,0,0,0,0,0,0,0,0,0,,0,0,-0.35,0,0,4.7,9/28/26,0,0,,3QDEGUB1HIS9GD8
IT Trattoria Lincoln Road – Miami Beach,,b085996a-f1c9-5b8f-803d-432855303666,#9A940,d060ff21-5f0a-40b1-a4a7-0b72ed79a940,Pickup,Digital,UberEats iOS,Completed,9/23/26,5:08 PM,2026-09-23 17:08:23,Non-member,USD,4.95,0.45,5.4,0,0,0,0,0,0,0,0,0,0,0,0,5.4,-0.35,7,0,0,0,0,0,0,0,0,0,,0,0,-0.35,0,0,4.7,9/28/26,0,0,,3QDEGUB1HIS9GD8
IT Trattoria Lincoln Road – Miami Beach,,b085996a-f1c9-5b8f-803d-432855303666,#9CD4B,0a0c6718-58c2-4996-a81a-ddf6d159cd4b,Pickup,Digital,UberEats iOS,Completed,9/23/26,4:53 PM,2026-09-23 18:23:48,Non-member,USD,4.95,0.45,5.4,0,0,0,0,0,0,0,0,0,0,0,0,5.4,-0.35,7,0,0,0,0,0,0,0,0,0,,0,0,-0.35,0,0,4.7,9/28/26,0,0,,3QDEGUB1HIS9GD8
IT Trattoria Lincoln Road – Miami Beach,,b085996a-f1c9-5b8f-803d-432855303666,#100DF,b9e76806-98c9-423c-ac7c-ddb1d1b100df,Delivery - Partner Using Uber App,Digital,UberEats Android,Completed,9/23/26,6:21 PM,2026-09-23 18:52:15,Uber One member,USD,46.9,4.23,51.13,0,0,0,0,0,0,0,0,0,0,0,0,51.13,-14.07,30,0,0,0,0,0,0,0,0,0,,0,-0.61,-2.68,0,0,33.77,9/28/26,0,0,,3QDEGUB1HIS9GD8
IT Trattoria Lincoln Road – Miami Beach,,b085996a-f1c9-5b8f-803d-432855303666,#3735D,f30f7c49-d0cc-4c7c-8a9e-06b17eb3735d,Pickup,Digital,UberEats iOS,Completed,9/24/26,3:04 PM,2026-09-24 15:06:19,Non-member,USD,17.9,1.61,19.51,0,0,0,0,0,-19.51,-1.61,0,0,0,0,0,0,0,,0,0,0,0,0,0,0,0,0,,0,0,0,0,0,0,9/28/26,0,0,,3QDEGUB1HIS9GD8
IT Trattoria Lincoln Road – Miami Beach,,b085996a-f1c9-5b8f-803d-432855303666,#4246D,559f6403-3e9d-4888-a31e-c62263c4246d,Pickup,Digital,UberEats iOS,Completed,9/24/26,3:40 PM,2026-09-24 15:40:11,Non-member,USD,16.95,1.53,18.48,0,0,0,0,0,-18.48,-1.53,0,0,0,0,0,0,0,,0,0,0,0,0,0,0,0,0,,0,0,0,0,0,0,9/28/26,0,0,,3QDEGUB1HIS9GD8
IT Trattoria Lincoln Road – Miami Beach,,b085996a-f1c9-5b8f-803d-432855303666,#4FB1F,4c56060a-9beb-4f2c-811e-6b924004fb1f,Delivery - Partner Using Uber App,Digital,UberEats iOS,Completed,9/25/26,5:13 PM,2026-09-25 18:03:55,Uber One member,USD,23.95,2.16,26.11,0,0,0,0,0,0,0,0,0,0,0,0,26.11,-7.19,30,0,0,0,0,0,0,0,0,0,,0,-0.23,-1.45,0,0,17.24,9/28/26,0,0,,3QDEGUB1HIS9GD8
IT Trattoria Lincoln Road – Miami Beach,,b085996a-f1c9-5b8f-803d-432855303666,#AAA68,d2d48c9f-a2b7-49a3-bebc-c7de2caaaa68,Delivery - Partner Using Uber App,Digital,Postmates iOS,Completed,9/26/26,12:31 PM,2026-09-26 12:49:54,Uber One member,USD,50.7,4.57,55.27,0,0,0,0,0,0,0,0,0,0,0,0,55.27,-15.21,30,0,0,0,0,0,0,0,0,0,,0,-0.11,-3.45,0,0,36.5,9/28/26,0,0,,3QDEGUB1HIS9GD8
IT Trattoria Lincoln Road – Miami Beach,,b085996a-f1c9-5b8f-803d-432855303666,#B1BB3,60445606-6a90-40a2-a4b2-bdec632b1bb3,Delivery - Partner Using Uber App,Digital,UberEats Android,Completed,9/26/26,2:38 PM,2026-09-26 15:10:28,Uber One member,USD,56.9,5.13,62.03,0,0,0,0,0,0,0,0,0,0,0,0,62.03,-17.07,30,0,0,0,0,0,0,0,0,0,,0,-0.02,-3.97,0,0,40.97,9/28/26,0,0,,3QDEGUB1HIS9GD8
IT Trattoria Lincoln Road – Miami Beach,,b085996a-f1c9-5b8f-803d-432855303666,#200A0,fa5d3073-1a82-40eb-b268-d7c02ad200a0,Pickup,Digital,UberEats iOS,Completed,9/27/26,5:15 PM,2026-09-27 17:37:54,Non-member,USD,17.9,1.61,19.51,0,0,0,0,0,-19.51,-1.61,0,0,0,0,0,0,0,,0,0,0,0,0,0,0,0,0,,0,0,0,0,0,0,9/28/26,0,0,,3QDEGUB1HIS9GD8
IT Trattoria Lincoln Road – Miami Beach,,b085996a-f1c9-5b8f-803d-432855303666,#567F7,dd001fe9-ac2c-4425-9b39-b84b503567f7,Pickup,Digital,UberEats iOS,Completed,9/27/26,9:57 PM,2026-09-27 22:55:43,Uber One member,USD,73.7,6.63,80.33,0,0,0,0,0,0,0,0,0,0,0,0,80.33,-5.16,7,0,0,0,0,0,0,0,0,0,,0,-0.08,-5.08,0,0,70.01,9/28/26,0,0,,3QDEGUB1HIS9GD8
IT Trattoria Lincoln Road – Miami Beach,,b085996a-f1c9-5b8f-803d-432855303666,#414EA,8f899f98-36dd-41d1-b70f-801d670414ea,Pickup,Digital,UberEats iOS,Completed,9/27/26,9:47 PM,2026-09-27 23:17:35,Uber One member,USD,51.85,4.67,56.52,0,0,0,0,0,-22.83,-1.88,0,0,-0.99,0,0,33.69,-2.16,7,0,0,0,0,0,0,0,0,0,,0,-0.07,-2.1,0,0,28.37,9/28/26,0,0,,3QDEGUB1HIS9GD8
IT Trattoria Lincoln Road – Miami Beach,,b085996a-f1c9-5b8f-803d-432855303666,#050D6,e06a8840-01ed-40b5-9147-8d32c01050d6,Delivery - Partner Using Uber App,Digital,UberEats iOS,Completed,9/28/26,8:10 PM,2026-09-28 20:48:25,Uber One member,USD,32.85,2.96,35.81,0,0,0,0,0,0,0,0,0,0,0,0,35.81,-9.86,30,0,0,0,0,0,0,0,0,0,,0,0,-2.3,0,0,23.65,10/5/26,0,0,,LJDZATTRGOMRG8Y
IT Trattoria Lincoln Road – Miami Beach,,b085996a-f1c9-5b8f-803d-432855303666,#468AA,dd867e95-b3a5-4420-998d-cd74420468aa,Pickup,Digital,UberEats Web,Completed,9/29/26,11:51 AM,2026-09-29 13:21:24,Uber One member,USD,148.7,13.38,162.08,0,0,0,0,0,0,0,0,0,0,0,0,162.08,-10.41,7,0,0,0,0,0,0,0,0,0,,0,-0.09,-10.32,0,0,141.26,10/5/26,0,0,,LJDZATTRGOMRG8Y
IT Trattoria Lincoln Road – Miami Beach,,b085996a-f1c9-5b8f-803d-432855303666,#4CCF1,554d4136-878c-433f-b579-acfa46d4ccf1,Delivery - Partner Using Uber App,Digital,UberEats iOS,Completed,9/29/26,2:34 PM,2026-09-29 15:19:45,Uber One member,USD,32.85,2.96,35.81,0,0,0,0,0,0,0,0,0,0,0,0,35.81,-9.86,30,0,0,0,0,0,0,0,0,0,,0,0,-2.3,0,0,23.65,10/5/26,0,0,,LJDZATTRGOMRG8Y
IT Trattoria Lincoln Road – Miami Beach,,b085996a-f1c9-5b8f-803d-432855303666,#CF89B,d82692bc-c8bc-4d36-aebc-700cdfacf89b,Pickup,Digital,UberEats iOS,Completed,9/29/26,10:37 PM,2026-09-29 23:05:14,Non-member,USD,41.9,3.77,45.67,0,0,0,0,0,-22.83,-1.88,0,0,-0.99,0,0,22.84,-1.47,7,0,0,0,0,0,0,0,0,0,,0,0,-1.47,0,0,18.91,10/5/26,0,0,,LJDZATTRGOMRG8Y
IT Trattoria Lincoln Road – Miami Beach,,b085996a-f1c9-5b8f-803d-432855303666,#FC26A,51c9df5c-3137-49f4-9d10-9536b3afc26a,Pickup,Digital,UberEats iOS,Completed,9/30/26,10:46 AM,2026-09-30 11:19:28,Non-member,USD,29.95,2.7,32.65,0,0,0,0,0,0,0,0,0,0,0,0,32.65,-2.1,7,0,0,0,0,0,0,0,0,0,,0,0,-2.1,0,0,28.45,10/5/26,0,0,,LJDZATTRGOMRG8Y
IT Trattoria Lincoln Road – Miami Beach,,b085996a-f1c9-5b8f-803d-432855303666,#9EF6D,35ed2fad-1391-4cf2-bdca-c59a2fb9ef6d,Delivery - Partner Using Uber App,Digital,UberEats iOS,Completed,9/30/26,3:03 PM,2026-09-30 15:32:45,Non-member,USD,27.95,2.52,30.47,0,0,0,0,0,0,0,0,0,0,0,0,30.47,-6.99,25,0,0,0,0,0,0,0,0,0,,0,0,-1.96,0,0,21.52,10/5/26,0,0,,LJDZATTRGOMRG8Y
IT Trattoria Lincoln Road – Miami Beach,,b085996a-f1c9-5b8f-803d-432855303666,#67089,45886762-0815-4cb1-ae2f-195ac1d67089,Delivery - Partner Using Uber App,Digital,UberEats iOS,Completed,9/30/26,7:01 PM,2026-09-30 19:43:22,Uber One member,USD,18.95,1.71,20.66,0,0,0,0,0,0,0,0,0,0,0,0,20.66,-5.69,30,0,0,0,0,0,0,0,0,0,,0,-0.03,-1.3,0,0,13.64,10/5/26,0,0,,LJDZATTRGOMRG8Y
IT Trattoria Lincoln Road – Miami Beach,,b085996a-f1c9-5b8f-803d-432855303666,#A9D3A,6983468a-af3c-4a54-b603-956a6baa9d3a,Pickup,Digital,UberEats iOS,Completed,9/30/26,8:57 PM,2026-09-30 20:57:54,Non-member,USD,12.95,1.17,14.12,0,0,0,0,0,-14.12,-1.17,0,0,0,0,0,0,0,,0,0,0,0,0,0,0,0,0,,0,0,0,0,0,0,10/5/26,0,0,,LJDZATTRGOMRG8Y
IT Trattoria Lincoln Road – Miami Beach,,b085996a-f1c9-5b8f-803d-432855303666,#13D82,5c8e798d-2bf3-4d8b-836b-3abf88a13d82,Pickup,Digital,UberEats iOS,Completed,9/30/26,9:56 PM,2026-09-30 21:56:20,Non-member,USD,12.95,1.17,14.12,0,0,0,0,0,-14.12,-1.17,0,0,0,0,0,0,0,,0,0,0,0,0,0,0,0,0,,0,0,0,0,0,0,10/5/26,0,0,,LJDZATTRGOMRG8Y
