Business ID,Business name,Store ID,Store name,Store address,Timezone,Delivery UUID,Order placed date,Order placed time,Pickup timestamp,Delivery date,Delivery time,Channel,Is cancelled,Error charge,Customer rating,Customer emoji rating,Currency,Subtotal
473492,IT Italian Trattoria,38087931,IT Italian Trattoria (5th Ave),"390 5th Ave, New York, NY 10018, USA",US/Eastern,60cdc3af-992c-3001-ad95-2692d9cebc83,2026-09-30,16:30:02,2026-09-30 18:30:36.441,2026-09-30,18:30:36,Marketplace,false,0.00,NULL,NULL,USD,21.95
473492,IT Italian Trattoria,38087931,IT Italian Trattoria (5th Ave),"390 5th Ave, New York, NY 10018, USA",US/Eastern,795cc255-581e-3001-b334-5a697ce4a6e5,2026-09-30,17:58:50,2026-09-30 18:28:18.043,2026-09-30,18:38:16,Marketplace,false,0.00,NULL,NULL,USD,77.80
473492,IT Italian Trattoria,38087931,IT Italian Trattoria (5th Ave),"390 5th Ave, New York, NY 10018, USA",US/Eastern,7d4e61e4-5226-3001-b330-0e43b5b92733,2026-09-30,20:50:59,2026-09-30 21:15:39.665,2026-09-30,21:23:34,Marketplace,false,0.00,NULL,NULL,USD,69.80
473492,IT Italian Trattoria,38087931,IT Italian Trattoria (5th Ave),"390 5th Ave, New York, NY 10018, USA",US/Eastern,dbc7c0ec-00e1-3001-9ad1-40d634a06d24,2026-09-27,17:37:37,2026-09-27 18:43:45.412,2026-09-27,19:09:01,Marketplace,false,0.00,NULL,NULL,USD,43.90
473492,IT Italian Trattoria,38087931,IT Italian Trattoria (5th Ave),"390 5th Ave, New York, NY 10018, USA",US/Eastern,d382e160-6925-3001-8a16-40bf9f37fe28,2026-09-26,11:46:04,2026-09-26 12:24:14.744,2026-09-26,12:40:45,Marketplace,false,34.88,NULL,NULL,USD,43.90
473492,IT Italian Trattoria,38087931,IT Italian Trattoria (5th Ave),"390 5th Ave, New York, NY 10018, USA",US/Eastern,cc1f07e9-cfac-3001-b2aa-7036c85c84bd,2026-09-23,12:11:17,2026-09-23 12:32:08.31,2026-09-23,12:50:31,Marketplace,false,0.00,NULL,NULL,USD,43.90
473492,IT Italian Trattoria,38087931,IT Italian Trattoria (5th Ave),"390 5th Ave, New York, NY 10018, USA",US/Eastern,c0afd2a5-bf63-3001-ba8f-90a018b84aa3,2026-09-23,10:40:29,2026-09-23 11:04:48.229,2026-09-23,11:19:38,Marketplace,false,0.00,NULL,NULL,USD,53.80
473492,IT Italian Trattoria,38087931,IT Italian Trattoria (5th Ave),"390 5th Ave, New York, NY 10018, USA",US/Eastern,d628fd04-4d17-3001-a8ee-0c3a9cdceb1b,2026-09-22,15:30:13,2026-09-22 15:43:14.627,2026-09-22,15:51:32,Marketplace,false,0.00,NULL,NULL,USD,18.95
473492,IT Italian Trattoria,38087931,IT Italian Trattoria (5th Ave),"390 5th Ave, New York, NY 10018, USA",US/Eastern,1c951501-94ed-3001-9a8f-7a40e88dd915,2026-09-21,22:12:19,2026-09-21 22:43:18.016,2026-09-21,22:49:38,Marketplace,false,0.00,NULL,NULL,USD,107.70
473492,IT Italian Trattoria,38087931,IT Italian Trattoria (5th Ave),"390 5th Ave, New York, NY 10018, USA",US/Eastern,dbb055dd-39d0-3001-9fdd-5ba0343a7647,2026-09-21,19:11:12,2026-09-21 20:59:41.003,2026-09-21,20:59:41,Marketplace,false,0.00,NULL,NULL,USD,57.34
473492,IT Italian Trattoria,38087931,IT Italian Trattoria (5th Ave),"390 5th Ave, New York, NY 10018, USA",US/Eastern,4c6e6751-2eef-3001-bf4f-da4ebcf7b87d,2026-09-20,14:17:44,2026-09-20 14:46:25.896,2026-09-20,14:58:05,Marketplace,false,0.00,NULL,NULL,USD,46.90
473492,IT Italian Trattoria,38087931,IT Italian Trattoria (5th Ave),"390 5th Ave, New York, NY 10018, USA",US/Eastern,aea6134c-b723-3001-bc23-450a72a04f28,2026-09-20,16:26:58,2026-09-20 17:03:27.278,2026-09-20,17:25:56,Marketplace,false,0.00,NULL,NULL,USD,25.95
473492,IT Italian Trattoria,38087931,IT Italian Trattoria (5th Ave),"390 5th Ave, New York, NY 10018, USA",US/Eastern,317d7c46-0bb6-3001-a03a-6e35cb448e73,2026-09-19,15:24:21,2026-09-19 17:30:59.675,2026-09-19,17:30:59,Marketplace,false,0.00,NULL,NULL,USD,34.55
473492,IT Italian Trattoria,38087931,IT Italian Trattoria (5th Ave),"390 5th Ave, New York, NY 10018, USA",US/Eastern,1031cf9f-ecd4-3001-a2fe-cf5631b58c26,2026-09-19,13:04:37,2026-09-19 13:30:56.935,2026-09-19,13:30:56,Marketplace,false,0.00,NULL,NULL,USD,22.90
473492,IT Italian Trattoria,38087931,IT Italian Trattoria (5th Ave),"390 5th Ave, New York, NY 10018, USA",US/Eastern,fbac9142-2682-3001-ac09-7ae25743ca80,2026-09-17,12:48:52,2026-09-17 13:04:36.343,2026-09-17,13:16:51,Marketplace,false,0.00,NULL,NULL,USD,17.85
473492,IT Italian Trattoria,38087931,IT Italian Trattoria (5th Ave),"390 5th Ave, New York, NY 10018, USA",US/Eastern,d342c626-fc64-3001-a2a0-72a8e677e675,2026-09-17,14:33:57,2026-09-17 14:56:49.535,2026-09-17,15:06:06,Marketplace,false,0.00,NULL,NULL,USD,48.90
473492,IT Italian Trattoria,38087931,IT Italian Trattoria (5th Ave),"390 5th Ave, New York, NY 10018, USA",US/Eastern,b99ca8ce-5b8b-3001-8110-e24ee643ec4a,2026-09-16,11:57:20,2026-09-16 12:19:21.88,2026-09-16,12:30:47,Marketplace,false,0.00,NULL,NULL,USD,17.85
473492,IT Italian Trattoria,38087931,IT Italian Trattoria (5th Ave),"390 5th Ave, New York, NY 10018, USA",US/Eastern,f3e35c4f-0ede-3001-ae27-1cc0251b9d23,2026-09-14,22:30:14,2026-09-14 22:50:23.868,2026-09-14,22:53:49,Marketplace,false,0.00,NULL,NULL,USD,34.85
473492,IT Italian Trattoria,38087931,IT Italian Trattoria (5th Ave),"390 5th Ave, New York, NY 10018, USA",US/Eastern,13705331-336d-3001-8335-1b4648fc814f,2026-09-14,19:15:05,2026-09-14 19:49:08.865,2026-09-14,19:51:58,Marketplace,false,0.00,NULL,NULL,USD,108.20
473492,IT Italian Trattoria,38087931,IT Italian Trattoria (5th Ave),"390 5th Ave, New York, NY 10018, USA",US/Eastern,66cd1855-e742-3001-a3ea-2a4c77eaf3c7,2026-09-14,20:58:20,2026-09-14 21:16:04.855,2026-09-14,21:27:19,Marketplace,false,0.00,NULL,NULL,USD,18.95
473492,IT Italian Trattoria,38087931,IT Italian Trattoria (5th Ave),"390 5th Ave, New York, NY 10018, USA",US/Eastern,22b826f8-da82-3001-962b-d53a6a0463a7,2026-09-12,20:41:27,2026-09-12 21:10:41.266,2026-09-12,21:16:57,Marketplace,false,0.00,NULL,NULL,USD,20.95
473492,IT Italian Trattoria,38087931,IT Italian Trattoria (5th Ave),"390 5th Ave, New York, NY 10018, USA",US/Eastern,eee8493b-9632-3001-959f-175a71452465,2026-09-12,17:43:21,2026-09-12 19:32:46.859,2026-09-12,19:32:46,Marketplace,false,0.00,NULL,NULL,USD,29.90
473492,IT Italian Trattoria,38087931,IT Italian Trattoria (5th Ave),"390 5th Ave, New York, NY 10018, USA",US/Eastern,1c02f32a-49ec-3001-9c3d-dad57ff970da,2026-09-11,12:06:08,2026-09-11 12:36:19.365,2026-09-11,12:55:59,Marketplace,false,0.00,NULL,NULL,USD,58.85
473492,IT Italian Trattoria,38087931,IT Italian Trattoria (5th Ave),"390 5th Ave, New York, NY 10018, USA",US/Eastern,f8092ec7-6dda-3001-87b0-44d00906666d,2026-09-08,18:34:53,2026-09-08 19:09:36.866,2026-09-08,19:13:48,Marketplace,false,0.00,NULL,NULL,USD,93.60
473492,IT Italian Trattoria,38087931,IT Italian Trattoria (5th Ave),"390 5th Ave, New York, NY 10018, USA",US/Eastern,1c3ef72d-d9b7-3001-af4c-b2b60b8c4b93,2026-09-08,19:14:45,2026-09-08 19:40:35.652,2026-09-08,19:48:48,Marketplace,false,0.00,NULL,NULL,USD,18.95
473492,IT Italian Trattoria,38087931,IT Italian Trattoria (5th Ave),"390 5th Ave, New York, NY 10018, USA",US/Eastern,912180f4-8172-3001-8a0b-470d9630b39b,2026-09-05,15:56:42,2026-09-05 16:16:03.824,2026-09-05,16:16:03,Marketplace,false,0.00,NULL,NULL,USD,29.90
473492,IT Italian Trattoria,38087931,IT Italian Trattoria (5th Ave),"390 5th Ave, New York, NY 10018, USA",US/Eastern,718c549b-5107-3001-866f-1477d365a474,2026-09-04,17:08:48,2026-09-04 17:22:42.42,2026-09-04,17:22:42,Marketplace,false,0.00,NULL,NULL,USD,21.95
473492,IT Italian Trattoria,38087931,IT Italian Trattoria (5th Ave),"390 5th Ave, New York, NY 10018, USA",US/Eastern,3f63b96b-f8d7-3001-bcea-02081857547d,2026-09-02,14:29:27,2026-09-02 14:46:17.038,2026-09-02,14:50:55,Marketplace,false,0.00,NULL,NULL,USD,62.80
473492,IT Italian Trattoria,38087931,IT Italian Trattoria (5th Ave),"390 5th Ave, New York, NY 10018, USA",US/Eastern,3aef74f0-206a-3001-89bc-1f4fcfc4680e,2026-09-02,20:59:20,2026-09-02 21:20:02.922,2026-09-02,21:27:42,Marketplace,false,0.00,NULL,NULL,USD,18.95
