label;filterValue;1-2 Stars;3 Stars;4-5 Stars
1 set 2026;2026-09-01T00:00:00-04:00;"0";"0";"2"
2 set 2026;2026-09-02T00:00:00-04:00;"0";"0";"2"
3 set 2026;2026-09-03T00:00:00-04:00;"0";"0";"7"
4 set 2026;2026-09-04T00:00:00-04:00;"0";"0";"3"
5 set 2026;2026-09-05T00:00:00-04:00;"0";"0";"3"
6 set 2026;2026-09-06T00:00:00-04:00;"0";"0";"8"
7 set 2026;2026-09-07T00:00:00-04:00;"0";"0";"3"
8 set 2026;2026-09-08T00:00:00-04:00;"0";"1";"5"
9 set 2026;2026-09-09T00:00:00-04:00;"0";"0";"2"
10 set 2026;2026-09-10T00:00:00-04:00;"0";"0";"2"
11 set 2026;2026-09-11T00:00:00-04:00;"1";"1";"3"
12 set 2026;2026-09-12T00:00:00-04:00;"0";"1";"3"
13 set 2026;2026-09-13T00:00:00-04:00;"0";"0";"0"
14 set 2026;2026-09-14T00:00:00-04:00;"1";"0";"0"
15 set 2026;2026-09-15T00:00:00-04:00;"0";"0";"0"
16 set 2026;2026-09-16T00:00:00-04:00;"0";"0";"1"
17 set 2026;2026-09-17T00:00:00-04:00;"0";"0";"0"
18 set 2026;2026-09-18T00:00:00-04:00;"0";"1";"0"
19 set 2026;2026-09-19T00:00:00-04:00;"0";"0";"1"
20 set 2026;2026-09-20T00:00:00-04:00;"0";"0";"4"
21 set 2026;2026-09-21T00:00:00-04:00;"0";"0";"1"
22 set 2026;2026-09-22T00:00:00-04:00;"1";"0";"1"
23 set 2026;2026-09-23T00:00:00-04:00;"0";"0";"0"
24 set 2026;2026-09-24T00:00:00-04:00;"0";"0";"0"
25 set 2026;2026-09-25T00:00:00-04:00;"1";"0";"0"
26 set 2026;2026-09-26T00:00:00-04:00;"0";"0";"1"
27 set 2026;2026-09-27T00:00:00-04:00;"0";"0";"1"
28 set 2026;2026-09-28T00:00:00-04:00;"0";"0";"0"
29 set 2026;2026-09-29T00:00:00-04:00;"0";"0";"0"
30 set 2026;2026-09-30T00:00:00-04:00;"0";"0";"1"