"order_channel","order_number","order_date","order_time_local","day_of_week","hour_of_day","order_time_zone","grubhub_store_id","store_number","store_name","street_address","city","state","postal_code","store_type","order_type","scheduled_or_asap_order","fulfillment_type","cash_order","customer_type","gh_plus_customer","order_subtotal_before_adjustments","order_adjusted","order_subtotal_adjustments","order_subtotal","order_self_delivery_charge","order_merchant_fees","order_sales_tax","order_tip","order_total","order_commission","order_delivery_commission","order_gh_plus_commission","order_processing_fee","order_withheld_sales_tax","order_merchant_funded_promotion_and_loyalty","order_merchant_total","order_time_to_expected_ready_time_minutes","order_time_to_actually_ready_time_minutes","order_time_to_driver_arrived_time_minutes","order_time_to_driver_departed_time_minutes","order_time_to_dropoff_start_time_minutes","ghd_driver_wait_time","order_on_time","overall_rating_value","review_text"
"Marketplace","203134804538308","2026-09-24","05:52:16 PM","Thursday","5 PM","America/New_York","15032352",,"IT Italian Trattoria ","1656 Collins Avenue  ","Miami Beach","FL","33139",,"Standard Order","ASAP","Grubhub Delivery","No","Returning","GH+","50.80","No","0.00","50.80","0.00","0.00","3.85","0.00","54.65","-10.16","-5.08","0.00","-1.72","0.00","-8.00","29.69","10",,"20","24","42","5","On-time",,
"Marketplace","136134597480819","2026-09-03","11:50:14 AM","Thursday","11 AM","America/New_York","15032352",,"IT Italian Trattoria ","1656 Collins Avenue  ","Miami Beach","FL","33139",,"Standard Order","ASAP","Grubhub Delivery","No","Loyal","GH+","23.90","No","0.00","23.90","0.00","0.00","2.15","0.00","26.05","-4.78","-2.39","0.00","-1.09","0.00","0.00","17.79","15",,"13","18","32","3","On-time",,
"Marketplace","971534799384831","2026-09-23","11:20:59 AM","Wednesday","11 AM","America/New_York","15032352",,"IT Italian Trattoria ","1656 Collins Avenue  ","Miami Beach","FL","33139",,"Standard Order","ASAP","Grubhub Delivery","No","New","GH+","23.60","No","0.00","23.60","0.00","0.00","1.76","0.00","25.36","-4.72","-2.36","0.00","-0.95","0.00","-4.00","13.33","25",,"19","20","29","0","On-time",,
"Marketplace","970034743375506","2026-09-18","06:49:22 PM","Friday","6 PM","America/New_York","15032352",,"IT Italian Trattoria ","1656 Collins Avenue  ","Miami Beach","FL","33139",,"Standard Order","ASAP","Grubhub Delivery","No","New","non GH+","114.70","No","0.00","114.70","0.00","0.00","10.32","0.00","125.02","-22.94","-11.47","0.00","-4.11","0.00","0.00","86.50","11",,"5","24","30","13","Late",,
"Marketplace","110034746801043","2026-09-18","07:01:00 PM","Friday","7 PM","America/New_York","15032352",,"IT Italian Trattoria ","1656 Collins Avenue  ","Miami Beach","FL","33139",,"Standard Order","ASAP","Grubhub Delivery","No","Returning","non GH+","19.95","No","0.00","19.95","0.00","0.00","1.80","0.00","21.75","-3.99","-2.00","0.00","-0.96","0.00","0.00","14.80","11",,"28","32","44","4","On-time",,
"Marketplace","890134826569935","2026-09-26","02:55:40 PM","Saturday","2 PM","America/New_York","15032352",,"IT Italian Trattoria ","1656 Collins Avenue  ","Miami Beach","FL","33139",,"Standard Order","ASAP","Grubhub Delivery","No","New","non GH+","52.80","No","0.00","52.80","0.00","0.00","4.39","0.00","57.19","-10.56","-5.28","0.00","-1.92","0.00","-4.00","35.43","8",,"9","12","15","3","On-time",,
"Marketplace","434834726844125","2026-09-16","06:41:37 PM","Wednesday","6 PM","America/New_York","15032352",,"IT Italian Trattoria ","1656 Collins Avenue  ","Miami Beach","FL","33139",,"Standard Order","ASAP","Grubhub Delivery","No","Returning","non GH+","70.80","No","0.00","70.80","0.00","0.00","6.37","0.00","77.17","-14.16","-7.08","0.00","-2.65","0.00","0.00","53.28","8",,"8","12","26","4","On-time",,
"Marketplace","541834833972263","2026-09-27","12:05:28 PM","Sunday","12 PM","America/New_York","15032352",,"IT Italian Trattoria ","1656 Collins Avenue  ","Miami Beach","FL","33139",,"Standard Order","ASAP","Grubhub Delivery","No","Returning","non GH+","39.90","No","0.00","39.90","0.00","0.00","3.59","0.00","43.49","-7.98","-3.99","0.00","-1.63","0.00","0.00","29.89","11",,"12","13","15","1","On-time",,
"Marketplace","244634797137312","2026-09-23","12:00:49 PM","Wednesday","12 PM","America/New_York","15032352",,"IT Italian Trattoria ","1656 Collins Avenue  ","Miami Beach","FL","33139",,"Standard Order","ASAP","Grubhub Delivery","No","New","GH+","19.60","No","0.00","19.60","0.00","0.00","1.76","0.00","21.36","-3.92","-1.96","0.00","-0.95","0.00","0.00","14.53","26",,"21","22","27","0","On-time",,
"Marketplace","395334814282103","2026-09-25","08:00:32 PM","Friday","8 PM","America/New_York","15032352",,"IT Italian Trattoria ","1656 Collins Avenue  ","Miami Beach","FL","33139",,"Standard Order","ASAP","Pick-Up","No","New","non GH+","25.85","No","0.00","25.85","0.00","0.00","1.61","0.00","27.46","-5.17","0.00","0.00","-0.89","0.00","-8.00","13.40","15",,,,,,"Unable to Determine",,
"Marketplace","996734676023140","2026-09-11","12:28:48 PM","Friday","12 PM","America/New_York","15032352",,"IT Italian Trattoria ","1656 Collins Avenue  ","Miami Beach","FL","33139",,"Standard Order","ASAP","Grubhub Delivery","No","New","non GH+","32.90","No","0.00","32.90","0.00","0.00","2.96","0.00","35.86","-6.58","-3.29","0.00","-1.39","0.00","0.00","24.60","13",,"13","14","39","1","On-time",,
"Marketplace","787834748446764","2026-09-18","06:53:17 PM","Friday","6 PM","America/New_York","15032352",,"IT Italian Trattoria ","1656 Collins Avenue  ","Miami Beach","FL","33139",,"Standard Order","ASAP","Grubhub Delivery","No","New","GH+","27.90","No","0.00","27.90","0.00","0.00","2.51","0.00","30.41","-5.58","-2.79","0.00","-1.23","0.00","0.00","20.81","9",,"33","34","46","1","On-time",,
