Payment type,Payment sub type,Count,Amount,Tips,Grat,Tax amount,Refunds,Tip refunds,Legacy tips,Total,Tips/Grat %
Cash,,1319.0,35655.13,0.0,0.0,2912.0,0.0,0.0,0.0,35655.13,0.0
Credit/debit,,7292.0,213816.44,18412.28,0.0,17444.37,0.0,0.0,18412.28,232228.72,9.4
Credit/debit,AMEX,830.0,24029.27,2149.32,0.0,1960.4,0.0,0.0,2149.32,26178.59,9.7
Credit/debit,DINERS,2.0,40.06,6.62,0.0,3.26,0.0,0.0,6.62,46.68,18.0
Credit/debit,DISCOVER,157.0,3710.26,301.79,0.0,302.91,0.0,0.0,301.79,4012.05,8.8
Credit/debit,JCB,1.0,56.41,9.32,0.0,4.61,0.0,0.0,9.32,65.73,18.0
Credit/debit,MASTERCARD,2036.0,63394.97,5222.05,0.0,5170.41,0.0,0.0,5222.05,68617.02,9.0
Credit/debit,VISA,4266.0,122585.47,10723.18,0.0,10002.78,0.0,0.0,10723.18,133308.65,9.5
Gift Card,,0.0,0.0,0.0,0.0,0.0,0.0,0.0,0.0,0.0,
Other,,116.0,4779.57,5.58,0.0,389.58,0.0,0.0,5.58,4785.15,0.1
Other,DoorDash,29.0,1183.6,0.0,0.0,96.46,0.0,0.0,0.0,1183.6,0.0
Other,Gift Certificate (Paper),1.0,5.39,0.0,0.0,0.44,0.0,0.0,0.0,5.39,0.0
Other,Grubhub,24.0,785.89,4.69,0.0,64.09,0.0,0.0,4.69,790.58,0.6
Other,Mobile_App_Payments,1.0,5.39,0.89,0.0,0.44,0.0,0.0,0.89,6.28,18.0
Other,Uber Eats,61.0,2799.3,0.0,0.0,228.15,0.0,0.0,0.0,2799.3,0.0
Total,,8727.0,254251.14,18417.86,0.0,20745.95,0.0,0.0,18417.86,272669.0,7.9
