Hour of day,Net sales,Total orders,Total guests
20.0,20819.43,635.0,635.0
21.0,16980.92,509.0,510.0
19.0,21997.5,682.0,682.0
8.0,6194.23,313.0,313.0
14.0,21091.28,779.0,779.0
15.0,15092.59,588.0,588.0
10.0,9232.34,452.0,452.0
22.0,9672.12,338.0,338.0
23.0,957.83,55.0,55.0
16.0,13736.84,546.0,546.0
7.0,1739.34,109.0,109.0
17.0,14400.38,588.0,588.0
9.0,9894.43,459.0,459.0
12.0,19933.72,731.0,731.0
13.0,20985.22,787.0,787.0
11.0,12663.26,511.0,511.0
18.0,18077.56,632.0,632.0
6.0,36.2,5.0,5.0
