Location Name,GL,Beginning Inventory,Ending Inventory
IT - 1014 Lincoln Rd,Beverage Purchases,"$18,871.77","$14,239.33"
IT - 1014 Lincoln Rd,Disposable,"$4,365.84","$6,358.05"
IT - 1014 Lincoln Rd,Food Purchases,"$9,938.80","$6,727.62"
IT - 1656 Collins Ave,Beverage Purchases,"$19,925.02","$15,986.09"
IT - 1656 Collins Ave,Disposable,"$4,656.06","$5,799.65"
IT - 1656 Collins Ave,Food Purchases,"$14,832.88","$11,716.50"
IT - 390 Fifth Ave,Unmapped,$794.50,$0.00
IT - 390 Fifth Ave,Beverage Purchases,"$14,544.29","$10,627.11"
IT - 390 Fifth Ave,Disposable,"$3,835.50","$4,518.43"
IT - 390 Fifth Ave,Food Purchases,$50.92,"$18,096.34"
IT - 530 Seventh Ave,Beverage Purchases,"$18,996.81","$15,764.21"
IT - 530 Seventh Ave,Disposable,"$19,967.89","$9,550.44"
IT - 530 Seventh Ave,Food Purchases,"$20,197.63","$15,061.33"
