Store,External Store ID,Store UUID,Country,Country Code,City,Order ID,Order UUID,Order Status,Delivery Status,Scheduled?,Completed?,Online Order?,Canceled By,Menu Item Count,Currency Code,Ticket Size,Date Ordered,Time Customer Ordered,Cancellation Time,Time Merchant Accepted,Order Completion Time,Time to Accept,Original Prep Time,Prep Time Increased?,Increased Prep Time,Courier Arrival Time,Time Courier Started Trip,Time Courier Delivered,Total Delivery Time,Courier Wait Time (Restaurant),Avoidable Courier Wait Time (Restaurant),Courier Wait Time (Eater),Total Prep & Handoff Time,Order Duration,Delivery Batch Type,Fulfillment Type,Order Channel,Eats Brand,Subscription Pass,Workflow UUID
IT Trattoria 5th – 390 5th Ave,,cfa9a0b3-b4ee-582c-997b-321f85bd4e0d,United States,USA,New York City,35408,b61b61ec-8c55-5c2f-b4a0-95eebcadf3f6,completed,completed,0,1,0,,5,USD,98.75,2026-09-01,2026-09-01 18:08:34.000,,2026-09-01 18:08:36.000,2026-09-01 18:56:02.000,0.03,22.26,0,0,2026-09-01 18:40:58.000,2026-09-01 18:47:07.000,2026-09-01 18:56:01.000,8.9,6.15,1.15,0.52,38.52,47.45,MULTI_MERCHANT,Delivery,iOS,Uber Eats,,20bf6b73-2a62-4f24-9e0e-53fbdfd35408
IT Trattoria 5th – 390 5th Ave,,cfa9a0b3-b4ee-582c-997b-321f85bd4e0d,United States,USA,New York City,D3469,5873175b-5c56-5a18-a069-0da083666c84,completed,,0,1,0,,4,USD,73.8,2026-09-01,2026-09-01 18:41:25.000,,2026-09-01 18:41:26.000,2026-09-01 20:11:27.000,0.02,22.26,0,0,,,,,,,,,,,Pickup,iOS,Uber Eats,,b53463e2-64db-4307-96f9-4b867b8d3469
IT Trattoria 5th – 390 5th Ave,,cfa9a0b3-b4ee-582c-997b-321f85bd4e0d,United States,USA,New York City,5A615,72b15343-afaa-5cb6-b081-1f2881165ad0,completed,,0,1,0,,2,USD,26.9,2026-09-02,2026-09-02 14:01:07.000,,2026-09-02 14:01:08.000,2026-09-02 14:24:55.000,0.02,16.01,0,0,,,,,,,,,,,Pickup,iOS,Uber Eats,UBER_ONE,e2611ad5-f67b-4f3a-ba7d-bb9c0c65a615
IT Trattoria 5th – 390 5th Ave,,cfa9a0b3-b4ee-582c-997b-321f85bd4e0d,United States,USA,New York City,28B8F,9fc325ea-9d70-5ee1-9853-4511dbc75e43,completed,completed,0,1,0,,2,USD,49.9,2026-09-03,2026-09-03 12:52:26.000,,2026-09-03 12:52:27.000,2026-09-03 13:37:36.000,0.02,17.86,0,0,2026-09-03 13:13:42.000,2026-09-03 13:18:17.000,2026-09-03 13:37:36.000,19.316,4.583,0,1.1,25.83,45.17,MULTI_MERCHANT,Delivery,Web,Uber Eats,UBER_ONE,695e73f8-aa3f-4aca-8127-eb4bd2a28b8f
IT Trattoria 5th – 390 5th Ave,,cfa9a0b3-b4ee-582c-997b-321f85bd4e0d,United States,USA,New York City,6F0DE,942f7539-40fe-5bd2-914a-054456a8e7b8,completed,completed,0,1,0,,2,USD,49.9,2026-09-03,2026-09-03 17:52:40.000,,2026-09-03 17:52:41.000,2026-09-03 18:34:34.000,0.02,13.51,0,0,2026-09-03 18:04:21.000,2026-09-03 18:07:40.000,2026-09-03 18:34:33.000,26.883,1.483,0,1.52,14.98,41.88,MULTI_MERCHANT,Delivery,iOS,Uber Eats,,8d6a1d67-fa9a-4029-a127-60036286f0de
IT Trattoria 5th – 390 5th Ave,,cfa9a0b3-b4ee-582c-997b-321f85bd4e0d,United States,USA,New York City,32314,6da80626-0c97-51a9-b2fd-819773fb8eca,completed,,0,1,0,,2,USD,41.9,2026-09-03,2026-09-03 18:21:01.000,,2026-09-03 18:21:02.000,2026-09-03 19:51:03.000,0.02,17.28,0,0,,,,,,,,,,,Pickup,iOS,Uber Eats,UBER_ONE,b7f8d445-1d36-4100-8c47-645d56032314
IT Trattoria 5th – 390 5th Ave,,cfa9a0b3-b4ee-582c-997b-321f85bd4e0d,United States,USA,New York City,CF54F,47093125-dd15-568a-9e1a-c736b966828f,completed,completed,0,1,0,,4,USD,56.8,2026-09-03,2026-09-03 19:39:42.000,,2026-09-03 19:39:43.000,2026-09-03 20:05:37.000,0.02,17.11,0,0,2026-09-03 19:55:35.000,2026-09-03 19:56:48.000,2026-09-03 20:05:37.000,8.816,1.216,0,4.37,17.08,25.92,NON_BATCHED,Delivery,iOS,Uber Eats,OTHER_PASS,17d973c4-3525-4fe2-b315-261ea94cf54f
IT Trattoria 5th – 390 5th Ave,,cfa9a0b3-b4ee-582c-997b-321f85bd4e0d,United States,USA,New York City,12BAF,e986eb8f-9399-5fe1-91f8-1a2c1d2451b6,completed,completed,0,1,0,,5,USD,92.75,2026-09-03,2026-09-03 20:12:05.000,,2026-09-03 20:12:06.000,2026-09-03 20:46:12.000,0.02,15.66,0,0,2026-09-03 20:35:09.000,2026-09-03 20:39:55.000,2026-09-03 20:46:12.000,6.283,4.766,0,1.32,27.82,34.12,NON_BATCHED,Delivery,iOS,Uber Eats,OTHER_PASS,713e9439-2a06-4764-bce7-fef021612baf
IT Trattoria 5th – 390 5th Ave,,cfa9a0b3-b4ee-582c-997b-321f85bd4e0d,United States,USA,New York City,C121A,ae848f73-7c6f-5692-a428-b0a0a0193028,completed,completed,0,1,0,,1,USD,21.95,2026-09-03,2026-09-03 21:14:55.000,,2026-09-03 21:14:56.000,2026-09-03 21:35:02.000,0.02,9.53,0,0,2026-09-03 21:26:31.000,2026-09-03 21:28:40.000,2026-09-03 21:35:02.000,6.366,2.15,0,1.98,13.73,20.12,NON_BATCHED,Delivery,iOS,Uber Eats,,02f3beec-5a28-4ab4-8984-01d055dc121a
IT Trattoria 5th – 390 5th Ave,,cfa9a0b3-b4ee-582c-997b-321f85bd4e0d,United States,USA,New York City,C6FEF,f52c406c-f8ab-5500-a9ba-58bb0fc4df22,completed,completed,0,1,0,,3,USD,60.85,2026-09-03,2026-09-03 22:07:28.000,,2026-09-03 22:07:29.000,2026-09-03 22:32:54.000,0.02,14.38,0,0,2026-09-03 22:16:59.000,2026-09-03 22:23:45.000,2026-09-03 22:32:54.000,9.15,1.9,0,1.12,16.27,25.43,MULTI_MERCHANT,Delivery,iOS,Uber Eats,UBER_ONE,fe0145da-23f0-4386-bf5b-ea12f31c6fef
IT Trattoria 5th – 390 5th Ave,,cfa9a0b3-b4ee-582c-997b-321f85bd4e0d,United States,USA,New York City,FAE6B,c35e7f0b-453a-5ba7-8e18-17a38d31ef27,completed,completed,0,1,0,,2,USD,36.9,2026-09-05,2026-09-05 07:50:30.000,,2026-09-05 07:50:32.000,2026-09-05 08:46:59.000,0.03,11.22,0,0,2026-09-05 08:01:34.000,2026-09-05 08:12:37.000,2026-09-05 08:46:59.000,34.366,10.883,5.883,11.1,22.08,56.48,MULTI_MERCHANT,Delivery,iOS,Uber Eats,UBER_ONE,862f0b60-3459-4e09-b6e6-9a1de81fae6b
IT Trattoria 5th – 390 5th Ave,,cfa9a0b3-b4ee-582c-997b-321f85bd4e0d,United States,USA,New York City,ED5DC,f3f6a5c2-d881-5347-8071-15c60c3adf34,completed,completed,0,1,0,,1,USD,18.95,2026-09-06,2026-09-06 13:59:32.000,,2026-09-06 13:59:33.000,2026-09-06 14:23:45.000,0.02,15.609,0,0,2026-09-06 14:13:35.000,2026-09-06 14:18:04.000,2026-09-06 14:23:45.000,5.683,2.916,0,1.37,18.52,24.22,NON_BATCHED,Delivery,iOS,Uber Eats,OTHER_PASS,74453ccf-1831-42d3-9574-97e4d8ced5dc
IT Trattoria 5th – 390 5th Ave,,cfa9a0b3-b4ee-582c-997b-321f85bd4e0d,United States,USA,New York City,68DE8,ba55c0f0-1b62-5cbd-9777-5d2f681dcf77,completed,completed,0,1,0,,1,USD,22.9,2026-09-06,2026-09-06 20:03:44.000,,2026-09-06 20:03:46.000,2026-09-06 20:53:44.000,0.03,10.95,0,0,2026-09-06 20:28:36.000,2026-09-06 20:33:01.000,2026-09-06 20:53:44.000,20.716,4.416,0,3.4,29.25,50,MULTI_MERCHANT,Delivery,iOS,Uber Eats,OTHER_PASS,ac1ee3a3-fe6c-429b-80b3-61a0ab468de8
IT Trattoria 5th – 390 5th Ave,,cfa9a0b3-b4ee-582c-997b-321f85bd4e0d,United States,USA,New York City,2D6F0,0c0c6c88-0173-59cd-a270-f32b026ce7c3,completed,completed,0,1,0,,1,USD,21.95,2026-09-07,2026-09-07 21:39:44.000,,2026-09-07 21:39:45.000,2026-09-07 22:02:46.000,0.02,12.88,0,0,2026-09-07 21:53:13.000,2026-09-07 21:55:26.000,2026-09-07 22:02:46.000,7.333,2.216,0,2.55,15.68,23.03,NON_BATCHED,Delivery,iOS,Uber Eats,,b9cf49f6-555e-43c0-b273-cf932692d6f0
IT Trattoria 5th – 390 5th Ave,,cfa9a0b3-b4ee-582c-997b-321f85bd4e0d,United States,USA,New York City,F02B3,a43e5d23-9898-5d3a-ad7b-ad50c9e36796,completed,completed,0,1,0,,11,USD,161.45,2026-09-07,2026-09-07 22:23:49.000,,2026-09-07 22:23:50.000,2026-09-07 23:03:16.000,0.02,19.6,0,0,2026-09-07 22:49:17.000,2026-09-07 22:57:01.000,2026-09-07 23:03:16.000,6.25,7.733,2.733,3.15,33.18,39.45,NON_BATCHED,Delivery,iOS,Uber Eats,UBER_ONE,e1106832-669c-49b2-8549-9f794d7f02b3
IT Trattoria 5th – 390 5th Ave,,cfa9a0b3-b4ee-582c-997b-321f85bd4e0d,United States,USA,New York City,933B1,fff8c2f8-1e9a-5a73-a8aa-aa69c3f8228e,completed,completed,0,1,0,,10,USD,214.3,2026-09-08,2026-09-08 12:30:36.000,,2026-09-08 12:30:38.000,2026-09-08 13:18:12.000,0.03,22.99,0,0,2026-09-08 12:57:44.000,2026-09-08 13:09:59.000,2026-09-08 13:18:12.000,8.216,12.25,7.25,3.93,39.35,47.6,NON_BATCHED,Delivery,iOS,Uber Eats,,c0a7784e-1005-4390-84d0-9612cc2933b1
IT Trattoria 5th – 390 5th Ave,,cfa9a0b3-b4ee-582c-997b-321f85bd4e0d,United States,USA,New York City,4202D,cab21ed7-e976-58ec-8d52-c12578d903d5,completed,,0,1,0,,5,USD,89.75,2026-09-08,2026-09-08 18:26:33.000,,2026-09-08 18:26:34.000,2026-09-08 19:56:35.000,0.02,20.44,0,0,,,,,,,,,,,Pickup,iOS,Uber Eats,,6e683c46-07f4-43ff-8e12-59d27354202d
IT Trattoria 5th – 390 5th Ave,,cfa9a0b3-b4ee-582c-997b-321f85bd4e0d,United States,USA,New York City,CC6B9,d28b4e49-931f-5478-a743-04ec83f2e924,completed,,0,1,0,,2,USD,29.9,2026-09-08,2026-09-08 19:50:31.000,,2026-09-08 19:50:36.000,2026-09-08 21:20:37.000,0.08,15.7,0,0,,,,,,,,,,,Pickup,iOS,Uber Eats,UBER_ONE,78a7241c-a6f4-4cc8-b18f-373d123cc6b9
IT Trattoria 5th – 390 5th Ave,,cfa9a0b3-b4ee-582c-997b-321f85bd4e0d,United States,USA,New York City,4964F,668ec381-fd5f-5750-ae5a-8382892fe11b,completed,completed,0,1,0,,2,USD,36.85,2026-09-08,2026-09-08 20:41:28.000,,2026-09-08 20:41:30.000,2026-09-08 21:49:07.000,0.03,11.65,0,0,2026-09-08 20:51:24.000,2026-09-08 21:23:41.000,2026-09-08 21:49:07.000,25.433,30.55,25.55,,42.18,67.65,MULTI_MERCHANT,Delivery,iOS,Uber Eats,UBER_ONE,2755ac54-cc28-4cf0-8945-fa08d144964f
IT Trattoria 5th – 390 5th Ave,,cfa9a0b3-b4ee-582c-997b-321f85bd4e0d,United States,USA,New York City,C21AB,04cb3778-5c37-54b5-afc6-7ed0547c0a7c,completed,completed,0,1,0,,2,USD,27.9,2026-09-09,2026-09-09 11:41:15.000,,2026-09-09 11:41:18.000,2026-09-09 12:19:32.000,0.05,15.91,0,0,2026-09-09 12:04:01.000,2026-09-09 12:09:24.000,2026-09-09 12:19:32.000,10.133,5.383,0.383,1.68,28.1,38.28,MULTI_MERCHANT,Delivery,iOS,Uber Eats,,93133226-c7be-44ad-ad75-6202d65c21ab
IT Trattoria 5th – 390 5th Ave,,cfa9a0b3-b4ee-582c-997b-321f85bd4e0d,United States,USA,New York City,34282,9c99d900-938e-528e-b026-a9a1163bb1b5,completed,completed,0,1,0,,6,USD,123.6,2026-09-09,2026-09-09 12:49:56.000,,2026-09-09 12:49:58.000,2026-09-09 13:42:56.000,0.02,21.55,0,0,2026-09-09 13:15:54.000,2026-09-09 13:34:40.000,2026-09-09 13:42:56.000,8.266,18.766,13.766,1.87,44.7,52.98,NON_BATCHED,Delivery,iOS,Uber Eats,,238be4d0-81e5-4127-8294-08a2ed334282
IT Trattoria 5th – 390 5th Ave,,cfa9a0b3-b4ee-582c-997b-321f85bd4e0d,United States,USA,New York City,500A5,99192980-a2cb-5d2b-b72e-4700ed4e0ee5,completed,,0,1,0,,2,USD,36.85,2026-09-09,2026-09-09 14:36:43.000,,2026-09-09 14:36:44.000,2026-09-09 16:06:45.000,0.02,15.56,0,0,,,,,,,,,,,Pickup,iOS,Uber Eats,UBER_ONE,cfaee6bb-636e-4bd0-8c5b-3f25c50500a5
IT Trattoria 5th – 390 5th Ave,,cfa9a0b3-b4ee-582c-997b-321f85bd4e0d,United States,USA,New York City,857CD,1a1667da-36b0-54e8-8359-521204d57087,completed,,0,1,0,,3,USD,59.85,2026-09-09,2026-09-09 20:14:49.000,,2026-09-09 20:14:50.000,2026-09-09 21:44:52.000,0.02,17.79,0,0,,,,,,,,,,,Pickup,iOS,Uber Eats,UBER_ONE,5606edf5-2b27-4238-ac77-5ff53ef857cd
IT Trattoria 5th – 390 5th Ave,,cfa9a0b3-b4ee-582c-997b-321f85bd4e0d,United States,USA,New York City,2DE16,b2d03817-774f-5320-b352-78dbdd25da81,completed,completed,0,1,0,,1,USD,21.95,2026-09-10,2026-09-10 21:25:57.000,,2026-09-10 21:25:58.000,2026-09-10 21:54:01.000,0.02,15.23,0,0,2026-09-10 21:42:20.000,2026-09-10 21:44:38.000,2026-09-10 21:54:00.000,9.366,2.3,0,2.33,18.67,28.05,MULTI_MERCHANT,Delivery,iOS,Uber Eats,,7f8640ee-c657-49f8-a141-26627572de16
IT Trattoria 5th – 390 5th Ave,,cfa9a0b3-b4ee-582c-997b-321f85bd4e0d,United States,USA,New York City,E8CB0,48e29511-9fc5-5ffc-88b8-2d1ddeaf45f1,completed,completed,0,1,0,,7,USD,152.25,2026-09-11,2026-09-11 12:02:27.000,,2026-09-11 12:02:28.000,2026-09-11 12:35:21.000,0.02,13.45,0,0,2026-09-11 12:06:50.000,2026-09-11 12:20:53.000,2026-09-11 12:35:21.000,14.466,4.983,0,7.68,18.42,32.9,NON_BATCHED,Delivery,Android,Uber Eats,,b1a1aa67-ee57-4f32-9264-736d5c0e8cb0
IT Trattoria 5th – 390 5th Ave,,cfa9a0b3-b4ee-582c-997b-321f85bd4e0d,United States,USA,New York City,DA525,7ed206d5-e6b8-59bd-ab80-568f00381490,completed,completed,0,1,0,,1,USD,16.95,2026-09-11,2026-09-11 15:39:18.000,,2026-09-11 15:39:19.000,2026-09-11 16:23:51.000,0.02,14.83,0,0,2026-09-11 15:59:37.000,2026-09-11 16:04:18.000,2026-09-11 16:23:51.000,19.55,4.683,0,2.57,24.98,44.55,MULTI_MERCHANT,Delivery,iOS,Uber Eats,UBER_ONE,bfa793ce-1547-494f-9325-57c17d7da525
IT Trattoria 5th – 390 5th Ave,,cfa9a0b3-b4ee-582c-997b-321f85bd4e0d,United States,USA,New York City,5B325,fa08a53e-f107-562d-8138-3e6154043bcb,completed,completed,0,1,0,,2,USD,38.9,2026-09-11,2026-09-11 22:58:46.000,,2026-09-11 22:58:48.000,2026-09-11 23:33:46.000,0.03,18.04,0,0,2026-09-11 23:21:57.000,2026-09-11 23:25:38.000,2026-09-11 23:33:46.000,8.133,3.683,0,6.75,26.83,35,MULTI_MERCHANT,Delivery,iOS,Uber Eats,UBER_ONE,aabd93c5-2f46-4818-9a58-4dc01785b325
IT Trattoria 5th – 390 5th Ave,,cfa9a0b3-b4ee-582c-997b-321f85bd4e0d,United States,USA,New York City,1B52F,6b106795-a5f0-57a7-9b07-9777bb281ea0,completed,completed,0,1,0,,2,USD,49.9,2026-09-12,2026-09-12 20:52:31.000,,2026-09-12 20:52:32.000,2026-09-12 21:26:26.000,0.02,19.219,0,0,2026-09-12 21:16:26.000,2026-09-12 21:19:26.000,2026-09-12 21:26:26.000,7,3,0,0.47,26.9,33.92,NON_BATCHED,Delivery,iOS,Uber Eats,UBER_ONE,3dedbc7c-c96c-40c9-894b-3cb0fc91b52f
IT Trattoria 5th – 390 5th Ave,,cfa9a0b3-b4ee-582c-997b-321f85bd4e0d,United States,USA,New York City,8790F,0ad51f8b-752e-5d1f-90a2-7c3f13da68d8,completed,,0,1,0,,2,USD,37.9,2026-09-13,2026-09-13 22:55:01.000,,2026-09-13 22:55:06.000,2026-09-14 00:25:07.000,0.08,17.7,0,0,,,,,,,,,,,Pickup,iOS,Uber Eats,UBER_ONE,9bc43325-fb04-4a26-afc2-46c80498790f
IT Trattoria 5th – 390 5th Ave,,cfa9a0b3-b4ee-582c-997b-321f85bd4e0d,United States,USA,New York City,E6C25,3c02ed65-c4fe-5dbc-988a-14f378c0b8cf,completed,,0,1,0,,2,USD,49.9,2026-09-14,2026-09-14 11:52:04.000,,2026-09-14 11:52:05.000,2026-09-14 12:10:56.000,0.02,20.2,0,0,,,,,,,,,,,Pickup,iOS,Uber Eats,UBER_ONE,26ff4cac-8e48-43d6-9394-255f98ee6c25
IT Trattoria 5th – 390 5th Ave,,cfa9a0b3-b4ee-582c-997b-321f85bd4e0d,United States,USA,New York City,71336,159aadd4-d8cb-5152-a6f7-34bf44d9ea65,completed,completed,0,1,0,,2,USD,40.9,2026-09-14,2026-09-14 18:33:10.000,,2026-09-14 18:33:11.000,2026-09-14 19:08:21.000,0.02,18.6,0,0,2026-09-14 18:59:32.000,2026-09-14 19:03:45.000,2026-09-14 19:08:21.000,4.6,4.216,0,2.68,30.57,35.18,MULTI_MERCHANT,Delivery,iOS,Uber Eats,UBER_ONE,d6eb994e-ce61-4657-8830-98f219771336
IT Trattoria 5th – 390 5th Ave,,cfa9a0b3-b4ee-582c-997b-321f85bd4e0d,United States,USA,New York City,54278,78b5e5bb-d644-5c0d-8922-511fda84d6ed,completed,completed,0,1,0,,1,USD,16.95,2026-09-15,2026-09-15 18:54:31.000,,2026-09-15 18:54:33.000,2026-09-15 19:42:29.000,0.03,15.77,0,0,2026-09-15 19:12:40.000,2026-09-15 19:15:43.000,2026-09-15 19:42:29.000,26.766,3.05,0,8.6,21.17,47.97,MULTI_MERCHANT,Delivery,iOS,Uber Eats,UBER_ONE,aba7bbb3-8dfc-483e-890f-886b83054278
IT Trattoria 5th – 390 5th Ave,,cfa9a0b3-b4ee-582c-997b-321f85bd4e0d,United States,USA,New York City,F641A,fda7a322-6c0a-514a-8e0f-fb6928c7eaef,completed,,0,1,0,,2,USD,36.85,2026-09-15,2026-09-15 19:36:25.000,,2026-09-15 19:36:26.000,2026-09-15 19:59:50.000,0.02,16.8,0,0,,,,,,,,,,,Pickup,iOS,Uber Eats,UBER_ONE,a708ba13-3140-4a7a-8b68-afe1d81f641a
IT Trattoria 5th – 390 5th Ave,,cfa9a0b3-b4ee-582c-997b-321f85bd4e0d,United States,USA,New York City,3D77F,541efc56-7c4f-584a-bf03-148ce48f7cb7,completed,completed,0,1,0,,1,USD,21.9,2026-09-15,2026-09-15 21:12:02.000,,2026-09-15 21:12:04.000,2026-09-15 22:06:12.000,0.03,15.97,0,0,2026-09-15 21:37:25.000,2026-09-15 21:44:02.000,2026-09-15 22:06:12.000,22.166,6.616,1.616,2.45,31.97,54.17,MULTI_MERCHANT,Delivery,iOS,Uber Eats,UBER_ONE,881c5b44-08c6-4aa5-b290-781054c3d77f
IT Trattoria 5th – 390 5th Ave,,cfa9a0b3-b4ee-582c-997b-321f85bd4e0d,United States,USA,New York City,C472A,75bff1da-fc05-5a49-8dc9-41cb33eaf256,completed,,0,1,0,,1,USD,24.95,2026-09-16,2026-09-16 12:40:15.000,,2026-09-16 12:40:16.000,2026-09-16 13:01:30.000,0.02,16.42,0,0,,,,,,,,,,,Pickup,iOS,Uber Eats,,0fcc8700-c8ba-4bc0-86db-8de2d52c472a
IT Trattoria 5th – 390 5th Ave,,cfa9a0b3-b4ee-582c-997b-321f85bd4e0d,United States,USA,New York City,B6DEB,f2eae5fb-73df-5437-af38-9bd624e61c01,completed,,0,1,0,,1,USD,21.95,2026-09-16,2026-09-16 12:53:44.000,,2026-09-16 12:53:46.000,2026-09-16 13:12:16.000,0.03,16.14,0,0,,,,,,,,,,,Pickup,iOS,Uber Eats,UBER_ONE,0cbc18d8-07b4-4f10-99c3-72b8b3cb6deb
IT Trattoria 5th – 390 5th Ave,,cfa9a0b3-b4ee-582c-997b-321f85bd4e0d,United States,USA,New York City,12A16,785c6854-4cb3-5435-8195-53682ab4a62c,completed,completed,0,1,0,,4,USD,40.8,2026-09-16,2026-09-16 17:53:45.000,,2026-09-16 17:53:46.000,2026-09-16 18:32:17.000,0.02,18.1,0,0,2026-09-16 18:18:54.000,2026-09-16 18:26:54.000,2026-09-16 18:32:16.000,5.366,8,3,1.15,33.13,38.52,NON_BATCHED,Delivery,iOS,Uber Eats,UBER_ONE,29f069f8-5d6f-4bba-a93f-2d65b4b12a16
IT Trattoria 5th – 390 5th Ave,,cfa9a0b3-b4ee-582c-997b-321f85bd4e0d,United States,USA,New York City,CFF6B,eef7903b-134a-5c1e-a484-5d300870bb24,completed,completed,0,1,0,,2,USD,37.9,2026-09-16,2026-09-16 22:06:58.000,,2026-09-16 22:07:03.000,2026-09-16 23:22:47.000,0.08,16.5,0,0,2026-09-16 22:27:43.000,2026-09-16 22:29:50.000,2026-09-16 23:22:47.000,52.95,2.116,0,4.53,22.78,75.82,MULTI_MERCHANT,Delivery,iOS,Uber Eats,OTHER_PASS,2f4ae2eb-be96-4c93-b70e-77ddec8cff6b
IT Trattoria 5th – 390 5th Ave,,cfa9a0b3-b4ee-582c-997b-321f85bd4e0d,United States,USA,New York City,F8B65,2af9bf48-99d4-5d1b-99b7-875005fae265,completed,completed,0,1,0,,1,USD,22.6,2026-09-17,2026-09-17 11:25:13.000,,2026-09-17 11:25:15.000,2026-09-17 12:05:07.000,0.03,14.17,0,0,2026-09-17 11:41:02.000,2026-09-17 11:44:30.000,2026-09-17 12:05:06.000,20.6,3.466,0,3.2,19.25,39.88,MULTI_MERCHANT,Delivery,iOS,Uber Eats,UBER_ONE,6f8ce024-a162-4c94-9b5b-d5622acf8b65
IT Trattoria 5th – 390 5th Ave,,cfa9a0b3-b4ee-582c-997b-321f85bd4e0d,United States,USA,New York City,DF1FC,b91a973c-b6ee-509f-bc5b-236f4713bf5a,completed,,0,1,0,,2,USD,43.9,2026-09-17,2026-09-17 17:18:35.000,,2026-09-17 17:18:37.000,2026-09-17 18:48:38.000,0.03,17.719,0,0,,,,,,,,,,,Pickup,iOS,Uber Eats,UBER_ONE,21dd7c39-9e5d-46bf-8725-2694936df1fc
IT Trattoria 5th – 390 5th Ave,,cfa9a0b3-b4ee-582c-997b-321f85bd4e0d,United States,USA,New York City,7D122,0da22d21-13ed-5c71-aab3-4362ce5b533b,completed,completed,0,1,0,,2,USD,46.85,2026-09-17,2026-09-17 18:28:03.000,,2026-09-17 18:28:05.000,2026-09-17 19:15:48.000,0.02,18.82,0,0,2026-09-17 18:50:21.000,2026-09-17 18:57:28.000,2026-09-17 19:15:48.000,18.333,7.116,2.116,2.98,29.38,47.73,MULTI_MERCHANT,Delivery,iOS,Uber Eats,UBER_ONE,ee00d521-1113-48e3-a958-e56bdd37d122
IT Trattoria 5th – 390 5th Ave,,cfa9a0b3-b4ee-582c-997b-321f85bd4e0d,United States,USA,New York City,8D029,a13e8849-1810-5351-9022-f6f1d8d30eb8,completed,completed,0,1,0,,3,USD,65.75,2026-09-18,2026-09-18 22:30:07.000,,2026-09-18 22:30:08.000,2026-09-18 23:19:25.000,0.02,20.31,0,0,2026-09-18 23:01:44.000,2026-09-18 23:05:41.000,2026-09-18 23:19:25.000,13.733,3.95,0,2.68,35.55,49.3,NON_BATCHED,Delivery,iOS,Uber Eats,UBER_ONE,1d6ab80a-c7b3-40df-a07c-4b255408d029
IT Trattoria 5th – 390 5th Ave,,cfa9a0b3-b4ee-582c-997b-321f85bd4e0d,United States,USA,New York City,4D4CA,481d8d7f-0f9f-57fa-9f8e-5556affc5c0b,completed,completed,0,1,0,,5,USD,109.65,2026-09-19,2026-09-19 13:04:10.000,,2026-09-19 13:04:16.000,2026-09-19 13:52:50.000,0.08,22.2,0,0,2026-09-19 13:28:51.000,2026-09-19 13:35:20.000,2026-09-19 13:52:50.000,17.5,6.483,1.483,6.23,31.07,48.65,MULTI_MERCHANT,Delivery,iOS,Uber Eats,UBER_ONE,041b103e-1a49-4b6a-a491-d308cfb4d4ca
IT Trattoria 5th – 390 5th Ave,,cfa9a0b3-b4ee-582c-997b-321f85bd4e0d,United States,USA,New York City,C5CBF,ef2ca6cc-e68c-5286-b370-f6e2ab0658ac,completed,,0,1,0,,2,USD,43.9,2026-09-19,2026-09-19 19:19:14.000,,2026-09-19 19:19:15.000,2026-09-19 20:49:17.000,0.02,20.89,0,0,,,,,,,,,,,Pickup,iOS,Uber Eats,,7cf3b45e-a6fb-43ff-abef-f8a200ec5cbf
IT Trattoria 5th – 390 5th Ave,,cfa9a0b3-b4ee-582c-997b-321f85bd4e0d,United States,USA,New York City,DEB23,48a84d8d-8ceb-57c3-9fd3-5c64bb5f96b8,completed,,0,1,0,,2,USD,37.9,2026-09-20,2026-09-20 11:42:50.000,,2026-09-20 11:42:52.000,2026-09-20 13:12:53.000,0.03,20.469,0,0,,,,,,,,,,,Pickup,iOS,Uber Eats,UBER_ONE,b2f7b0cc-ab73-4cd2-a174-a291b0bdeb23
IT Trattoria 5th – 390 5th Ave,,cfa9a0b3-b4ee-582c-997b-321f85bd4e0d,United States,USA,New York City,8A01F,edd64e22-fa21-5011-a78a-862cfdd4be37,completed,,0,1,0,,2,USD,49.9,2026-09-20,2026-09-20 14:36:52.000,,2026-09-20 14:36:54.000,2026-09-20 15:08:16.000,0.02,20.52,0,0,,,,,,,,,,,Pickup,iOS,Uber Eats,,0f3db5db-09fc-42ff-8858-71db9598a01f
IT Trattoria 5th – 390 5th Ave,,cfa9a0b3-b4ee-582c-997b-321f85bd4e0d,United States,USA,New York City,AFC8C,99441120-6884-5510-bab4-a25a470d980d,completed,completed,0,1,0,,1,USD,21.9,2026-09-20,2026-09-20 21:45:53.000,,2026-09-20 21:45:55.000,2026-09-20 22:20:01.000,0.02,17.85,0,0,2026-09-20 22:04:04.000,2026-09-20 22:07:02.000,2026-09-20 22:20:01.000,12.983,2.966,0,2.95,21.12,34.12,MULTI_MERCHANT,Delivery,iOS,Uber Eats,UBER_ONE,c22efb28-27fc-4b45-b52b-cc34bb1afc8c
IT Trattoria 5th – 390 5th Ave,,cfa9a0b3-b4ee-582c-997b-321f85bd4e0d,United States,USA,New York City,1C5E2,32f0f154-26ee-504a-ae55-1eae77c4554e,completed,completed,0,1,0,,1,USD,20.95,2026-09-21,2026-09-21 12:28:01.000,,2026-09-21 12:28:02.000,2026-09-21 12:59:58.000,0.02,17.7,0,0,2026-09-21 12:47:59.000,2026-09-21 12:51:09.000,2026-09-21 12:59:58.000,8.816,3.166,0,3.18,23.12,31.95,NON_BATCHED,Delivery,iOS,Uber Eats,UBER_ONE,031e2c7e-0a9c-4412-93a5-c0eea5a1c5e2
IT Trattoria 5th – 390 5th Ave,,cfa9a0b3-b4ee-582c-997b-321f85bd4e0d,United States,USA,New York City,4C7A0,0ff48e4d-55d1-5d00-96f0-fb82ca4b1081,completed,completed,0,1,0,,6,USD,96.65,2026-09-21,2026-09-21 22:22:18.000,,2026-09-21 22:22:20.000,2026-09-21 23:02:27.000,0.02,22.12,0,0,2026-09-21 22:46:46.000,2026-09-21 22:47:20.000,2026-09-21 23:02:27.000,15.116,0.566,0,2.82,25,40.13,MULTI_MERCHANT,Delivery,iOS,Postmates,UBER_ONE,71347858-b5b6-43db-af8d-99fe5164c7a0
IT Trattoria 5th – 390 5th Ave,,cfa9a0b3-b4ee-582c-997b-321f85bd4e0d,United States,USA,New York City,C25BE,60eb9f92-8353-587e-bcac-a01ceb574d47,completed,completed,0,1,0,,2,USD,28.9,2026-09-22,2026-09-22 22:21:43.000,,2026-09-22 22:21:44.000,2026-09-22 22:38:07.000,0.02,17.48,0,0,2026-09-22 22:25:23.000,2026-09-22 22:31:59.000,2026-09-22 22:38:07.000,6.133,6.6,0,0.95,10.25,16.4,NON_BATCHED,Delivery,iOS,Uber Eats,UBER_ONE,de00e582-6e27-4613-8e38-6b37a63c25be
IT Trattoria 5th – 390 5th Ave,,cfa9a0b3-b4ee-582c-997b-321f85bd4e0d,United States,USA,New York City,8666F,05a6a2ff-3a41-5cfc-9253-4345ef5e278d,completed,,0,1,0,,4,USD,53.8,2026-09-23,2026-09-23 10:27:25.000,,2026-09-23 10:27:27.000,2026-09-23 11:57:28.000,0.02,17.68,0,0,,,,,,,,,,,Pickup,iOS,Uber Eats,OTHER_PASS,088312e2-cdfb-4883-8333-59c2e828666f
IT Trattoria 5th – 390 5th Ave,,cfa9a0b3-b4ee-582c-997b-321f85bd4e0d,United States,USA,New York City,72DF5,3099e062-36ef-5cc9-8b05-4aa1dace6cb4,completed,,0,1,0,,3,USD,49.8,2026-09-24,2026-09-24 15:28:53.000,,2026-09-24 15:28:54.000,2026-09-24 16:58:58.000,0.02,16.04,0,0,,,,,,,,,,,Pickup,iOS,Uber Eats,OTHER_PASS,7e35a296-a899-4cd6-9757-c0caee172df5
IT Trattoria 5th – 390 5th Ave,,cfa9a0b3-b4ee-582c-997b-321f85bd4e0d,United States,USA,New York City,455AF,94b7b8da-8a8e-598d-b242-f4ed181fa7c1,completed,completed,0,1,0,,2,USD,19.9,2026-09-24,2026-09-24 20:57:59.000,,2026-09-24 20:58:01.000,2026-09-24 21:41:50.000,0.03,10.94,0,0,2026-09-24 21:17:14.000,2026-09-24 21:30:56.000,2026-09-24 21:41:50.000,10.9,13.7,8.7,4,32.92,43.85,MULTI_MERCHANT,Delivery,iOS,Uber Eats,UBER_ONE,f4edb41c-1f60-4e22-8381-61be0e4455af
IT Trattoria 5th – 390 5th Ave,,cfa9a0b3-b4ee-582c-997b-321f85bd4e0d,United States,USA,New York City,D03BB,74d071c5-8b93-52d8-887e-486c3b679320,completed,completed,0,1,0,,5,USD,93.65,2026-09-24,2026-09-24 22:58:33.000,,2026-09-24 22:58:34.000,2026-09-24 23:28:53.000,0.02,18.46,0,0,2026-09-24 23:01:45.000,2026-09-24 23:12:28.000,2026-09-24 23:28:53.000,16.416,10.716,0,,13.9,30.33,MULTI_MERCHANT,Delivery,iOS,Postmates,UBER_ONE,4ae6340d-0cfb-4da0-9dae-1f88b07d03bb
IT Trattoria 5th – 390 5th Ave,,cfa9a0b3-b4ee-582c-997b-321f85bd4e0d,United States,USA,New York City,5042C,477b5a63-a586-5783-b360-39791ab45777,completed,completed,0,1,0,,2,USD,34.9,2026-09-27,2026-09-27 22:46:55.000,,2026-09-27 22:46:56.000,2026-09-27 23:26:46.000,0.02,9.63,0,0,2026-09-27 23:03:33.000,2026-09-27 23:04:31.000,2026-09-27 23:26:46.000,22.25,0.966,0,4.97,17.58,39.85,MULTI_MERCHANT,Delivery,iOS,Uber Eats,UBER_ONE,6f3bb191-280e-438a-9621-36dd0445042c
IT Trattoria 5th – 390 5th Ave,,cfa9a0b3-b4ee-582c-997b-321f85bd4e0d,United States,USA,New York City,FA48E,3afe4319-e5f1-5e98-9d37-e631c488ec17,completed,completed,0,1,0,,1,USD,28.95,2026-09-28,2026-09-28 20:37:31.000,,2026-09-28 20:37:32.000,2026-09-28 21:17:19.000,0.02,14.43,0,0,2026-09-28 20:51:55.000,2026-09-28 20:56:17.000,2026-09-28 21:17:19.000,21.033,4.333,0,0.93,18.75,39.8,MULTI_MERCHANT,Delivery,iOS,Uber Eats,UBER_ONE,1934b077-145d-4a75-a697-4002a95fa48e
IT Trattoria 5th – 390 5th Ave,,cfa9a0b3-b4ee-582c-997b-321f85bd4e0d,United States,USA,New York City,B972B,b8870dca-2e44-5a86-bb1b-a39925e6f6ca,completed,completed,0,1,0,,2,USD,32.9,2026-09-29,2026-09-29 18:40:36.000,,2026-09-29 18:40:38.000,2026-09-29 19:37:43.000,0.03,12.45,0,0,2026-09-29 19:14:54.000,2026-09-29 19:24:42.000,2026-09-29 19:37:43.000,13.016,4.9,,2.48,44.07,57.12,MULTI_MERCHANT,Delivery,iOS,Uber Eats,UBER_ONE,cb1bf3bf-e449-4e3c-9a90-fa2164db972b
IT Trattoria 5th – 390 5th Ave,,cfa9a0b3-b4ee-582c-997b-321f85bd4e0d,United States,USA,New York City,E732D,6543e968-22df-5bfa-a473-03e71871675f,completed,completed,0,1,0,,1,USD,22.95,2026-09-29,2026-09-29 18:41:29.000,,2026-09-29 18:57:31.000,2026-09-29 19:28:50.000,0.02,28.37,0,0,2026-09-29 19:14:54.000,2026-09-29 19:24:41.000,2026-09-29 19:28:50.000,4.15,9.783,4.783,,27.17,31.33,MULTI_MERCHANT,Delivery,iOS,Uber Eats,UBER_ONE,e5d58677-cd62-4fde-904e-911ce49e732d
IT Trattoria 5th – 390 5th Ave,,cfa9a0b3-b4ee-582c-997b-321f85bd4e0d,United States,USA,New York City,12926,64caef81-f61d-5bd8-ad0f-29ccfd4e2403,completed,,0,1,0,,1,USD,20.95,2026-09-30,2026-09-30 12:08:44.000,,2026-09-30 12:08:46.000,2026-09-30 12:30:45.000,0.02,12.13,0,0,,,,,,,,,,,Pickup,Android,Uber Eats,UBER_ONE,3f2a7618-6bfb-41ad-aeaf-bf45edd12926
IT Trattoria 5th – 390 5th Ave,,cfa9a0b3-b4ee-582c-997b-321f85bd4e0d,United States,USA,New York City,EC36D,80304379-ea21-53b0-8c42-1c40eaf5c123,completed,completed,0,1,0,,2,USD,39.9,2026-09-30,2026-09-30 12:44:39.000,,2026-09-30 12:46:42.000,2026-09-30 13:11:16.000,0.03,15.72,0,0,2026-09-30 12:57:12.000,2026-09-30 13:07:13.000,2026-09-30 13:11:15.000,4.033,6.833,1.833,2.23,20.52,24.58,NON_BATCHED,Delivery,iOS,Uber Eats,UBER_ONE,84904fce-1ed9-43ca-8272-6e761c0ec36d
IT Trattoria 5th – 390 5th Ave,,cfa9a0b3-b4ee-582c-997b-321f85bd4e0d,United States,USA,New York City,7B8FC,7432757a-73ff-5167-b1cb-3a8fbea02f26,completed,completed,0,1,0,,2,USD,44.8,2026-09-30,2026-09-30 18:47:49.000,,2026-09-30 18:47:50.000,2026-09-30 19:41:19.000,0.02,14.57,0,0,2026-09-30 19:16:59.000,2026-09-30 19:25:25.000,2026-09-30 19:41:19.000,15.9,8.433,3.433,3.73,37.58,53.5,MULTI_MERCHANT,Delivery,iOS,Uber Eats,UBER_ONE,d22a8efb-5b0f-4430-b49d-8640be57b8fc
