yyyyMMdd,Net sales,Total orders,Total guests
20260901.0,4149.14,135.0,135.0
20260902.0,3951.87,118.0,118.0
20260903.0,4819.74,144.0,144.0
20260904.0,6806.46,202.0,202.0
20260905.0,8817.64,262.0,262.0
20260906.0,9933.08,294.0,294.0
20260907.0,6669.05,206.0,206.0
20260908.0,4033.66,124.0,124.0
20260909.0,4127.98,139.0,139.0
20260910.0,4269.11,152.0,152.0
20260911.0,5300.78,163.0,163.0
20260912.0,6623.27,181.0,181.0
20260913.0,7391.06,208.0,208.0
20260914.0,8297.05,269.0,269.0
20260915.0,6104.65,199.0,199.0
20260916.0,5915.75,168.0,168.0
20260917.0,5027.64,156.0,156.0
20260918.0,7431.03,211.0,211.0
20260919.0,7966.36,229.0,229.0
20260920.0,7130.85,212.0,212.0
20260921.0,5516.82,179.0,179.0
20260922.0,5924.81,180.0,180.0
20260923.0,4616.17,151.0,151.0
20260924.0,5041.11,141.0,141.0
20260925.0,5945.67,183.0,183.0
20260926.0,7519.59,202.0,202.0
20260927.0,6484.82,181.0,181.0
20260928.0,3952.43,139.0,139.0
20260929.0,3722.25,114.0,114.0
20260930.0,3335.27,110.0,110.0
