Business ID,Business name,Store ID,Store name,Timestamp local time,DoorDash transaction ID,DoorDash order ID,POS order ID,Transaction type,Channel,Description,Subtotal,Tax (subtotal),Customer fees,Tax (customer fees),Commission,Merchant fees,Tax (merchant fees),Marketing fees,Customer discounts,DoorDash marketing credit,Third-party contribution,Error charges,Adjustments,Net total,Payout date,Payout ID
473492,IT Italian Trattoria,26142772,IT Italian Trattoria Lincoln (Lincoln Rd),2026-09-27 22:00:34.142852,18654731408,727EDC3E,bdc339e3-1676-4d40-be5d-7081493662b5,Order,Marketplace,NULL,39.90,0.40,0.00,0.00,-4.99,0.00,0.00,-5.07,-19.95,0.00,0.00,0.00,0.00,10.29,2026-10-01,616037424
473492,IT Italian Trattoria,26142772,IT Italian Trattoria Lincoln (Lincoln Rd),2026-09-26 11:23:59.263883,18634741093,CFD58D3A,de017204-6c95-4e1b-b994-bc8d9caf8303,Order,Marketplace,NULL,41.90,0.42,0.00,0.00,-5.24,0.00,0.00,-0.99,-20.95,0.00,0.00,0.00,0.00,15.14,2026-10-01,616037424
473492,IT Italian Trattoria,26142772,IT Italian Trattoria Lincoln (Lincoln Rd),2026-09-24 16:50:26.89445,18614021090,D372755E,aff9e43a-09b0-4422-bd8e-b35346484d2b,Error Charge,Marketplace,1 RIGATONI ALLA SICILIANA food quality,0.00,0.00,0.00,0.00,0.00,0.00,0.00,0.00,0.00,0.00,0.00,-13.46,0.00,-13.46,2026-10-01,616037424
473492,IT Italian Trattoria,26142772,IT Italian Trattoria Lincoln (Lincoln Rd),2026-09-24 16:40:08.75423,18613915969,D372755E,aff9e43a-09b0-4422-bd8e-b35346484d2b,Order,Marketplace,NULL,17.95,0.36,0.00,0.00,-4.49,0.00,0.00,-6.93,0.00,0.00,0.00,0.00,0.00,6.89,2026-10-01,616037424
473492,IT Italian Trattoria,26142772,IT Italian Trattoria Lincoln (Lincoln Rd),2026-09-23 11:23:42.908051,18599590116,25116194,48181020-fc5e-450b-a132-3e295e60207e,Order,Marketplace,NULL,49.90,0.50,0.00,0.00,-6.24,0.00,0.00,-9.09,-24.95,0.00,0.00,0.00,0.00,10.12,2026-10-01,616037424
473492,IT Italian Trattoria,26142772,IT Italian Trattoria Lincoln (Lincoln Rd),2026-09-21 10:45:22.925281,18578635047,CD90B5CF,2e4b2f05-2df6-4dae-abb8-dc6c0d19ab68,Order,Marketplace,NULL,241.65,4.83,0.00,0.00,-60.41,0.00,0.00,-10.45,0.00,0.00,0.00,0.00,0.00,175.62,2026-10-01,616037424
473492,IT Italian Trattoria,26142772,IT Italian Trattoria Lincoln (Lincoln Rd),2026-09-19 12:52:10.400533,18556447228,0C29FF0F,1230d6ae-813d-4cfc-b6cc-937462d023d5,Order,Marketplace,NULL,74.70,1.49,0.00,0.00,-18.68,0.00,0.00,-11.54,0.00,0.00,0.00,0.00,0.00,45.97,2026-09-24,614131379
473492,IT Italian Trattoria,26142772,IT Italian Trattoria Lincoln (Lincoln Rd),2026-09-18 19:55:21.852148,18549330929,6ADC2B43,c71b7a23-093e-4163-bd9f-690f6b7ce955,Order,Marketplace,NULL,24.95,0.50,0.00,0.00,-6.24,0.00,0.00,-10.02,0.00,9.74,0.00,0.00,0.00,18.93,2026-09-24,614131379
473492,IT Italian Trattoria,26142772,IT Italian Trattoria Lincoln (Lincoln Rd),2026-09-17 20:35:52.534639,18538132245,DBBCB8BE,60521631-1c13-47d8-9bf1-490e55166d0d,Order,Marketplace,NULL,20.95,0.42,0.00,0.00,-5.24,0.00,0.00,0.00,0.00,0.00,0.00,0.00,0.00,16.13,2026-09-24,614131379
473492,IT Italian Trattoria,26142772,IT Italian Trattoria Lincoln (Lincoln Rd),2026-09-16 11:34:52.264407,18520781513,85DC6133,f3608641-ad13-494b-ab4d-e2041913e7e3,Order,Marketplace,NULL,33.90,0.68,0.00,0.00,-8.48,0.00,0.00,-4.95,0.00,4.95,0.00,0.00,0.00,26.10,2026-09-24,614131379
473492,IT Italian Trattoria,26142772,IT Italian Trattoria Lincoln (Lincoln Rd),2026-09-13 19:07:21.938059,18494448383,D3616280,c1a0cc18-cb86-461d-81f8-1cfdf17b4be2,Order,Marketplace,NULL,30.90,0.62,0.00,0.00,-7.73,0.00,0.00,0.00,0.00,0.00,0.00,0.00,0.00,23.79,2026-09-17,612458104
473492,IT Italian Trattoria,26142772,IT Italian Trattoria Lincoln (Lincoln Rd),2026-09-08 17:29:26.926387,18436017012,8978749C,1aba019f-4853-4523-8d35-a6c88b88fc38,Order,Marketplace,NULL,57.50,1.15,0.00,0.00,-3.45,0.00,0.00,0.00,0.00,0.00,0.00,0.00,0.00,55.20,2026-09-17,612458104
473492,IT Italian Trattoria,26142772,IT Italian Trattoria Lincoln (Lincoln Rd),2026-09-08 12:11:52.526395,18432966363,929B4AB6,42d4d13e-e80a-4b6c-a777-b374c66bc4d0,Order,Marketplace,NULL,15.95,0.32,0.00,0.00,-3.99,0.00,0.00,-3.37,0.00,3.37,0.00,0.00,0.00,12.28,2026-09-17,612458104
473492,IT Italian Trattoria,26142772,IT Italian Trattoria Lincoln (Lincoln Rd),2026-09-07 20:45:23.552377,18428521677,4742ECCB,118c33fd-fd0e-4899-ae43-794d9231eba2,Order,Marketplace,NULL,21.95,0.44,0.00,0.00,-5.49,0.00,0.00,0.00,0.00,0.00,0.00,0.00,0.00,16.90,2026-09-17,612458104
473492,IT Italian Trattoria,26142772,IT Italian Trattoria Lincoln (Lincoln Rd),2026-09-04 21:03:14.251159,18393902240,5935A2AC,095b7a5f-ec5c-4bed-8e50-644fe1d632f4,Order,Marketplace,NULL,20.95,0.42,0.00,0.00,-5.24,0.00,0.00,-8.27,0.00,8.27,0.00,0.00,0.00,16.13,2026-09-10,610385136
473492,IT Italian Trattoria,26142772,IT Italian Trattoria Lincoln (Lincoln Rd),2026-09-04 12:03:07.422128,18386818933,E987CABD,1ae3c037-4b53-4439-8b4d-6cdaea68275c,Order,Marketplace,NULL,19.95,0.40,0.00,0.00,-4.99,0.00,0.00,-9.52,0.00,9.52,0.00,0.00,0.00,15.36,2026-09-10,610385136
473492,IT Italian Trattoria,26142772,IT Italian Trattoria Lincoln (Lincoln Rd),2026-09-04 11:39:51.711527,18386590014,C6E70709,0d2f203d-65da-4b8f-99ca-6689d61d2081,Order,Marketplace,NULL,15.95,0.32,0.00,0.00,-3.99,0.00,0.00,0.00,0.00,0.00,0.00,0.00,0.00,12.28,2026-09-10,610385136
