Location Name,Dining Option,Day of Week,Net Sales
IT Italian Trattoria Lincoln,Dine In,Sun,17063.329999999998,
IT Italian Trattoria Lincoln,Dine In,Mon,11968.769999999997,
IT Italian Trattoria Lincoln,Dine In,Tue,10848.819999999996,
IT Italian Trattoria Lincoln,Dine In,Wed,13965.5,
IT Italian Trattoria Lincoln,Dine In,Thu,12084.379999999996,
IT Italian Trattoria Lincoln,Dine In,Fri,17212.899999999998,
IT Italian Trattoria Lincoln,Dine In,Sat,20030.01,
IT Italian Trattoria Lincoln,DoorDash - Delivery,Sun,50.849999999999994,
IT Italian Trattoria Lincoln,DoorDash - Delivery,Mon,263.59999999999997,
IT Italian Trattoria Lincoln,DoorDash - Delivery,Tue,15.95,
IT Italian Trattoria Lincoln,DoorDash - Delivery,Wed,58.849999999999994,
IT Italian Trattoria Lincoln,DoorDash - Delivery,Thu,38.9,
IT Italian Trattoria Lincoln,DoorDash - Delivery,Fri,81.8,
IT Italian Trattoria Lincoln,DoorDash - Delivery,Sat,20.95,
IT Italian Trattoria Lincoln,DoorDash - Takeout,Tue,57.5,
IT Italian Trattoria Lincoln,Grubhub - Delivery,Mon,27.9,
IT Italian Trattoria Lincoln,Grubhub - Delivery,Tue,33.9,
IT Italian Trattoria Lincoln,Online Ordering - Takeout,Sun,42.45,
IT Italian Trattoria Lincoln,Online Ordering - Takeout,Mon,14.9,
IT Italian Trattoria Lincoln,Online Ordering - Takeout,Tue,15.95,
IT Italian Trattoria Lincoln,Online Ordering - Takeout,Fri,57.150000000000006,
IT Italian Trattoria Lincoln,Take Out,Sun,793.7600000000001,
IT Italian Trattoria Lincoln,Take Out,Mon,928.5100000000003,
IT Italian Trattoria Lincoln,Take Out,Tue,1261.3199999999997,
IT Italian Trattoria Lincoln,Take Out,Wed,1510.1100000000004,
IT Italian Trattoria Lincoln,Take Out,Thu,1699,
IT Italian Trattoria Lincoln,Take Out,Fri,817.6300000000003,
IT Italian Trattoria Lincoln,Take Out,Sat,1419.4900000000002,
IT Italian Trattoria Lincoln,Uber Eats - Delivery,Sun,369.65,
IT Italian Trattoria Lincoln,Uber Eats - Delivery,Mon,271.84999999999997,
IT Italian Trattoria Lincoln,Uber Eats - Delivery,Tue,460.29999999999995,
IT Italian Trattoria Lincoln,Uber Eats - Delivery,Wed,233.10000000000002,
IT Italian Trattoria Lincoln,Uber Eats - Delivery,Thu,347.95,
IT Italian Trattoria Lincoln,Uber Eats - Delivery,Fri,193.5,
IT Italian Trattoria Lincoln,Uber Eats - Delivery,Sat,247.2,
IT Italian Trattoria Lincoln,Uber Eats - Takeout,Sun,125.55000000000001,
IT Italian Trattoria Lincoln,Uber Eats - Takeout,Tue,174.59999999999997,
IT Italian Trattoria Lincoln,Uber Eats - Takeout,Wed,67.7,
IT Italian Trattoria Lincoln,Uber Eats - Takeout,Thu,39.8,
IT Italian Trattoria Lincoln,Uber Eats - Takeout,Fri,29.25,
IT Italian Trattoria Lincoln,Uber Eats - Takeout,Sat,20.95,
