Menu group,Subgroup,Qty sold
"",,19097.0
APPETIZER,,238.0
BREAKFAST,,505.0
PASTA,,3057.0
PIZZA,,1873.0
PIZZA PALA,,1913.0
PANINI,,840.0
BACI,,303.0
SALAD,,550.0
BAKERY,,770.0
BISCOTTI,,52.0
DESSERT,,996.0
ADD-ONS,,94.0
WATER & SODA,,83.0
TUESDAY LUNCH BOX,,8.0
WEDNESDAY LUNCH BOX,,15.0
THURSDAY LUNCH BOX,,9.0
FRIDAY LUNCH BOX,,11.0
JUICE,,692.0
COFFEE,,1704.0
WINE,,573.0
WINE,Wines by the Glass,543.0
WINE,Wines by the Bottle,30.0
BEER,,617.0
DRINKS - COCKTAILS,,521.0
DRINK,,3673.0
CATERING,,0.0
