Business ID,Business name,Store ID,Store name,Transaction date,Payout date,Currency,Payment Method,Jurisdiction name,Jurisdiction level,Imposition type,Imposition,Tax payer,Subtotal for tax,Taxable basis,Non-taxable basis,Tax amount
473492,IT Italian Trattoria,1056334,IT Italian Trattoria,2026-09-03,2026-09-10,USD,Credit card,FLORIDA,STATE,General Sales and Use Tax,Sales and Use Tax,DOORDASH,22.90,22.90,0.00,1.38
473492,IT Italian Trattoria,1056334,IT Italian Trattoria,2026-09-03,2026-09-10,USD,Credit card,MIAMI-DADE,COUNTY,General Sales and Use Tax,Local Sales and Use Tax (Discretionary Sales Surtax),DOORDASH,22.90,22.90,0.00,0.23
473492,IT Italian Trattoria,1056334,IT Italian Trattoria,2026-09-03,2026-09-10,USD,Credit card,MIAMI-DADE,COUNTY,Additional Prepared Food and Beverage/Meals Tax,Tourist Development Surtax,MERCHANT,22.90,0.00,15.95,0.00
473492,IT Italian Trattoria,1056334,IT Italian Trattoria,2026-09-03,2026-09-10,USD,Credit card,MIAMI BEACH,CITY,Prepared Food and Beverage/Meals Tax,Local Resort Food & Beverage Tax,MERCHANT,22.90,15.95,0.00,0.32
473492,IT Italian Trattoria,1056334,IT Italian Trattoria,2026-09-06,2026-09-10,USD,Credit card,FLORIDA,STATE,General Sales and Use Tax,Sales and Use Tax,DOORDASH,17.95,17.95,0.00,1.07
473492,IT Italian Trattoria,1056334,IT Italian Trattoria,2026-09-06,2026-09-10,USD,Credit card,MIAMI-DADE,COUNTY,General Sales and Use Tax,Local Sales and Use Tax (Discretionary Sales Surtax),DOORDASH,17.95,17.95,0.00,0.18
473492,IT Italian Trattoria,1056334,IT Italian Trattoria,2026-09-06,2026-09-10,USD,Credit card,MIAMI-DADE,COUNTY,Additional Prepared Food and Beverage/Meals Tax,Tourist Development Surtax,MERCHANT,17.95,0.00,17.95,0.00
473492,IT Italian Trattoria,1056334,IT Italian Trattoria,2026-09-06,2026-09-10,USD,Credit card,MIAMI BEACH,CITY,Prepared Food and Beverage/Meals Tax,Local Resort Food & Beverage Tax,MERCHANT,17.95,17.95,0.00,0.36
473492,IT Italian Trattoria,1056334,IT Italian Trattoria,2026-09-07,2026-09-17,USD,Credit card,FLORIDA,STATE,General Sales and Use Tax,Sales and Use Tax,DOORDASH,97.75,97.75,0.00,5.86
473492,IT Italian Trattoria,1056334,IT Italian Trattoria,2026-09-07,2026-09-17,USD,Credit card,MIAMI-DADE,COUNTY,General Sales and Use Tax,Local Sales and Use Tax (Discretionary Sales Surtax),DOORDASH,97.75,97.75,0.00,0.98
473492,IT Italian Trattoria,1056334,IT Italian Trattoria,2026-09-07,2026-09-17,USD,Credit card,MIAMI-DADE,COUNTY,Additional Prepared Food and Beverage/Meals Tax,Tourist Development Surtax,MERCHANT,97.75,0.00,97.75,0.00
473492,IT Italian Trattoria,1056334,IT Italian Trattoria,2026-09-07,2026-09-17,USD,Credit card,MIAMI BEACH,CITY,Prepared Food and Beverage/Meals Tax,Local Resort Food & Beverage Tax,MERCHANT,97.75,97.75,0.00,1.96
473492,IT Italian Trattoria,1056334,IT Italian Trattoria,2026-09-08,2026-09-17,USD,Credit card,FLORIDA,STATE,General Sales and Use Tax,Sales and Use Tax,DOORDASH,127.50,127.50,0.00,7.66
473492,IT Italian Trattoria,1056334,IT Italian Trattoria,2026-09-08,2026-09-17,USD,Credit card,MIAMI-DADE,COUNTY,General Sales and Use Tax,Local Sales and Use Tax (Discretionary Sales Surtax),DOORDASH,127.50,127.50,0.00,1.28
473492,IT Italian Trattoria,1056334,IT Italian Trattoria,2026-09-08,2026-09-17,USD,Credit card,MIAMI-DADE,COUNTY,Additional Prepared Food and Beverage/Meals Tax,Tourist Development Surtax,MERCHANT,127.50,0.00,127.50,0.00
473492,IT Italian Trattoria,1056334,IT Italian Trattoria,2026-09-08,2026-09-17,USD,Credit card,MIAMI BEACH,CITY,Prepared Food and Beverage/Meals Tax,Local Resort Food & Beverage Tax,MERCHANT,127.50,127.50,0.00,2.55
473492,IT Italian Trattoria,1056334,IT Italian Trattoria,2026-09-10,2026-09-17,USD,Credit card,FLORIDA,STATE,General Sales and Use Tax,Sales and Use Tax,DOORDASH,22.90,22.90,0.00,1.38
473492,IT Italian Trattoria,1056334,IT Italian Trattoria,2026-09-10,2026-09-17,USD,Credit card,MIAMI-DADE,COUNTY,General Sales and Use Tax,Local Sales and Use Tax (Discretionary Sales Surtax),DOORDASH,22.90,22.90,0.00,0.23
473492,IT Italian Trattoria,1056334,IT Italian Trattoria,2026-09-10,2026-09-17,USD,Credit card,MIAMI-DADE,COUNTY,Additional Prepared Food and Beverage/Meals Tax,Tourist Development Surtax,MERCHANT,22.90,0.00,15.95,0.00
473492,IT Italian Trattoria,1056334,IT Italian Trattoria,2026-09-10,2026-09-17,USD,Credit card,MIAMI BEACH,CITY,Prepared Food and Beverage/Meals Tax,Local Resort Food & Beverage Tax,MERCHANT,22.90,15.95,0.00,0.32
473492,IT Italian Trattoria,1056334,IT Italian Trattoria,2026-09-11,2026-09-17,USD,Credit card,FLORIDA,STATE,General Sales and Use Tax,Sales and Use Tax,DOORDASH,55.85,55.85,0.00,3.34
473492,IT Italian Trattoria,1056334,IT Italian Trattoria,2026-09-11,2026-09-17,USD,Credit card,MIAMI-DADE,COUNTY,General Sales and Use Tax,Local Sales and Use Tax (Discretionary Sales Surtax),DOORDASH,55.85,55.85,0.00,0.56
473492,IT Italian Trattoria,1056334,IT Italian Trattoria,2026-09-11,2026-09-17,USD,Credit card,MIAMI-DADE,COUNTY,Additional Prepared Food and Beverage/Meals Tax,Tourist Development Surtax,MERCHANT,55.85,0.00,55.85,0.00
473492,IT Italian Trattoria,1056334,IT Italian Trattoria,2026-09-11,2026-09-17,USD,Credit card,MIAMI BEACH,CITY,Prepared Food and Beverage/Meals Tax,Local Resort Food & Beverage Tax,MERCHANT,55.85,55.85,0.00,1.12
473492,IT Italian Trattoria,1056334,IT Italian Trattoria,2026-09-13,2026-09-17,USD,Credit card,FLORIDA,STATE,General Sales and Use Tax,Sales and Use Tax,DOORDASH,78.70,78.70,0.00,4.72
473492,IT Italian Trattoria,1056334,IT Italian Trattoria,2026-09-13,2026-09-17,USD,Credit card,MIAMI-DADE,COUNTY,General Sales and Use Tax,Local Sales and Use Tax (Discretionary Sales Surtax),DOORDASH,78.70,78.70,0.00,0.79
473492,IT Italian Trattoria,1056334,IT Italian Trattoria,2026-09-13,2026-09-17,USD,Credit card,MIAMI-DADE,COUNTY,Additional Prepared Food and Beverage/Meals Tax,Tourist Development Surtax,MERCHANT,78.70,0.00,71.75,0.00
473492,IT Italian Trattoria,1056334,IT Italian Trattoria,2026-09-13,2026-09-17,USD,Credit card,MIAMI BEACH,CITY,Prepared Food and Beverage/Meals Tax,Local Resort Food & Beverage Tax,MERCHANT,78.70,71.75,0.00,1.44
473492,IT Italian Trattoria,1056334,IT Italian Trattoria,2026-09-15,2026-09-24,USD,Credit card,FLORIDA,STATE,General Sales and Use Tax,Sales and Use Tax,DOORDASH,59.15,59.15,0.00,3.55
473492,IT Italian Trattoria,1056334,IT Italian Trattoria,2026-09-15,2026-09-24,USD,Credit card,MIAMI-DADE,COUNTY,General Sales and Use Tax,Local Sales and Use Tax (Discretionary Sales Surtax),DOORDASH,59.15,59.15,0.00,0.59
473492,IT Italian Trattoria,1056334,IT Italian Trattoria,2026-09-15,2026-09-24,USD,Credit card,MIAMI-DADE,COUNTY,Additional Prepared Food and Beverage/Meals Tax,Tourist Development Surtax,MERCHANT,59.15,0.00,59.15,0.00
473492,IT Italian Trattoria,1056334,IT Italian Trattoria,2026-09-15,2026-09-24,USD,Credit card,MIAMI BEACH,CITY,Prepared Food and Beverage/Meals Tax,Local Resort Food & Beverage Tax,MERCHANT,59.15,59.15,0.00,1.18
473492,IT Italian Trattoria,1056334,IT Italian Trattoria,2026-09-16,2026-09-24,USD,Credit card,FLORIDA,STATE,General Sales and Use Tax,Sales and Use Tax,DOORDASH,25.60,25.60,0.00,1.53
473492,IT Italian Trattoria,1056334,IT Italian Trattoria,2026-09-16,2026-09-24,USD,Credit card,MIAMI-DADE,COUNTY,General Sales and Use Tax,Local Sales and Use Tax (Discretionary Sales Surtax),DOORDASH,25.60,25.60,0.00,0.26
473492,IT Italian Trattoria,1056334,IT Italian Trattoria,2026-09-16,2026-09-24,USD,Credit card,MIAMI-DADE,COUNTY,Additional Prepared Food and Beverage/Meals Tax,Tourist Development Surtax,MERCHANT,25.60,0.00,25.60,0.00
473492,IT Italian Trattoria,1056334,IT Italian Trattoria,2026-09-16,2026-09-24,USD,Credit card,MIAMI BEACH,CITY,Prepared Food and Beverage/Meals Tax,Local Resort Food & Beverage Tax,MERCHANT,25.60,25.60,0.00,0.51
473492,IT Italian Trattoria,1056334,IT Italian Trattoria,2026-09-17,2026-09-24,USD,Credit card,FLORIDA,STATE,General Sales and Use Tax,Sales and Use Tax,DOORDASH,84.75,84.75,0.00,5.10
473492,IT Italian Trattoria,1056334,IT Italian Trattoria,2026-09-17,2026-09-24,USD,Credit card,MIAMI-DADE,COUNTY,General Sales and Use Tax,Local Sales and Use Tax (Discretionary Sales Surtax),DOORDASH,84.75,84.75,0.00,0.85
473492,IT Italian Trattoria,1056334,IT Italian Trattoria,2026-09-17,2026-09-24,USD,Credit card,MIAMI-DADE,COUNTY,Additional Prepared Food and Beverage/Meals Tax,Tourist Development Surtax,MERCHANT,84.75,0.00,77.80,0.00
473492,IT Italian Trattoria,1056334,IT Italian Trattoria,2026-09-17,2026-09-24,USD,Credit card,MIAMI BEACH,CITY,Prepared Food and Beverage/Meals Tax,Local Resort Food & Beverage Tax,MERCHANT,84.75,77.80,0.00,1.56
473492,IT Italian Trattoria,1056334,IT Italian Trattoria,2026-09-19,2026-09-24,USD,Credit card,FLORIDA,STATE,General Sales and Use Tax,Sales and Use Tax,DOORDASH,24.95,24.95,0.00,1.50
473492,IT Italian Trattoria,1056334,IT Italian Trattoria,2026-09-19,2026-09-24,USD,Credit card,MIAMI-DADE,COUNTY,General Sales and Use Tax,Local Sales and Use Tax (Discretionary Sales Surtax),DOORDASH,24.95,24.95,0.00,0.25
473492,IT Italian Trattoria,1056334,IT Italian Trattoria,2026-09-19,2026-09-24,USD,Credit card,MIAMI-DADE,COUNTY,Additional Prepared Food and Beverage/Meals Tax,Tourist Development Surtax,MERCHANT,24.95,0.00,24.95,0.00
473492,IT Italian Trattoria,1056334,IT Italian Trattoria,2026-09-19,2026-09-24,USD,Credit card,MIAMI BEACH,CITY,Prepared Food and Beverage/Meals Tax,Local Resort Food & Beverage Tax,MERCHANT,24.95,24.95,0.00,0.50
473492,IT Italian Trattoria,1056334,IT Italian Trattoria,2026-09-20,2026-09-24,USD,Credit card,FLORIDA,STATE,General Sales and Use Tax,Sales and Use Tax,DOORDASH,26.90,26.90,0.00,1.61
473492,IT Italian Trattoria,1056334,IT Italian Trattoria,2026-09-20,2026-09-24,USD,Credit card,MIAMI-DADE,COUNTY,General Sales and Use Tax,Local Sales and Use Tax (Discretionary Sales Surtax),DOORDASH,26.90,26.90,0.00,0.27
473492,IT Italian Trattoria,1056334,IT Italian Trattoria,2026-09-20,2026-09-24,USD,Credit card,MIAMI-DADE,COUNTY,Additional Prepared Food and Beverage/Meals Tax,Tourist Development Surtax,MERCHANT,26.90,0.00,26.90,0.00
473492,IT Italian Trattoria,1056334,IT Italian Trattoria,2026-09-20,2026-09-24,USD,Credit card,MIAMI BEACH,CITY,Prepared Food and Beverage/Meals Tax,Local Resort Food & Beverage Tax,MERCHANT,26.90,26.90,0.00,0.54
473492,IT Italian Trattoria,1056334,IT Italian Trattoria,2026-09-23,2026-10-01,USD,Credit card,FLORIDA,STATE,General Sales and Use Tax,Sales and Use Tax,DOORDASH,122.65,122.65,0.00,7.35
473492,IT Italian Trattoria,1056334,IT Italian Trattoria,2026-09-23,2026-10-01,USD,Credit card,MIAMI-DADE,COUNTY,General Sales and Use Tax,Local Sales and Use Tax (Discretionary Sales Surtax),DOORDASH,122.65,122.65,0.00,1.23
473492,IT Italian Trattoria,1056334,IT Italian Trattoria,2026-09-23,2026-10-01,USD,Credit card,MIAMI-DADE,COUNTY,Additional Prepared Food and Beverage/Meals Tax,Tourist Development Surtax,MERCHANT,122.65,0.00,122.65,0.00
473492,IT Italian Trattoria,1056334,IT Italian Trattoria,2026-09-23,2026-10-01,USD,Credit card,MIAMI BEACH,CITY,Prepared Food and Beverage/Meals Tax,Local Resort Food & Beverage Tax,MERCHANT,122.65,122.65,0.00,2.46
473492,IT Italian Trattoria,1056334,IT Italian Trattoria,2026-09-24,2026-10-01,USD,Credit card,FLORIDA,STATE,General Sales and Use Tax,Sales and Use Tax,DOORDASH,52.45,52.45,0.00,3.15
473492,IT Italian Trattoria,1056334,IT Italian Trattoria,2026-09-24,2026-10-01,USD,Credit card,MIAMI-DADE,COUNTY,General Sales and Use Tax,Local Sales and Use Tax (Discretionary Sales Surtax),DOORDASH,52.45,52.45,0.00,0.52
473492,IT Italian Trattoria,1056334,IT Italian Trattoria,2026-09-24,2026-10-01,USD,Credit card,MIAMI-DADE,COUNTY,Additional Prepared Food and Beverage/Meals Tax,Tourist Development Surtax,MERCHANT,52.45,0.00,52.45,0.00
473492,IT Italian Trattoria,1056334,IT Italian Trattoria,2026-09-24,2026-10-01,USD,Credit card,MIAMI BEACH,CITY,Prepared Food and Beverage/Meals Tax,Local Resort Food & Beverage Tax,MERCHANT,52.45,52.45,0.00,1.05
473492,IT Italian Trattoria,1056334,IT Italian Trattoria,2026-09-25,2026-10-01,USD,Credit card,FLORIDA,STATE,General Sales and Use Tax,Sales and Use Tax,DOORDASH,63.90,63.90,0.00,3.83
473492,IT Italian Trattoria,1056334,IT Italian Trattoria,2026-09-25,2026-10-01,USD,Credit card,MIAMI-DADE,COUNTY,General Sales and Use Tax,Local Sales and Use Tax (Discretionary Sales Surtax),DOORDASH,63.90,63.90,0.00,0.64
473492,IT Italian Trattoria,1056334,IT Italian Trattoria,2026-09-25,2026-10-01,USD,Credit card,MIAMI-DADE,COUNTY,Additional Prepared Food and Beverage/Meals Tax,Tourist Development Surtax,MERCHANT,63.90,0.00,63.90,0.00
473492,IT Italian Trattoria,1056334,IT Italian Trattoria,2026-09-25,2026-10-01,USD,Credit card,MIAMI BEACH,CITY,Prepared Food and Beverage/Meals Tax,Local Resort Food & Beverage Tax,MERCHANT,63.90,63.90,0.00,1.28
473492,IT Italian Trattoria,1056334,IT Italian Trattoria,2026-09-26,2026-10-01,USD,Credit card,FLORIDA,STATE,General Sales and Use Tax,Sales and Use Tax,DOORDASH,26.90,26.90,0.00,1.62
473492,IT Italian Trattoria,1056334,IT Italian Trattoria,2026-09-26,2026-10-01,USD,Credit card,MIAMI-DADE,COUNTY,General Sales and Use Tax,Local Sales and Use Tax (Discretionary Sales Surtax),DOORDASH,26.90,26.90,0.00,0.27
473492,IT Italian Trattoria,1056334,IT Italian Trattoria,2026-09-26,2026-10-01,USD,Credit card,MIAMI-DADE,COUNTY,Additional Prepared Food and Beverage/Meals Tax,Tourist Development Surtax,MERCHANT,26.90,0.00,10.95,0.00
473492,IT Italian Trattoria,1056334,IT Italian Trattoria,2026-09-26,2026-10-01,USD,Credit card,MIAMI BEACH,CITY,Prepared Food and Beverage/Meals Tax,Local Resort Food & Beverage Tax,MERCHANT,26.90,26.90,0.00,0.54
473492,IT Italian Trattoria,1056334,IT Italian Trattoria,2026-09-28,NULL,USD,Credit card,FLORIDA,STATE,General Sales and Use Tax,Sales and Use Tax,DOORDASH,26.85,26.85,0.00,1.61
473492,IT Italian Trattoria,1056334,IT Italian Trattoria,2026-09-28,NULL,USD,Credit card,MIAMI-DADE,COUNTY,General Sales and Use Tax,Local Sales and Use Tax (Discretionary Sales Surtax),DOORDASH,26.85,26.85,0.00,0.27
473492,IT Italian Trattoria,1056334,IT Italian Trattoria,2026-09-28,NULL,USD,Credit card,MIAMI-DADE,COUNTY,Additional Prepared Food and Beverage/Meals Tax,Tourist Development Surtax,MERCHANT,26.85,0.00,19.90,0.00
473492,IT Italian Trattoria,1056334,IT Italian Trattoria,2026-09-28,NULL,USD,Credit card,MIAMI BEACH,CITY,Prepared Food and Beverage/Meals Tax,Local Resort Food & Beverage Tax,MERCHANT,26.85,19.90,0.00,0.40
473492,IT Italian Trattoria,1056334,IT Italian Trattoria,2026-09-29,NULL,USD,Credit card,FLORIDA,STATE,General Sales and Use Tax,Sales and Use Tax,DOORDASH,87.70,87.70,0.00,5.26
473492,IT Italian Trattoria,1056334,IT Italian Trattoria,2026-09-29,NULL,USD,Credit card,MIAMI-DADE,COUNTY,General Sales and Use Tax,Local Sales and Use Tax (Discretionary Sales Surtax),DOORDASH,87.70,87.70,0.00,0.88
473492,IT Italian Trattoria,1056334,IT Italian Trattoria,2026-09-29,NULL,USD,Credit card,MIAMI-DADE,COUNTY,Additional Prepared Food and Beverage/Meals Tax,Tourist Development Surtax,MERCHANT,87.70,0.00,87.70,0.00
473492,IT Italian Trattoria,1056334,IT Italian Trattoria,2026-09-29,NULL,USD,Credit card,MIAMI BEACH,CITY,Prepared Food and Beverage/Meals Tax,Local Resort Food & Beverage Tax,MERCHANT,87.70,87.70,0.00,1.76
473492,IT Italian Trattoria,1056334,IT Italian Trattoria,2026-09-30,NULL,USD,Credit card,FLORIDA,STATE,General Sales and Use Tax,Sales and Use Tax,DOORDASH,31.95,31.95,0.00,1.92
473492,IT Italian Trattoria,1056334,IT Italian Trattoria,2026-09-30,NULL,USD,Credit card,MIAMI-DADE,COUNTY,General Sales and Use Tax,Local Sales and Use Tax (Discretionary Sales Surtax),DOORDASH,31.95,31.95,0.00,0.32
473492,IT Italian Trattoria,1056334,IT Italian Trattoria,2026-09-30,NULL,USD,Credit card,MIAMI-DADE,COUNTY,Additional Prepared Food and Beverage/Meals Tax,Tourist Development Surtax,MERCHANT,31.95,0.00,31.95,0.00
473492,IT Italian Trattoria,1056334,IT Italian Trattoria,2026-09-30,NULL,USD,Credit card,MIAMI BEACH,CITY,Prepared Food and Beverage/Meals Tax,Local Resort Food & Beverage Tax,MERCHANT,31.95,31.95,0.00,0.64
