Business ID,Business name,Store ID,Store name,Timestamp local time,DoorDash transaction ID,DoorDash order ID,POS order ID,Transaction type,Channel,Description,Subtotal,Tax (subtotal),Customer fees,Tax (customer fees),Staff tip,Commission,Merchant fees,Tax (merchant fees),Marketing fees,Customer discounts,DoorDash marketing credit,Third-party contribution,Error charges,Adjustments,Net total,Payout date,Payout ID
473492,IT Italian Trattoria,24838064,IT Italian Trattoria (7th Ave),2026-09-28 22:58:29.98605,18665743292,DABAC685,4f3fdeaa-e763-41ab-9758-1788989143bc,Order,Marketplace,NULL,34.90,3.10,0.00,0.00,3.00,-2.09,0.00,0.00,0.00,0.00,0.00,0.00,0.00,0.00,38.91,NULL,NULL
473492,IT Italian Trattoria,24838064,IT Italian Trattoria (7th Ave),2026-09-28 22:55:35.335413,18665719211,E8D2B5AE,f435ba0a-1ea8-47ba-a0e9-ba434788c7e4,Order,Marketplace,NULL,125.55,11.14,0.00,0.00,5.00,-7.53,0.00,0.00,0.00,0.00,0.00,0.00,0.00,0.00,134.16,NULL,NULL
473492,IT Italian Trattoria,24838064,IT Italian Trattoria (7th Ave),2026-09-26 18:25:01.074429,18639546315,FED899AF,9f61a814-4f72-4b42-bbf8-98caf1060308,Order,Marketplace,NULL,57.85,3.19,0.00,0.00,0.00,-8.98,0.00,0.00,-14.98,-21.95,13.99,0.00,0.00,0.00,29.12,2026-10-01,615756294
473492,IT Italian Trattoria,24838064,IT Italian Trattoria (7th Ave),2026-09-26 16:05:21.873211,18637760949,DBC358CE,00ebb8cc-86bc-4df6-ba5f-afd4be81f521,Error Charge,Marketplace,1 PROSCIUTTO E BURRATA missing,0.00,0.00,0.00,0.00,0.00,0.00,0.00,0.00,0.00,0.00,0.00,0.00,-23.40,0.00,-23.40,2026-10-01,615756294
473492,IT Italian Trattoria,24838064,IT Italian Trattoria (7th Ave),2026-09-26 15:50:30.183856,18637589696,DBC358CE,00ebb8cc-86bc-4df6-ba5f-afd4be81f521,Order,Marketplace,NULL,78.70,6.98,0.00,0.00,0.00,-19.68,0.00,0.00,0.00,0.00,0.00,0.00,0.00,0.00,66.00,2026-10-01,615756294
473492,IT Italian Trattoria,24838064,IT Italian Trattoria (7th Ave),2026-09-26 12:32:22.553676,18635364885,36A466CE,41053837-5176-4ed5-ad25-309dd52d23cd,Order,Marketplace,NULL,39.90,1.77,0.00,0.00,0.00,-4.99,0.00,0.00,-0.99,-19.95,0.00,0.00,0.00,0.00,15.74,2026-10-01,615756294
473492,IT Italian Trattoria,24838064,IT Italian Trattoria (7th Ave),2026-09-24 14:19:25.98293,18612462870,1E244403,35cc0a23-a55f-4631-ab15-5ad855d07fd2,Order,Marketplace,NULL,36.90,3.27,0.00,0.00,0.00,-9.23,0.00,0.00,0.00,0.00,0.00,0.00,0.00,0.00,30.94,2026-10-01,615756294
473492,IT Italian Trattoria,24838064,IT Italian Trattoria (7th Ave),2026-09-23 18:11:40.975352,18603860287,06CE3478,82c5578b-a3f5-42ee-8f96-0cb2621cc761,Order,Marketplace,NULL,37.90,1.68,0.00,0.00,0.00,-4.74,0.00,0.00,-5.91,-18.95,4.92,0.00,0.00,0.00,14.90,2026-10-01,615756294
473492,IT Italian Trattoria,24838064,IT Italian Trattoria (7th Ave),2026-09-23 13:54:41.535333,18601158767,EFEFAF8A,3805bf92-b3d7-4c8d-92cf-333f1ec9a645,Order,Marketplace,NULL,25.90,2.30,0.00,0.00,2.82,-1.55,0.00,0.00,0.00,0.00,0.00,0.00,0.00,0.00,29.47,2026-10-01,615756294
473492,IT Italian Trattoria,24838064,IT Italian Trattoria (7th Ave),2026-09-18 21:14:35.356556,18550710140,7D8F584B,60715fff-11e3-4bdb-862c-4ce377453847,Order,Marketplace,NULL,18.95,0.35,0.00,0.00,0.00,-0.99,0.00,0.00,-3.26,-15.00,3.26,0.00,0.00,0.00,3.31,2026-09-24,614353337
473492,IT Italian Trattoria,24838064,IT Italian Trattoria (7th Ave),2026-09-16 20:50:50.970576,18527179590,D1EC12F0,059b838a-69ee-4b13-9bfd-d6fd5767a5a4,Order,Marketplace,NULL,35.90,3.19,0.00,0.00,0.00,-8.98,0.00,0.00,0.00,0.00,0.00,0.00,0.00,0.00,30.11,2026-09-24,614353337
473492,IT Italian Trattoria,24838064,IT Italian Trattoria (7th Ave),2026-09-13 11:59:48.738608,18489422578,1681087A,fcb8b0a1-8125-4a70-ab90-c606556a6fdb,Order,Marketplace,NULL,33.85,3.00,0.00,0.00,0.00,-8.46,0.00,0.00,0.00,0.00,0.00,0.00,0.00,0.00,28.39,2026-09-17,611949216
473492,IT Italian Trattoria,24838064,IT Italian Trattoria (7th Ave),2026-09-09 13:00:02.287177,18443537440,FB1439AC,8c827727-77a3-4b43-a721-6621cfce982d,Order,Marketplace,NULL,18.95,1.68,0.00,0.00,0.00,-1.14,0.00,0.00,0.00,0.00,0.00,0.00,0.00,0.00,19.49,2026-09-17,611949216
473492,IT Italian Trattoria,24838064,IT Italian Trattoria (7th Ave),2026-09-08 14:29:47.904005,18434326650,A9C9F482,485aeeb7-1541-4ede-8378-345810f75459,Order,Marketplace,NULL,18.95,1.68,0.00,0.00,0.00,-1.14,0.00,0.00,0.00,0.00,0.00,0.00,0.00,0.00,19.49,2026-09-17,611949216
473492,IT Italian Trattoria,24838064,IT Italian Trattoria (7th Ave),2026-09-06 23:23:34.431267,18419198134,7D94DE20,a197eaf6-7016-4937-8fb2-4ffb29bffc3b,Order,Marketplace,NULL,50.80,4.51,0.00,0.00,0.00,-3.05,0.00,0.00,0.00,0.00,0.00,0.00,0.00,0.00,52.26,2026-09-10,610105490
473492,IT Italian Trattoria,24838064,IT Italian Trattoria (7th Ave),2026-09-05 19:51:36.812917,18404970693,3C8BAC58,fc0ef049-0343-42c4-8bf9-7bff2ea4476d,Order,Marketplace,NULL,49.85,4.42,0.00,0.00,0.00,-12.46,0.00,0.00,-11.28,0.00,11.28,0.00,0.00,0.00,41.81,2026-09-10,610105490
473492,IT Italian Trattoria,24838064,IT Italian Trattoria (7th Ave),2026-09-02 23:20:00.888669,18372125245,9B11B0DD,e3d4a7e4-c94c-41bc-ba56-09e0209ca715,Order,Marketplace,NULL,21.95,1.95,0.00,0.00,0.00,-1.32,0.00,0.00,-8.12,0.00,8.12,0.00,0.00,0.00,22.58,2026-09-10,610105490
473492,IT Italian Trattoria,24838064,IT Italian Trattoria (7th Ave),2026-09-01 22:35:44.317443,18360853673,DB245DBB,1ebbed50-868e-4cca-be60-ac57d09e87c8,Order,Marketplace,NULL,23.95,2.13,0.00,0.00,0.00,-5.99,0.00,0.00,0.00,0.00,0.00,0.00,0.00,0.00,20.09,2026-09-10,610105490
