Date,Is self serve campaign,Campaign ID,Campaign name,Campaign start date,Campaign end date,Store ID,Store name,Currency,Impressions,Clicks,Orders,Sales,Marketing fees | (including any applicable taxes),DoorDash marketing credit,Third-party contribution,Average order value,Average CPA,ROAS,New customers acquired,Existing customers acquired,Total customers acquired
2026-09-01,true,e3f18114-3e27-43fe-96f2-eefc17b5d473,Sponsored Listing 27/07/2026,2026-07-27,None,24838064,IT Italian Trattoria (7th Ave),USD,87,2,0,0.0,0.0,0.0,0.0,0.0,0.0,0.0,0,0,0
2026-09-02,true,e3f18114-3e27-43fe-96f2-eefc17b5d473,Sponsored Listing 27/07/2026,2026-07-27,None,24838064,IT Italian Trattoria (7th Ave),USD,48,2,0,0.0,0.0,0.0,0.0,0.0,0.0,0.0,0,0,0
2026-09-03,true,e3f18114-3e27-43fe-96f2-eefc17b5d473,Sponsored Listing 27/07/2026,2026-07-27,None,24838064,IT Italian Trattoria (7th Ave),USD,40,2,1,21.95,8.12,-8.12,0.0,21.95,8.12,2.7,1,0,1
2026-09-04,true,e3f18114-3e27-43fe-96f2-eefc17b5d473,Sponsored Listing 27/07/2026,2026-07-27,None,24838064,IT Italian Trattoria (7th Ave),USD,28,2,0,0.0,0.0,0.0,0.0,0.0,0.0,0.0,0,0,0
2026-09-05,true,e3f18114-3e27-43fe-96f2-eefc17b5d473,Sponsored Listing 27/07/2026,2026-07-27,None,24838064,IT Italian Trattoria (7th Ave),USD,27,1,1,49.85,11.28,-11.28,0.0,49.85,11.28,4.42,1,0,1
2026-09-06,true,e3f18114-3e27-43fe-96f2-eefc17b5d473,Sponsored Listing 27/07/2026,2026-07-27,None,24838064,IT Italian Trattoria (7th Ave),USD,54,2,0,0.0,0.0,0.0,0.0,0.0,0.0,0.0,0,0,0
2026-09-07,true,e3f18114-3e27-43fe-96f2-eefc17b5d473,Sponsored Listing 27/07/2026,2026-07-27,None,24838064,IT Italian Trattoria (7th Ave),USD,35,2,0,0.0,0.0,0.0,0.0,0.0,0.0,0.0,0,0,0
2026-09-08,true,e3f18114-3e27-43fe-96f2-eefc17b5d473,Sponsored Listing 27/07/2026,2026-07-27,None,24838064,IT Italian Trattoria (7th Ave),USD,3,0,0,0.0,0.0,0.0,0.0,0.0,0.0,0.0,0,0,0
2026-09-09,true,e3f18114-3e27-43fe-96f2-eefc17b5d473,Sponsored Listing 27/07/2026,2026-07-27,None,24838064,IT Italian Trattoria (7th Ave),USD,6,0,0,0.0,0.0,0.0,0.0,0.0,0.0,0.0,0,0,0
2026-09-10,true,e3f18114-3e27-43fe-96f2-eefc17b5d473,Sponsored Listing 27/07/2026,2026-07-27,None,24838064,IT Italian Trattoria (7th Ave),USD,46,1,0,0.0,0.0,0.0,0.0,0.0,0.0,0.0,0,0,0
2026-09-11,true,e3f18114-3e27-43fe-96f2-eefc17b5d473,Sponsored Listing 27/07/2026,2026-07-27,None,24838064,IT Italian Trattoria (7th Ave),USD,78,2,0,0.0,0.0,0.0,0.0,0.0,0.0,0.0,0,0,0
2026-09-12,true,e3f18114-3e27-43fe-96f2-eefc17b5d473,Sponsored Listing 27/07/2026,2026-07-27,None,24838064,IT Italian Trattoria (7th Ave),USD,49,3,0,0.0,0.0,0.0,0.0,0.0,0.0,0.0,0,0,0
2026-09-13,true,e3f18114-3e27-43fe-96f2-eefc17b5d473,Sponsored Listing 27/07/2026,2026-07-27,None,24838064,IT Italian Trattoria (7th Ave),USD,94,3,0,0.0,0.0,0.0,0.0,0.0,0.0,0.0,0,0,0
2026-09-14,true,e3f18114-3e27-43fe-96f2-eefc17b5d473,Sponsored Listing 27/07/2026,2026-07-27,None,24838064,IT Italian Trattoria (7th Ave),USD,92,0,0,0.0,0.0,0.0,0.0,0.0,0.0,0.0,0,0,0
2026-09-15,true,e3f18114-3e27-43fe-96f2-eefc17b5d473,Sponsored Listing 27/07/2026,2026-07-27,None,24838064,IT Italian Trattoria (7th Ave),USD,92,1,0,0.0,0.0,0.0,0.0,0.0,0.0,0.0,0,0,0
2026-09-16,true,e3f18114-3e27-43fe-96f2-eefc17b5d473,Sponsored Listing 27/07/2026,2026-07-27,None,24838064,IT Italian Trattoria (7th Ave),USD,73,3,0,0.0,0.0,0.0,0.0,0.0,0.0,0.0,0,0,0
2026-09-17,true,e3f18114-3e27-43fe-96f2-eefc17b5d473,Sponsored Listing 27/07/2026,2026-07-27,None,24838064,IT Italian Trattoria (7th Ave),USD,74,1,0,0.0,0.0,0.0,0.0,0.0,0.0,0.0,0,0,0
2026-09-18,true,e3f18114-3e27-43fe-96f2-eefc17b5d473,Sponsored Listing 27/07/2026,2026-07-27,None,24838064,IT Italian Trattoria (7th Ave),USD,23,0,0,0.0,0.0,0.0,0.0,0.0,0.0,0.0,0,0,0
2026-09-19,true,e3f18114-3e27-43fe-96f2-eefc17b5d473,Sponsored Listing 27/07/2026,2026-07-27,None,24838064,IT Italian Trattoria (7th Ave),USD,20,2,1,18.95,3.26,-3.26,0.0,18.95,3.26,5.81,0,1,1
2026-09-20,true,e3f18114-3e27-43fe-96f2-eefc17b5d473,Sponsored Listing 27/07/2026,2026-07-27,None,24838064,IT Italian Trattoria (7th Ave),USD,54,0,0,0.0,0.0,0.0,0.0,0.0,0.0,0.0,0,0,0
2026-09-21,true,e3f18114-3e27-43fe-96f2-eefc17b5d473,Sponsored Listing 27/07/2026,2026-07-27,None,24838064,IT Italian Trattoria (7th Ave),USD,48,2,0,0.0,0.0,0.0,0.0,0.0,0.0,0.0,0,0,0
2026-09-22,true,e3f18114-3e27-43fe-96f2-eefc17b5d473,Sponsored Listing 27/07/2026,2026-07-27,None,24838064,IT Italian Trattoria (7th Ave),USD,42,3,0,0.0,0.0,0.0,0.0,0.0,0.0,0.0,0,0,0
2026-09-23,true,e3f18114-3e27-43fe-96f2-eefc17b5d473,Sponsored Listing 27/07/2026,2026-07-27,None,24838064,IT Italian Trattoria (7th Ave),USD,58,6,1,37.9,4.92,-4.92,0.0,37.9,4.92,7.7,1,0,1
2026-09-24,true,e3f18114-3e27-43fe-96f2-eefc17b5d473,Sponsored Listing 27/07/2026,2026-07-27,None,24838064,IT Italian Trattoria (7th Ave),USD,41,3,0,0.0,0.0,0.0,0.0,0.0,0.0,0.0,0,0,0
2026-09-25,true,e3f18114-3e27-43fe-96f2-eefc17b5d473,Sponsored Listing 27/07/2026,2026-07-27,None,24838064,IT Italian Trattoria (7th Ave),USD,99,7,0,0.0,0.0,0.0,0.0,0.0,0.0,0.0,0,0,0
2026-09-26,true,e3f18114-3e27-43fe-96f2-eefc17b5d473,Sponsored Listing 27/07/2026,2026-07-27,None,24838064,IT Italian Trattoria (7th Ave),USD,93,3,1,57.85,13.99,-13.99,0.0,57.85,13.99,4.14,1,0,1
2026-09-27,true,e3f18114-3e27-43fe-96f2-eefc17b5d473,Sponsored Listing 27/07/2026,2026-07-27,None,24838064,IT Italian Trattoria (7th Ave),USD,41,2,0,0.0,0.0,0.0,0.0,0.0,0.0,0.0,0,0,0
2026-09-28,true,e3f18114-3e27-43fe-96f2-eefc17b5d473,Sponsored Listing 27/07/2026,2026-07-27,None,24838064,IT Italian Trattoria (7th Ave),USD,61,5,0,0.0,0.0,0.0,0.0,0.0,0.0,0.0,0,0,0
2026-09-29,true,e3f18114-3e27-43fe-96f2-eefc17b5d473,Sponsored Listing 27/07/2026,2026-07-27,None,24838064,IT Italian Trattoria (7th Ave),USD,119,8,0,0.0,0.0,0.0,0.0,0.0,0.0,0.0,0,0,0
2026-09-30,true,e3f18114-3e27-43fe-96f2-eefc17b5d473,Sponsored Listing 27/07/2026,2026-07-27,None,24838064,IT Italian Trattoria (7th Ave),USD,143,5,0,0.0,0.0,0.0,0.0,0.0,0.0,0.0,0,0,0
