Store Name,External Store ID,Store UUID,Order ID,Workflow ID,Item Name,Item Priced By,Unit Sold By,Estimated Average Weight,Requested Weight,Final Weight,Requested Count,Final Count,Requested Quantity,Final Quantity,Unit price,External ID ,Dining Mode,Payment Mode,Order Channel,Order Status,Order Date,Order Accept Time,Order Completion time ,Customer Uber-Membership Status,Currency Code,Sales (excl. tax),Tax on Sales,Sales (incl. tax),Chargeback Amount,Tax on Chargeback Amount,Chargeback Amount (incl. tax),Price adjustments (excl. tax),Tax on Price Adjustments,Offers on items (incl. tax),Tax On Offers on items,Delivery Offer Redemptions (incl. tax),Tax On Delivery Offer Redemptions,Offer Redemption Fee,Bag Fee,Marketing Adjustment,Total Sales after Adjustments (incl tax),Marketplace Fee,Marketplace fee %,Tax on Marketplace Fee,Delivery Network Fee,Tax on Delivery Network Fee,Order Processing Fee,Delivery Fee,Tax On Delivery Fee,Tips,Capital payments,Container Deposit Fee,Other payments description,Other payments,Marketplace Facilitator Tax Adjustment,Marketplace Facilitator Tax,Backup Withholding Tax,Garnishment,Total payout ,Payout Date,Markup Amount,Markup Tax,Retailer Loyalty ID,Payout reference ID
IT Trattoria Collins – Miami Beach,,bf3289e9-41da-42f5-9d5c-a17ca8433993,#2706C,f9e6b304-7ca7-48bc-a76f-6e38c1a2706c,,,,,,,,,,,,,Delivery - Partner Using Uber App,Digital,UberEats Android,Completed,9/1/26,8:51 PM,2026-09-01 21:10:57,Uber One member,USD,24.95,2.25,27.2,0,0,0,0,0,0,0,0,0,0,0,0,27.2,-7.49,30,0,0,0,0,0,0,0,0,0,,0,0,-1.75,0,0,17.96,9/8/26,0,0,,FYEG173RV5P9ENU
,,,,f9e6b304-7ca7-48bc-a76f-6e38c1a2706c,1/2 PROSCIUTTO PALA,Count,Count,0,0,0,1,1,1,1,24.95,ce0f4d2d-bf98-47f1-b4bb-589b82f8c26e_C90c7124d044f,Delivery - Partner Using Uber App,,UberEats Android,Completed,9/1/26,8:51 PM,2026-09-01 21:10:57,,USD,24.95,2.25,27.2,0,0,0,,,,,,,,,,,,,,,,,,,,,,,,,,,,,,,,,
IT Trattoria Collins – Miami Beach,,bf3289e9-41da-42f5-9d5c-a17ca8433993,#E5D27,02a81b7b-81b9-416f-8463-f6a3d40e5d27,,,,,,,,,,,,,Delivery - Partner Using Uber App,Digital,UberEats iOS,Completed,9/2/26,5:54 PM,2026-09-02 18:22:45,Non-member,USD,47.8,4.31,52.11,0,0,0,0,0,-19.57,-1.62,0,0,-0.99,0,0,32.54,-8.96,30,0,0,0,0,0,0,0,0,0,,0,0,-2.09,0,0,20.5,9/8/26,0,0,,FYEG173RV5P9ENU
,,,,02a81b7b-81b9-416f-8463-f6a3d40e5d27,RIGATONI ALLA SICILIANA,Count,Count,0,0,0,2,2,2,2,17.95,a7f7e529-d316-47f7-993a-eb20ca736c65_C26b119c2271b,Delivery - Partner Using Uber App,,UberEats iOS,Completed,9/2/26,5:54 PM,2026-09-02 18:22:45,,USD,47.8,4.31,52.11,0,0,0,,,,,,,,,,,,,,,,,,,,,,,,,,,,,,,,,
IT Trattoria Collins – Miami Beach,,bf3289e9-41da-42f5-9d5c-a17ca8433993,#66A4F,5e197616-066a-41ef-8774-efde06066a4f,,,,,,,,,,,,,Delivery - Partner Using Uber App,Digital,UberEats iOS,Completed,9/2/26,7:05 PM,2026-09-02 19:31:38,Uber One member,USD,39.9,3.59,43.49,0,0,0,0,0,-21.74,-1.79,0,0,-0.99,0,0,21.75,-5.99,30,0,0,0,0,0,0,0,0,0,,0,0,-1.4,0,0,13.37,9/8/26,0,0,,FYEG173RV5P9ENU
,,,,5e197616-066a-41ef-8774-efde06066a4f,RIGATONI VODKA,Count,Count,0,0,0,2,2,2,2,19.95,6826f10a-c869-484e-8660-16fb39db6ba5_C26b119c2271b,Delivery - Partner Using Uber App,,UberEats iOS,Completed,9/2/26,7:05 PM,2026-09-02 19:31:38,,USD,39.9,3.59,43.49,0,0,0,,,,,,,,,,,,,,,,,,,,,,,,,,,,,,,,,
IT Trattoria Collins – Miami Beach,,bf3289e9-41da-42f5-9d5c-a17ca8433993,#244A4,7ec8bd38-b530-418b-a27c-e38f6fb244a4,,,,,,,,,,,,,Pickup,Digital,UberEats iOS,Completed,9/2/26,6:42 PM,2026-09-02 20:12:43,Uber One member,USD,23.9,2.15,26.05,0,0,0,0,0,0,0,0,0,0,0,0,26.05,-1.67,7,0,0,0,0,0,0,0,0,0,,0,0,-1.67,0,0,22.71,9/8/26,0,0,,FYEG173RV5P9ENU
,,,,7ec8bd38-b530-418b-a27c-e38f6fb244a4,SPAGHETTI CARBONARA,Count,Count,0,0,0,1,1,1,1,21.95,d8d74ec6-10d1-4c94-a6e6-68fbfb5beba1_C26b119c2271b,Pickup,,UberEats iOS,Completed,9/2/26,6:42 PM,2026-09-02 20:12:43,,USD,23.9,2.15,26.05,0,0,0,,,,,,,,,,,,,,,,,,,,,,,,,,,,,,,,,
IT Trattoria Collins – Miami Beach,,bf3289e9-41da-42f5-9d5c-a17ca8433993,#BF541,c58195d8-29ae-460d-97fb-7ae8495bf541,,,,,,,,,,,,,Delivery - Partner Using Uber App,Digital,UberEats iOS,Completed,9/3/26,6:26 PM,2026-09-03 18:59:04,Uber One member,USD,35.9,3.23,39.13,0,0,0,0,0,-19.56,-1.61,0,0,-0.99,0,0,19.57,-5.39,30,0,0,0,0,0,0,0,0,0,,0,0,-1.26,0,0,11.93,9/8/26,0,0,,FYEG173RV5P9ENU
,,,,c58195d8-29ae-460d-97fb-7ae8495bf541,RIGATONI ALLA SICILIANA,Count,Count,0,0,0,2,2,2,2,17.95,a7f7e529-d316-47f7-993a-eb20ca736c65_C26b119c2271b,Delivery - Partner Using Uber App,,UberEats iOS,Completed,9/3/26,6:26 PM,2026-09-03 18:59:04,,USD,35.9,3.23,39.13,0,0,0,,,,,,,,,,,,,,,,,,,,,,,,,,,,,,,,,
IT Trattoria Collins – Miami Beach,,bf3289e9-41da-42f5-9d5c-a17ca8433993,#E99A0,dbcc5973-1736-4afc-a3dc-8d68d73e99a0,,,,,,,,,,,,,Delivery - Partner Using Uber App,Digital,UberEats iOS,Completed,9/3/26,10:10 PM,2026-09-03 22:38:13,Uber One member,USD,91.7,8.25,99.95,0,0,0,0,0,-43.48,-3.58,0,0,-0.99,0,0,56.47,-15.54,30,0,0,0,0,0,0,0,0,0,,0,0,-3.63,0,0,36.31,9/8/26,0,0,,FYEG173RV5P9ENU
,,,,dbcc5973-1736-4afc-a3dc-8d68d73e99a0,POSITANO (TRUFFLE CREAM),Count,Count,0,0,0,2,2,2,2,21.95,649f54ba-db46-4539-987a-2a9375d5d6a3_C4a92e6771ee8,Delivery - Partner Using Uber App,,UberEats iOS,Completed,9/3/26,10:10 PM,2026-09-03 22:38:13,,USD,43.9,3.95,47.85,0,0,0,,,,,,,,,,,,,,,,,,,,,,,,,,,,,,,,,
,,,,dbcc5973-1736-4afc-a3dc-8d68d73e99a0,RIGATONI ALLA SICILIANA,Count,Count,0,0,0,2,2,2,2,17.95,a7f7e529-d316-47f7-993a-eb20ca736c65_C26b119c2271b,Delivery - Partner Using Uber App,,UberEats iOS,Completed,9/3/26,10:10 PM,2026-09-03 22:38:13,,USD,47.8,4.3,52.1,0,0,0,,,,,,,,,,,,,,,,,,,,,,,,,,,,,,,,,
IT Trattoria Collins – Miami Beach,,bf3289e9-41da-42f5-9d5c-a17ca8433993,#DE117,2c6556b9-f84a-4251-8a90-ae22966de117,,,,,,,,,,,,,Delivery - Partner Using Uber App,Digital,UberEats Android,Completed,9/4/26,12:11 PM,2026-09-04 12:26:32,Uber One member,USD,34.9,3.15,38.05,0,0,0,0,0,0,0,0,0,0,0,0,38.05,-10.47,30,0,0,0,0,0,0,0,0,0,,0,0,-2.45,0,0,25.13,9/8/26,0,0,,FYEG173RV5P9ENU
,,,,2c6556b9-f84a-4251-8a90-ae22966de117,RIGATONI TARTUFO (TRUFFLE),Count,Count,0,0,0,1,1,1,1,24.95,ba882143-ea1a-451b-8ec8-b2c08574cc3a_C26b119c2271b,Delivery - Partner Using Uber App,,UberEats Android,Completed,9/4/26,12:11 PM,2026-09-04 12:26:32,,USD,24.95,2.25,27.2,0,0,0,,,,,,,,,,,,,,,,,,,,,,,,,,,,,,,,,
,,,,2c6556b9-f84a-4251-8a90-ae22966de117,TIRAMISÙ PISTACCHIO,Count,Count,0,0,0,1,1,1,1,9.95,2b04ecbd-2172-4206-b0aa-7ac5ddce1e40_C6cec363e7e11,Delivery - Partner Using Uber App,,UberEats Android,Completed,9/4/26,12:11 PM,2026-09-04 12:26:32,,USD,9.95,0.9,10.85,0,0,0,,,,,,,,,,,,,,,,,,,,,,,,,,,,,,,,,
IT Trattoria Collins – Miami Beach,,bf3289e9-41da-42f5-9d5c-a17ca8433993,#0AFEF,05a09264-bc48-482e-b432-479394f0afef,,,,,,,,,,,,,Delivery - Partner Using Uber App,Digital,UberEats iOS,Completed,9/4/26,3:28 PM,2026-09-04 15:44:09,Uber One member,USD,37.9,3.41,41.31,0,0,0,0,0,-20.65,-1.7,0,0,-0.99,0,0,20.66,-5.69,30,0,0,0,0,0,0,0,0,0,,0,0,-1.33,0,0,12.65,9/8/26,0,0,,FYEG173RV5P9ENU
,,,,05a09264-bc48-482e-b432-479394f0afef,DIAVOLA,Count,Count,0,0,0,2,2,2,2,18.95,c7a7c7f1-206f-47ea-85ca-5b203a18f41d_C4a92e6771ee8,Delivery - Partner Using Uber App,,UberEats iOS,Completed,9/4/26,3:28 PM,2026-09-04 15:44:09,,USD,37.9,3.41,41.31,0,0,0,,,,,,,,,,,,,,,,,,,,,,,,,,,,,,,,,
IT Trattoria Collins – Miami Beach,,bf3289e9-41da-42f5-9d5c-a17ca8433993,#41AE2,6117268a-ceb8-4d23-86e6-85f717341ae2,,,,,,,,,,,,,Delivery - Partner Using Uber App,Digital,UberEats iOS,Completed,9/4/26,3:33 PM,2026-09-04 16:02:53,Non-member,USD,39.9,3.59,43.49,0,0,0,0,0,-21.74,-1.79,0,0,-0.99,0,0,21.75,-5.99,30,0,0,0,0,0,0,0,0,0,,0,0,-1.4,0,0,13.37,9/8/26,0,0,,FYEG173RV5P9ENU
,,,,6117268a-ceb8-4d23-86e6-85f717341ae2,RIGATONI VODKA,Count,Count,0,0,0,2,2,2,2,19.95,6826f10a-c869-484e-8660-16fb39db6ba5_C26b119c2271b,Delivery - Partner Using Uber App,,UberEats iOS,Completed,9/4/26,3:33 PM,2026-09-04 16:02:53,,USD,39.9,3.59,43.49,0,0,0,,,,,,,,,,,,,,,,,,,,,,,,,,,,,,,,,
IT Trattoria Collins – Miami Beach,,bf3289e9-41da-42f5-9d5c-a17ca8433993,#61902,8ab78cb4-6040-4f8f-9786-0d1608561902,,,,,,,,,,,,,Delivery - Partner Using Uber App,Digital,UberEats iOS,Completed,9/4/26,4:16 PM,2026-09-04 16:30:32,Uber One member,USD,19.95,1.8,21.75,0,0,0,0,0,0,0,0,0,0,0,0,21.75,-5.99,30,0,0,0,0,0,0,0,0,0,,0,0,-1.4,0,0,14.36,9/8/26,0,0,,FYEG173RV5P9ENU
,,,,8ab78cb4-6040-4f8f-9786-0d1608561902,REGINA,Count,Count,0,0,0,1,1,1,1,19.95,038d2c58-9125-4802-a2e3-7e4fc3c9425c_C4a92e6771ee8,Delivery - Partner Using Uber App,,UberEats iOS,Completed,9/4/26,4:16 PM,2026-09-04 16:30:32,,USD,19.95,1.8,21.75,0,0,0,,,,,,,,,,,,,,,,,,,,,,,,,,,,,,,,,
IT Trattoria Collins – Miami Beach,,bf3289e9-41da-42f5-9d5c-a17ca8433993,#E5053,3eed3695-7a34-4f56-a9a2-704af54e5053,,,,,,,,,,,,,Delivery - Partner Using Uber App,Digital,UberEats iOS,Completed,9/4/26,4:28 PM,2026-09-04 16:44:01,Uber One member,USD,39.9,3.59,43.49,0,0,0,0,0,-21.74,-1.79,0,0,-0.99,0,0,21.75,-5.99,30,0,0,0,0,0,0,0,0,0,,0,0,-1.4,0,0,13.37,9/8/26,0,0,,FYEG173RV5P9ENU
,,,,3eed3695-7a34-4f56-a9a2-704af54e5053,RIGATONI VODKA,Count,Count,0,0,0,2,2,2,2,19.95,6826f10a-c869-484e-8660-16fb39db6ba5_C26b119c2271b,Delivery - Partner Using Uber App,,UberEats iOS,Completed,9/4/26,4:28 PM,2026-09-04 16:44:01,,USD,39.9,3.59,43.49,0,0,0,,,,,,,,,,,,,,,,,,,,,,,,,,,,,,,,,
IT Trattoria Collins – Miami Beach,,bf3289e9-41da-42f5-9d5c-a17ca8433993,#1C7F7,565f31d7-6d93-49a3-b4f2-6100ff41c7f7,,,,,,,,,,,,,Delivery - Partner Using Uber App,Digital,UberEats Android,Completed,9/4/26,7:22 PM,2026-09-04 19:43:35,Uber One member,USD,18.95,1.71,20.66,0,0,0,0,0,0,0,0,0,0,0,0,20.66,-5.69,30,0,0,0,0,0,0,0,0,0,,0,0,-1.33,0,0,13.64,9/8/26,0,0,,FYEG173RV5P9ENU
,,,,565f31d7-6d93-49a3-b4f2-6100ff41c7f7,DIAVOLA,Count,Count,0,0,0,1,1,1,1,18.95,c7a7c7f1-206f-47ea-85ca-5b203a18f41d_C4a92e6771ee8,Delivery - Partner Using Uber App,,UberEats Android,Completed,9/4/26,7:22 PM,2026-09-04 19:43:35,,USD,18.95,1.71,20.66,0,0,0,,,,,,,,,,,,,,,,,,,,,,,,,,,,,,,,,
IT Trattoria Collins – Miami Beach,,bf3289e9-41da-42f5-9d5c-a17ca8433993,#49EF9,e70b119d-55d8-4eb4-b7cf-58c05fd49ef9,,,,,,,,,,,,,Pickup,Digital,UberEats iOS,Completed,9/4/26,10:19 PM,2026-09-04 22:33:53,Non-member,USD,77.8,7,84.8,0,0,0,0,0,-42.4,-3.5,0,0,-0.99,0,0,42.4,-2.72,7,0,0,0,0,0,0,0,0,0,,0,0,-2.72,0,0,35.97,9/8/26,0,0,,FYEG173RV5P9ENU
,,,,e70b119d-55d8-4eb4-b7cf-58c05fd49ef9,DIAVOLA,Count,Count,0,0,0,2,2,2,2,18.95,c7a7c7f1-206f-47ea-85ca-5b203a18f41d_C4a92e6771ee8,Pickup,,UberEats iOS,Completed,9/4/26,10:19 PM,2026-09-04 22:33:53,,USD,37.9,3.41,41.31,0,0,0,,,,,,,,,,,,,,,,,,,,,,,,,,,,,,,,,
,,,,e70b119d-55d8-4eb4-b7cf-58c05fd49ef9,RIGATONI VODKA,Count,Count,0,0,0,2,2,2,2,19.95,6826f10a-c869-484e-8660-16fb39db6ba5_C26b119c2271b,Pickup,,UberEats iOS,Completed,9/4/26,10:19 PM,2026-09-04 22:33:53,,USD,39.9,3.59,43.49,0,0,0,,,,,,,,,,,,,,,,,,,,,,,,,,,,,,,,,
IT Trattoria Collins – Miami Beach,,bf3289e9-41da-42f5-9d5c-a17ca8433993,#F585B,e1c2e471-3d3f-40a5-95c5-1805468f585b,,,,,,,,,,,,,Delivery - Partner Using Uber App,Digital,UberEats iOS,Completed,9/5/26,3:47 PM,2026-09-05 16:04:50,Uber One member,USD,34.9,3.15,38.05,0,0,0,0,0,0,0,0,0,0,0,0,38.05,-10.47,30,0,0,0,0,0,0,0,0,0,,0,0,-2.45,0,0,25.13,9/8/26,0,0,,FYEG173RV5P9ENU
,,,,e1c2e471-3d3f-40a5-95c5-1805468f585b,STRACCIATELLA AND FOCACCIA,Count,Count,0,0,0,1,1,1,1,13.95,a978c43d-479f-4490-9a2b-69499c4ff2d7_Ca937d545567a,Delivery - Partner Using Uber App,,UberEats iOS,Completed,9/5/26,3:47 PM,2026-09-05 16:04:50,,USD,13.95,1.26,15.21,0,0,0,,,,,,,,,,,,,,,,,,,,,,,,,,,,,,,,,
,,,,e1c2e471-3d3f-40a5-95c5-1805468f585b,RIGATONI BOLOGNESE,Count,Count,0,0,0,1,1,1,1,20.95,223ec2bf-e79f-41ab-93a2-ab7e07d571b1_C26b119c2271b,Delivery - Partner Using Uber App,,UberEats iOS,Completed,9/5/26,3:47 PM,2026-09-05 16:04:50,,USD,20.95,1.89,22.84,0,0,0,,,,,,,,,,,,,,,,,,,,,,,,,,,,,,,,,
IT Trattoria Collins – Miami Beach,,bf3289e9-41da-42f5-9d5c-a17ca8433993,#FF078,c2cf2869-8f88-497d-8a6f-be765a4ff078,,,,,,,,,,,,,Pickup,Digital,UberEats iOS,Completed,9/5/26,7:43 PM,2026-09-05 19:52:54,Non-member,USD,43.9,3.95,47.85,0,0,0,0,0,-23.92,-1.97,0,0,-0.99,0,0,23.93,-1.54,7,0,0,0,0,0,0,0,0,0,,0,0,-1.54,0,0,19.86,9/8/26,0,0,,FYEG173RV5P9ENU
,,,,c2cf2869-8f88-497d-8a6f-be765a4ff078,POSITANO (TRUFFLE CREAM),Count,Count,0,0,0,2,2,2,2,21.95,649f54ba-db46-4539-987a-2a9375d5d6a3_C4a92e6771ee8,Pickup,,UberEats iOS,Completed,9/5/26,7:43 PM,2026-09-05 19:52:54,,USD,43.9,3.95,47.85,0,0,0,,,,,,,,,,,,,,,,,,,,,,,,,,,,,,,,,
IT Trattoria Collins – Miami Beach,,bf3289e9-41da-42f5-9d5c-a17ca8433993,#71CE2,3e737889-d8e4-4016-9f57-c2ac92071ce2,,,,,,,,,,,,,Delivery - Partner Using Uber App,Digital,UberEats iOS,Completed,9/5/26,9:42 PM,2026-09-05 21:58:26,Non-member,USD,50.8,4.57,55.37,0,0,0,0,0,0,0,0,0,0,0,0,55.37,-15.24,30,0,0,0,0,0,0,0,0,0,,0,0,-3.55,0,0,36.58,9/8/26,0,0,,FYEG173RV5P9ENU
,,,,3e737889-d8e4-4016-9f57-c2ac92071ce2,SPAGHETTI GENOVESE (BASIL PESTO),Count,Count,0,0,0,1,1,1,1,18.95,21bdaf40-06cb-4c0d-9bd2-7910f20630bd_C26b119c2271b,Delivery - Partner Using Uber App,,UberEats iOS,Completed,9/5/26,9:42 PM,2026-09-05 21:58:26,,USD,26.9,2.42,29.32,0,0,0,,,,,,,,,,,,,,,,,,,,,,,,,,,,,,,,,
,,,,3e737889-d8e4-4016-9f57-c2ac92071ce2,RIGATONI ALLA SICILIANA,Count,Count,0,0,0,1,1,1,1,17.95,a7f7e529-d316-47f7-993a-eb20ca736c65_C26b119c2271b,Delivery - Partner Using Uber App,,UberEats iOS,Completed,9/5/26,9:42 PM,2026-09-05 21:58:26,,USD,23.9,2.15,26.05,0,0,0,,,,,,,,,,,,,,,,,,,,,,,,,,,,,,,,,
IT Trattoria Collins – Miami Beach,,bf3289e9-41da-42f5-9d5c-a17ca8433993,#68353,dd235547-7578-43bc-945f-05f790b68353,,,,,,,,,,,,,Delivery - Partner Using Uber App,Digital,UberEats Android,Completed,9/5/26,10:13 PM,2026-09-05 22:37:55,Non-member,USD,43.9,3.95,47.85,0,0,0,0,0,-23.92,-1.97,0,0,-0.99,0,0,23.93,-6.59,30,0,0,0,0,0,0,0,0,0,,0,0,-1.54,0,0,14.81,9/8/26,0,0,,FYEG173RV5P9ENU
,,,,dd235547-7578-43bc-945f-05f790b68353,POSITANO (TRUFFLE CREAM),Count,Count,0,0,0,2,2,2,2,21.95,649f54ba-db46-4539-987a-2a9375d5d6a3_C4a92e6771ee8,Delivery - Partner Using Uber App,,UberEats Android,Completed,9/5/26,10:13 PM,2026-09-05 22:37:55,,USD,43.9,3.95,47.85,0,0,0,,,,,,,,,,,,,,,,,,,,,,,,,,,,,,,,,
IT Trattoria Collins – Miami Beach,,bf3289e9-41da-42f5-9d5c-a17ca8433993,#AEC84,180c5a04-0174-45d1-9ce8-c3d7e5baec84,,,,,,,,,,,,,Delivery - Partner Using Uber App,Digital,UberEats iOS,Completed,9/6/26,10:41 AM,2026-09-06 11:08:49,Uber One member,USD,39.9,3.59,43.49,0,0,0,0,0,-21.74,-1.79,0,0,-0.99,0,0,21.75,-5.99,30,0,0,0,0,0,0,0,0,0,,0,0,-1.4,0,0,13.37,9/8/26,0,0,,FYEG173RV5P9ENU
,,,,180c5a04-0174-45d1-9ce8-c3d7e5baec84,RIGATONI VODKA,Count,Count,0,0,0,2,2,2,2,19.95,6826f10a-c869-484e-8660-16fb39db6ba5_C26b119c2271b,Delivery - Partner Using Uber App,,UberEats iOS,Completed,9/6/26,10:41 AM,2026-09-06 11:08:49,,USD,39.9,3.59,43.49,0,0,0,,,,,,,,,,,,,,,,,,,,,,,,,,,,,,,,,
IT Trattoria Collins – Miami Beach,,bf3289e9-41da-42f5-9d5c-a17ca8433993,#2982B,5ca718f2-1851-4941-b2d6-5563f792982b,,,,,,,,,,,,,Delivery - Partner Using Uber App,Digital,UberEats iOS,Completed,9/6/26,6:44 PM,2026-09-06 19:17:01,Uber One member,USD,47.8,4.31,52.11,0,0,0,0,0,-19.57,-1.62,0,0,-0.99,0,0,32.54,-8.96,30,0,0,0,0,0,0,0,0,0,,0,0,-2.09,0,0,20.5,9/8/26,0,0,,FYEG173RV5P9ENU
,,,,5ca718f2-1851-4941-b2d6-5563f792982b,RIGATONI ALLA SICILIANA,Count,Count,0,0,0,2,2,2,2,17.95,a7f7e529-d316-47f7-993a-eb20ca736c65_C26b119c2271b,Delivery - Partner Using Uber App,,UberEats iOS,Completed,9/6/26,6:44 PM,2026-09-06 19:17:01,,USD,47.8,4.31,52.11,0,0,0,,,,,,,,,,,,,,,,,,,,,,,,,,,,,,,,,
IT Trattoria Collins – Miami Beach,,bf3289e9-41da-42f5-9d5c-a17ca8433993,#48C55,2c7bfb05-71b1-43a7-9d3b-abb9aae48c55,,,,,,,,,,,,,Delivery - Partner Using Uber App,Digital,UberEats iOS,Completed,9/6/26,7:20 PM,2026-09-06 19:35:01,Uber One member,USD,23.85,2.03,25.88,0,0,0,0,0,0,0,0,0,0,0,0,25.88,-7.16,30,0,0,0,0,0,0,0,0,0,,0,0,-1.67,0,0,17.05,9/8/26,0,0,,FYEG173RV5P9ENU
,,,,2c7bfb05-71b1-43a7-9d3b-abb9aae48c55,CANNOLO CHOCOLATE,Count,Count,0,0,0,1,1,1,1,7.95,a1c0ff30-8b66-432d-9d16-8ef04984d1b1_C6cec363e7e11,Delivery - Partner Using Uber App,,UberEats iOS,Completed,9/6/26,7:20 PM,2026-09-06 19:35:01,,USD,7.95,0.72,8.67,0,0,0,,,,,,,,,,,,,,,,,,,,,,,,,,,,,,,,,
,,,,2c7bfb05-71b1-43a7-9d3b-abb9aae48c55,SPARKLING WATER SMALL,Count,Count,0,0,0,1,1,1,1,5.95,29d2b01e-4cbf-4177-b773-d977c64cb5e5_C470951e70177,Delivery - Partner Using Uber App,,UberEats iOS,Completed,9/6/26,7:20 PM,2026-09-06 19:35:01,,USD,5.95,0.42,6.37,0,0,0,,,,,,,,,,,,,,,,,,,,,,,,,,,,,,,,,
,,,,2c7bfb05-71b1-43a7-9d3b-abb9aae48c55,TIRAMISÙ PISTACCHIO,Count,Count,0,0,0,1,1,1,1,9.95,2b04ecbd-2172-4206-b0aa-7ac5ddce1e40_C6cec363e7e11,Delivery - Partner Using Uber App,,UberEats iOS,Completed,9/6/26,7:20 PM,2026-09-06 19:35:01,,USD,9.95,0.89,10.84,0,0,0,,,,,,,,,,,,,,,,,,,,,,,,,,,,,,,,,
IT Trattoria Collins – Miami Beach,,bf3289e9-41da-42f5-9d5c-a17ca8433993,#D3A2A,ca2fd3b6-27bd-4d7d-a989-d6714f4d3a2a,,,,,,,,,,,,,Delivery - Partner Using Uber App,Digital,UberEats iOS,Completed,9/6/26,8:33 PM,2026-09-06 20:54:44,Uber One member,USD,58.85,5.3,64.15,0,0,0,0,0,-21.74,-1.79,0,0,-0.99,0,0,42.41,-11.67,30,0,0,0,0,0,0,0,0,0,,0,0,-2.73,0,0,27.02,9/8/26,0,0,,FYEG173RV5P9ENU
,,,,ca2fd3b6-27bd-4d7d-a989-d6714f4d3a2a,RIGATONI VODKA,Count,Count,0,0,0,2,2,2,2,19.95,6826f10a-c869-484e-8660-16fb39db6ba5_C26b119c2271b,Delivery - Partner Using Uber App,,UberEats iOS,Completed,9/6/26,8:33 PM,2026-09-06 20:54:44,,USD,39.9,3.59,43.49,0,0,0,,,,,,,,,,,,,,,,,,,,,,,,,,,,,,,,,
,,,,ca2fd3b6-27bd-4d7d-a989-d6714f4d3a2a,MEDITERRANEA,Count,Count,0,0,0,1,1,1,1,18.95,67a57bd4-79be-4730-82ce-5c0fb5d56812_C8ab7c9dc468b,Delivery - Partner Using Uber App,,UberEats iOS,Completed,9/6/26,8:33 PM,2026-09-06 20:54:44,,USD,18.95,1.71,20.66,0,0,0,,,,,,,,,,,,,,,,,,,,,,,,,,,,,,,,,
IT Trattoria Collins – Miami Beach,,bf3289e9-41da-42f5-9d5c-a17ca8433993,#54A18,ad5c7f1c-7d2d-4237-9dfb-2fcdfce54a18,,,,,,,,,,,,,Delivery - Partner Using Uber App,Digital,UberEats iOS,Completed,9/7/26,6:12 PM,2026-09-07 18:32:05,Uber One member,USD,50.85,4.58,55.43,0,0,0,0,0,0,0,0,0,0,0,0,55.43,-15.26,30,0,0,0,0,0,0,0,0,0,,0,0,-3.56,0,0,36.61,9/14/26,0,0,,7QPQ8HZGKDWD4QN
,,,,ad5c7f1c-7d2d-4237-9dfb-2fcdfce54a18,STRACCIATELLA AND FOCACCIA,Count,Count,0,0,0,1,1,1,1,13.95,a978c43d-479f-4490-9a2b-69499c4ff2d7_Ca937d545567a,Delivery - Partner Using Uber App,,UberEats iOS,Completed,9/7/26,6:12 PM,2026-09-07 18:32:05,,USD,13.95,1.26,15.21,0,0,0,,,,,,,,,,,,,,,,,,,,,,,,,,,,,,,,,
,,,,ad5c7f1c-7d2d-4237-9dfb-2fcdfce54a18,MARGHERITA DI BURRATA,Count,Count,0,0,0,1,1,1,1,20.95,829da43f-d8fa-4e2d-b6ad-863053d213fd_C4a92e6771ee8,Delivery - Partner Using Uber App,,UberEats iOS,Completed,9/7/26,6:12 PM,2026-09-07 18:32:05,,USD,20.95,1.89,22.84,0,0,0,,,,,,,,,,,,,,,,,,,,,,,,,,,,,,,,,
,,,,ad5c7f1c-7d2d-4237-9dfb-2fcdfce54a18,CAPRESE,Count,Count,0,0,0,1,1,1,1,15.95,f8200283-901e-4a3d-946b-25e09a927e4e_C8ab7c9dc468b,Delivery - Partner Using Uber App,,UberEats iOS,Completed,9/7/26,6:12 PM,2026-09-07 18:32:05,,USD,15.95,1.43,17.38,0,0,0,,,,,,,,,,,,,,,,,,,,,,,,,,,,,,,,,
IT Trattoria Collins – Miami Beach,,bf3289e9-41da-42f5-9d5c-a17ca8433993,#10157,7dc63b31-5acd-42d2-b855-327709e10157,,,,,,,,,,,,,Delivery - Partner Using Uber App,Digital,UberEats iOS,Completed,9/7/26,6:23 PM,2026-09-07 18:47:52,Uber One member,USD,39.9,3.59,43.49,0,0,0,0,0,-21.74,-1.79,0,0,-0.99,0,0,21.75,-5.99,30,0,0,0,0,0,0,0,0,0,,0,0,-1.4,0,0,13.37,9/14/26,0,0,,7QPQ8HZGKDWD4QN
,,,,7dc63b31-5acd-42d2-b855-327709e10157,RIGATONI VODKA,Count,Count,0,0,0,2,2,2,2,19.95,6826f10a-c869-484e-8660-16fb39db6ba5_C26b119c2271b,Delivery - Partner Using Uber App,,UberEats iOS,Completed,9/7/26,6:23 PM,2026-09-07 18:47:52,,USD,39.9,3.59,43.49,0,0,0,,,,,,,,,,,,,,,,,,,,,,,,,,,,,,,,,
IT Trattoria Collins – Miami Beach,,bf3289e9-41da-42f5-9d5c-a17ca8433993,#2927D,75d68eb6-0a2c-4279-9601-b8b345c2927d,,,,,,,,,,,,,Delivery - Partner Using Uber App,Digital,UberEats iOS,Completed,9/7/26,6:24 PM,2026-09-07 18:58:26,Non-member,USD,37.9,3.41,41.31,0,0,0,0,0,-20.65,-1.7,0,0,-0.99,0,0,20.66,-5.69,30,0,0,0,0,0,0,0,0,0,,0,0,-1.33,0,0,12.65,9/14/26,0,0,,7QPQ8HZGKDWD4QN
,,,,75d68eb6-0a2c-4279-9601-b8b345c2927d,DIAVOLA,Count,Count,0,0,0,2,2,2,2,18.95,c7a7c7f1-206f-47ea-85ca-5b203a18f41d_C4a92e6771ee8,Delivery - Partner Using Uber App,,UberEats iOS,Completed,9/7/26,6:24 PM,2026-09-07 18:58:26,,USD,37.9,3.41,41.31,0,0,0,,,,,,,,,,,,,,,,,,,,,,,,,,,,,,,,,
IT Trattoria Collins – Miami Beach,,bf3289e9-41da-42f5-9d5c-a17ca8433993,#61B9E,175172a7-e814-4c6f-9c34-7b64be061b9e,,,,,,,,,,,,,Pickup,Digital,UberEats iOS,Completed,9/7/26,8:25 PM,2026-09-07 20:42:33,Non-member,USD,79.8,7.18,86.98,0,0,0,0,0,-43.49,-3.59,0,0,-0.99,0,0,43.49,-2.79,7,0,0,0,0,0,0,0,0,0,,0,0,-2.79,0,0,36.92,9/14/26,0,0,,7QPQ8HZGKDWD4QN
,,,,175172a7-e814-4c6f-9c34-7b64be061b9e,POSITANO (TRUFFLE CREAM),Count,Count,0,0,0,2,2,2,2,21.95,649f54ba-db46-4539-987a-2a9375d5d6a3_C4a92e6771ee8,Pickup,,UberEats iOS,Completed,9/7/26,8:25 PM,2026-09-07 20:42:33,,USD,43.9,3.95,47.85,0,0,0,,,,,,,,,,,,,,,,,,,,,,,,,,,,,,,,,
,,,,175172a7-e814-4c6f-9c34-7b64be061b9e,RIGATONI ALLA SICILIANA,Count,Count,0,0,0,2,2,2,2,17.95,a7f7e529-d316-47f7-993a-eb20ca736c65_C26b119c2271b,Pickup,,UberEats iOS,Completed,9/7/26,8:25 PM,2026-09-07 20:42:33,,USD,35.9,3.23,39.13,0,0,0,,,,,,,,,,,,,,,,,,,,,,,,,,,,,,,,,
IT Trattoria Collins – Miami Beach,,bf3289e9-41da-42f5-9d5c-a17ca8433993,#3EB89,f1676a46-8770-4b4f-9873-c2594bb3eb89,,,,,,,,,,,,,Delivery - Partner Using Uber App,Digital,UberEats Android,Completed,9/10/26,11:26 AM,2026-09-10 11:55:05,Uber One member,USD,15.95,1.44,17.39,0,0,0,0,0,0,0,0,0,0,0,0,17.39,-4.79,30,0,0,0,0,0,0,0,0,0,,0,0,-1.12,0,0,11.48,9/14/26,0,0,,7QPQ8HZGKDWD4QN
,,,,f1676a46-8770-4b4f-9873-c2594bb3eb89,MARGHERITA,Count,Count,0,0,0,1,1,1,1,15.95,b5085454-951c-4862-8795-de3865b25606_Cf8ea2f8b3106,Delivery - Partner Using Uber App,,UberEats Android,Completed,9/10/26,11:26 AM,2026-09-10 11:55:05,,USD,15.95,1.44,17.39,0,0,0,,,,,,,,,,,,,,,,,,,,,,,,,,,,,,,,,
IT Trattoria Collins – Miami Beach,,bf3289e9-41da-42f5-9d5c-a17ca8433993,#B0172,c9ac6013-d2b1-461d-a691-34cd37ab0172,,,,,,,,,,,,,Delivery - Partner Using Uber App,Digital,UberEats iOS,Completed,9/15/26,1:07 PM,2026-09-15 13:22:02,Non-member,USD,68.65,6.18,74.83,0,0,0,0,0,0,0,0,0,0,0,0,74.83,-20.6,30,0,0,0,0,0,0,0,0,0,,0,0,-4.81,0,0,49.42,9/21/26,0,0,,0SNYD7SOEXNQIWV
,,,,c9ac6013-d2b1-461d-a691-34cd37ab0172,CAPRESE,Count,Count,0,0,0,1,1,1,1,15.95,f8200283-901e-4a3d-946b-25e09a927e4e_C2b2002b7c7d8,Delivery - Partner Using Uber App,,UberEats iOS,Completed,9/15/26,1:07 PM,2026-09-15 13:22:02,,USD,15.95,1.44,17.39,0,0,0,,,,,,,,,,,,,,,,,,,,,,,,,,,,,,,,,
,,,,c9ac6013-d2b1-461d-a691-34cd37ab0172,SPAGHETTI POMODORO,Count,Count,0,0,0,1,1,1,1,15.95,f773b055-f177-499e-b7a2-a874b0fda2db_C7331d7864461,Delivery - Partner Using Uber App,,UberEats iOS,Completed,9/15/26,1:07 PM,2026-09-15 13:22:02,,USD,25.85,2.33,28.18,0,0,0,,,,,,,,,,,,,,,,,,,,,,,,,,,,,,,,,
,,,,c9ac6013-d2b1-461d-a691-34cd37ab0172,SPAGHETTI CARBONARA,Count,Count,0,0,0,1,1,1,1,21.95,d8d74ec6-10d1-4c94-a6e6-68fbfb5beba1_C7331d7864461,Delivery - Partner Using Uber App,,UberEats iOS,Completed,9/15/26,1:07 PM,2026-09-15 13:22:02,,USD,26.85,2.41,29.26,0,0,0,,,,,,,,,,,,,,,,,,,,,,,,,,,,,,,,,
IT Trattoria Collins – Miami Beach,,bf3289e9-41da-42f5-9d5c-a17ca8433993,#C62E3,8a60f838-6356-4f0c-93d3-a6fc841c62e3,,,,,,,,,,,,,Pickup,Digital,UberEats iOS,Completed,9/15/26,3:16 PM,2026-09-15 15:27:35,Uber One member,USD,57.8,5.2,63,0,0,0,0,0,0,0,0,0,0,0,0,63,-4.05,7,0,0,0,0,0,0,0,0,0,,0,0,-4.05,0,0,54.9,9/21/26,0,0,,0SNYD7SOEXNQIWV
,,,,8a60f838-6356-4f0c-93d3-a6fc841c62e3,RIGATONI TARTUFO (TRUFFLE),Count,Count,0,0,0,2,2,2,2,24.95,ba882143-ea1a-451b-8ec8-b2c08574cc3a_C7331d7864461,Pickup,,UberEats iOS,Completed,9/15/26,3:16 PM,2026-09-15 15:27:35,,USD,57.8,5.2,63,0,0,0,,,,,,,,,,,,,,,,,,,,,,,,,,,,,,,,,
IT Trattoria Collins – Miami Beach,,bf3289e9-41da-42f5-9d5c-a17ca8433993,#B7557,e1fc3f6d-c3ca-4ce8-8cc9-901e6a6b7557,,,,,,,,,,,,,Delivery - Partner Using Uber App,Digital,UberEats iOS,Completed,9/15/26,6:58 PM,2026-09-15 19:27:27,Uber One member,USD,39.9,3.59,43.49,0,0,0,0,0,-21.74,-1.79,0,0,-0.99,0,0,21.75,-5.99,30,0,0,0,0,0,0,0,0,0,,0,-0.07,-1.33,0,0,13.37,9/21/26,0,0,,0SNYD7SOEXNQIWV
,,,,e1fc3f6d-c3ca-4ce8-8cc9-901e6a6b7557,RIGATONI VODKA,Count,Count,0,0,0,2,2,2,2,19.95,6826f10a-c869-484e-8660-16fb39db6ba5_C7331d7864461,Delivery - Partner Using Uber App,,UberEats iOS,Completed,9/15/26,6:58 PM,2026-09-15 19:27:27,,USD,39.9,3.59,43.49,0,0,0,,,,,,,,,,,,,,,,,,,,,,,,,,,,,,,,,
IT Trattoria Collins – Miami Beach,,bf3289e9-41da-42f5-9d5c-a17ca8433993,#94A66,ac12a2db-a599-450b-916e-975de0694a66,,,,,,,,,,,,,Delivery - Partner Using Uber App,Digital,UberEats iOS,Completed,9/15/26,8:48 PM,2026-09-15 21:18:58,Non-member,USD,39.9,3.6,43.5,0,0,0,0,0,0,0,0,0,0,0,0,43.5,-11.97,30,0,0,0,0,0,0,0,0,0,,0,0,-2.8,0,0,28.73,9/21/26,0,0,,0SNYD7SOEXNQIWV
,,,,ac12a2db-a599-450b-916e-975de0694a66,SPAGHETTI ALFREDO,Count,Count,0,0,0,1,1,1,1,18.95,b8a4e4d5-633c-474c-896c-b439ed8f8e69_C7331d7864461,Delivery - Partner Using Uber App,,UberEats iOS,Completed,9/15/26,8:48 PM,2026-09-15 21:18:58,,USD,18.95,1.71,20.66,0,0,0,,,,,,,,,,,,,,,,,,,,,,,,,,,,,,,,,
,,,,ac12a2db-a599-450b-916e-975de0694a66,RIGATONI BOLOGNESE,Count,Count,0,0,0,1,1,1,1,20.95,223ec2bf-e79f-41ab-93a2-ab7e07d571b1_C7331d7864461,Delivery - Partner Using Uber App,,UberEats iOS,Completed,9/15/26,8:48 PM,2026-09-15 21:18:58,,USD,20.95,1.89,22.84,0,0,0,,,,,,,,,,,,,,,,,,,,,,,,,,,,,,,,,
IT Trattoria Collins – Miami Beach,,bf3289e9-41da-42f5-9d5c-a17ca8433993,#FBFB7,fb499a9a-4ed2-485b-bbd5-13ff3e6fbfb7,,,,,,,,,,,,,Delivery - Partner Using Uber App,Digital,UberEats iOS,Completed,9/18/26,11:18 AM,2026-09-18 11:50:52,Uber One member,USD,39.8,3.59,43.39,0,0,0,0,0,-19.57,-1.62,0,0,-0.99,0,0,23.82,-6.56,30,0,0,0,0,0,0,0,0,0,,0,0,-1.53,0,0,14.74,9/21/26,0,0,,0SNYD7SOEXNQIWV
,,,,fb499a9a-4ed2-485b-bbd5-13ff3e6fbfb7,RIGATONI ALLA SICILIANA,Count,Count,0,0,0,2,2,2,2,17.95,a7f7e529-d316-47f7-993a-eb20ca736c65_C7331d7864461,Delivery - Partner Using Uber App,,UberEats iOS,Completed,9/18/26,11:18 AM,2026-09-18 11:50:52,,USD,39.8,3.59,43.39,0,0,0,,,,,,,,,,,,,,,,,,,,,,,,,,,,,,,,,
IT Trattoria Collins – Miami Beach,,bf3289e9-41da-42f5-9d5c-a17ca8433993,#2BD45,87eb19ff-01bd-443a-864b-d8a8b622bd45,,,,,,,,,,,,,Delivery - Partner Using Uber App,Digital,UberEats iOS,Completed,9/18/26,8:03 PM,2026-09-18 21:05:02,Non-member,USD,35.8,3.23,39.03,0,0,0,0,0,0,0,0,0,0,0,0,39.03,-10.74,30,0,0,0,0,0,0,0,0,0,,0,0,-2.51,0,0,25.78,9/21/26,0,0,,0SNYD7SOEXNQIWV
,,,,87eb19ff-01bd-443a-864b-d8a8b622bd45,TIRAMISÙ PISTACCHIO,Count,Count,0,0,0,1,1,1,1,9.95,2b04ecbd-2172-4206-b0aa-7ac5ddce1e40_C701bdc29e02f,Delivery - Partner Using Uber App,,UberEats iOS,Completed,9/18/26,8:03 PM,2026-09-18 21:05:02,,USD,9.95,0.89,10.84,0,0,0,,,,,,,,,,,,,,,,,,,,,,,,,,,,,,,,,
,,,,87eb19ff-01bd-443a-864b-d8a8b622bd45,CANNOLO CHOCOLATE,Count,Count,0,0,0,1,1,1,1,7.95,a1c0ff30-8b66-432d-9d16-8ef04984d1b1_C701bdc29e02f,Delivery - Partner Using Uber App,,UberEats iOS,Completed,9/18/26,8:03 PM,2026-09-18 21:05:02,,USD,7.95,0.72,8.67,0,0,0,,,,,,,,,,,,,,,,,,,,,,,,,,,,,,,,,
,,,,87eb19ff-01bd-443a-864b-d8a8b622bd45,CANNOLO PISTACCHIO,Count,Count,0,0,0,1,1,1,1,7.95,94806594-8b19-4260-9cc2-d04bb5784a85_C701bdc29e02f,Delivery - Partner Using Uber App,,UberEats iOS,Completed,9/18/26,8:03 PM,2026-09-18 21:05:02,,USD,7.95,0.72,8.67,0,0,0,,,,,,,,,,,,,,,,,,,,,,,,,,,,,,,,,
,,,,87eb19ff-01bd-443a-864b-d8a8b622bd45,TIRAMISÙ COFFEE,Count,Count,0,0,0,1,1,1,1,9.95,828d3a8e-4998-4bc0-975e-63653e4c1cfb_C701bdc29e02f,Delivery - Partner Using Uber App,,UberEats iOS,Completed,9/18/26,8:03 PM,2026-09-18 21:05:02,,USD,9.95,0.9,10.85,0,0,0,,,,,,,,,,,,,,,,,,,,,,,,,,,,,,,,,
IT Trattoria Collins – Miami Beach,,bf3289e9-41da-42f5-9d5c-a17ca8433993,#53A0E,1edc5d7d-8dc5-4faf-9e50-80e239c53a0e,,,,,,,,,,,,,Pickup,Digital,UberEats iOS,Completed,9/18/26,8:22 PM,2026-09-18 21:52:53,Non-member,USD,39.9,3.59,43.49,0,0,0,0,0,0,0,0,0,0,0,0,43.49,-2.79,7,0,0,0,0,0,0,0,0,0,,0,0,-2.79,0,0,37.91,9/21/26,0,0,,0SNYD7SOEXNQIWV
,,,,1edc5d7d-8dc5-4faf-9e50-80e239c53a0e,SPAGHETTI CARBONARA,Count,Count,0,0,0,1,1,1,1,21.95,d8d74ec6-10d1-4c94-a6e6-68fbfb5beba1_C7331d7864461,Pickup,,UberEats iOS,Completed,9/18/26,8:22 PM,2026-09-18 21:52:53,,USD,21.95,1.97,23.92,0,0,0,,,,,,,,,,,,,,,,,,,,,,,,,,,,,,,,,
,,,,1edc5d7d-8dc5-4faf-9e50-80e239c53a0e,COTTO,Count,Count,0,0,0,1,1,1,1,17.95,ad0727e8-846d-45d7-87be-5c9bc92c21ba_Cf8ea2f8b3106,Pickup,,UberEats iOS,Completed,9/18/26,8:22 PM,2026-09-18 21:52:53,,USD,17.95,1.62,19.57,0,0,0,,,,,,,,,,,,,,,,,,,,,,,,,,,,,,,,,
IT Trattoria Collins – Miami Beach,,bf3289e9-41da-42f5-9d5c-a17ca8433993,#47A33,858b0920-1370-4304-86e8-99e899747a33,,,,,,,,,,,,,Delivery - Partner Using Uber App,Unknown,UberEats iOS,Completed,9/19/26,10:33 AM,2026-09-19 10:54:32,Uber One member,USD,51.2,4.6,55.8,0,0,0,0,0,-21.73,-1.78,0,0,-0.99,0,0,34.07,-9.38,30,0,0,0,0,0,0,0,0,0,,0,0,-2.19,0,0,21.51,9/21/26,0,0,,0SNYD7SOEXNQIWV
,,,,858b0920-1370-4304-86e8-99e899747a33,RIGATONI VODKA,Count,Count,0,0,0,2,2,2,2,19.95,6826f10a-c869-484e-8660-16fb39db6ba5_C7331d7864461,Delivery - Partner Using Uber App,,UberEats iOS,Completed,9/19/26,10:33 AM,2026-09-19 10:54:32,,USD,51.2,4.6,55.8,0,0,0,,,,,,,,,,,,,,,,,,,,,,,,,,,,,,,,,
IT Trattoria Collins – Miami Beach,,bf3289e9-41da-42f5-9d5c-a17ca8433993,#79170,d3310fe1-2c32-47ec-a727-03682d879170,,,,,,,,,,,,,Pickup,Digital,UberEats iOS,Completed,9/24/26,1:53 PM,2026-09-24 15:23:49,Uber One member,USD,15.9,1.43,17.33,0,0,0,0,0,0,0,0,0,0,0,0,17.33,-1.11,7,0,0,0,0,0,0,0,0,0,,0,0,-1.11,0,0,15.11,9/28/26,0,0,,JXJ8BB34SJAF78V
,,,,d3310fe1-2c32-47ec-a727-03682d879170,Pistacchio Croissant,Count,Count,0,0,0,2,2,2,2,7.95,bd1daeda-bdd9-4c28-bd1f-6ae132428608_C28bee1cfb547,Pickup,,UberEats iOS,Completed,9/24/26,1:53 PM,2026-09-24 15:23:49,,USD,15.9,1.43,17.33,0,0,0,,,,,,,,,,,,,,,,,,,,,,,,,,,,,,,,,
IT Trattoria Collins – Miami Beach,,bf3289e9-41da-42f5-9d5c-a17ca8433993,#BADF5,0eda8632-c755-40f1-aa19-00d9e29badf5,,,,,,,,,,,,,Delivery - Partner Using Uber App,Digital,UberEats iOS,Completed,9/25/26,8:22 PM,2026-09-25 21:10:35,Uber One member,USD,20.95,1.89,22.84,0,0,0,0,0,0,0,0,0,0,0,0,22.84,-6.29,30,0,0,0,0,0,0,0,0,0,,0,0,-1.47,0,0,15.08,9/28/26,0,0,,JXJ8BB34SJAF78V
,,,,0eda8632-c755-40f1-aa19-00d9e29badf5,MARGHERITA DI BURRATA,Count,Count,0,0,0,1,1,1,1,20.95,829da43f-d8fa-4e2d-b6ad-863053d213fd_Cf8ea2f8b3106,Delivery - Partner Using Uber App,,UberEats iOS,Completed,9/25/26,8:22 PM,2026-09-25 21:10:35,,USD,20.95,1.89,22.84,0,0,0,,,,,,,,,,,,,,,,,,,,,,,,,,,,,,,,,
IT Trattoria Collins – Miami Beach,,bf3289e9-41da-42f5-9d5c-a17ca8433993,#F0397,1a79256c-d591-4501-b6d2-2032f3af0397,,,,,,,,,,,,,Delivery - Partner Using Uber App,Digital,UberEats Android,Completed,9/25/26,9:52 PM,2026-09-25 22:07:36,Uber One member,USD,25.95,2.34,28.29,0,0,0,0,0,0,0,0,0,0,0,0,28.29,-7.79,30,0,0,0,0,0,0,0,0,0,,0,0,-1.82,0,0,18.68,9/28/26,0,0,,JXJ8BB34SJAF78V
,,,,1a79256c-d591-4501-b6d2-2032f3af0397,1/2 MARGHERITA PALA,Count,Count,0,0,0,1,1,1,1,25.95,708fb693-d5c2-4d0f-9242-d8ddabbb3171_Ce385aa646b22,Delivery - Partner Using Uber App,,UberEats Android,Completed,9/25/26,9:52 PM,2026-09-25 22:07:36,,USD,25.95,2.34,28.29,0,0,0,,,,,,,,,,,,,,,,,,,,,,,,,,,,,,,,,
IT Trattoria Collins – Miami Beach,,bf3289e9-41da-42f5-9d5c-a17ca8433993,#D92F7,84db84f0-5436-453c-830e-8f72a56d92f7,,,,,,,,,,,,,Delivery - Partner Using Uber App,Digital,UberEats iOS,Completed,9/26/26,6:14 PM,2026-09-26 18:35:36,Uber One member,USD,35.8,3.23,39.03,0,0,0,0,0,0,0,0,0,0,0,0,39.03,-10.74,30,0,0,0,0,0,0,0,0,0,,0,0,-2.51,0,0,25.78,9/28/26,0,0,,JXJ8BB34SJAF78V
,,,,84db84f0-5436-453c-830e-8f72a56d92f7,RIGATONI VODKA,Count,Count,0,0,0,1,1,1,1,0,6826f10a-c869-484e-8660-16fb39db6ba5_C7331d7864461,Delivery - Partner Using Uber App,,UberEats iOS,Completed,9/26/26,6:14 PM,2026-09-26 18:35:36,,USD,35.8,3.23,39.03,0,0,0,,,,,,,,,,,,,,,,,,,,,,,,,,,,,,,,,
IT Trattoria Collins – Miami Beach,,bf3289e9-41da-42f5-9d5c-a17ca8433993,#F1C19,595a0e79-fe4f-454b-aa69-35fffe2f1c19,,,,,,,,,,,,,Delivery - Partner Using Uber App,Digital,UberEats Android,Completed,9/28/26,11:48 AM,2026-09-28 12:33:12,Non-member,USD,79.85,7.2,87.05,0,0,0,0,0,-10.85,-0.9,0,0,-0.99,0,0,76.2,-20.97,30,0,0,0,0,0,0,0,0,0,,0,0,-4.9,0,0,49.34,10/5/26,0,0,,2ZIV5WLVFK3I0QL
,,,,595a0e79-fe4f-454b-aa69-35fffe2f1c19,EGG & BACON,Count,Count,0,0,0,1,1,1,1,11.95,488b93f8-b082-4453-8e1b-2758eebdbbae_C5633a5fa53fa,Delivery - Partner Using Uber App,,UberEats Android,Completed,9/28/26,11:48 AM,2026-09-28 12:33:12,,USD,11.95,1.08,13.03,0,0,0,,,,,,,,,,,,,,,,,,,,,,,,,,,,,,,,,
,,,,595a0e79-fe4f-454b-aa69-35fffe2f1c19,TIRAMISÙ COFFEE,Count,Count,0,0,0,1,1,1,1,9.95,828d3a8e-4998-4bc0-975e-63653e4c1cfb_C701bdc29e02f,Delivery - Partner Using Uber App,,UberEats Android,Completed,9/28/26,11:48 AM,2026-09-28 12:33:12,,USD,9.95,0.9,10.85,0,0,0,,,,,,,,,,,,,,,,,,,,,,,,,,,,,,,,,
,,,,595a0e79-fe4f-454b-aa69-35fffe2f1c19,FULL HAM PALA,Count,Count,0,0,0,1,1,1,1,57.95,d2c4160c-a17d-4213-8561-1b37dcc53030_Ce385aa646b22,Delivery - Partner Using Uber App,,UberEats Android,Completed,9/28/26,11:48 AM,2026-09-28 12:33:12,,USD,57.95,5.22,63.17,0,0,0,,,,,,,,,,,,,,,,,,,,,,,,,,,,,,,,,
IT Trattoria Collins – Miami Beach,,bf3289e9-41da-42f5-9d5c-a17ca8433993,#E6F00,5b7e9c3a-179e-4d2e-8a5e-d6baba8e6f00,,,,,,,,,,,,,Delivery - Partner Using Uber App,Digital,UberEats iOS,Completed,9/28/26,5:24 PM,2026-09-28 17:40:28,Non-member,USD,34.9,3.15,38.05,0,0,0,0,0,0,0,0,0,0,0,0,38.05,-10.47,30,0,0,0,0,0,0,0,0,0,,0,0,-2.45,0,0,25.13,10/5/26,0,0,,2ZIV5WLVFK3I0QL
,,,,5b7e9c3a-179e-4d2e-8a5e-d6baba8e6f00,TIRAMISÙ COFFEE,Count,Count,0,0,0,1,1,1,1,9.95,828d3a8e-4998-4bc0-975e-63653e4c1cfb_C701bdc29e02f,Delivery - Partner Using Uber App,,UberEats iOS,Completed,9/28/26,5:24 PM,2026-09-28 17:40:28,,USD,9.95,0.9,10.85,0,0,0,,,,,,,,,,,,,,,,,,,,,,,,,,,,,,,,,
,,,,5b7e9c3a-179e-4d2e-8a5e-d6baba8e6f00,RIGATONI TARTUFO (TRUFFLE),Count,Count,0,0,0,1,1,1,1,0,ba882143-ea1a-451b-8ec8-b2c08574cc3a_C7331d7864461,Delivery - Partner Using Uber App,,UberEats iOS,Completed,9/28/26,5:24 PM,2026-09-28 17:40:28,,USD,24.95,2.25,27.2,0,0,0,,,,,,,,,,,,,,,,,,,,,,,,,,,,,,,,,
IT Trattoria Collins – Miami Beach,,bf3289e9-41da-42f5-9d5c-a17ca8433993,#06201,e2885eb0-e033-4f1c-84b7-e240e1e06201,,,,,,,,,,,,,Pickup,Digital,UberEats iOS,Completed,9/30/26,11:26 AM,2026-09-30 12:56:02,Non-member,USD,62.15,5.48,67.63,0,0,0,0,0,-10.85,-0.9,0,0,-0.99,0,0,56.78,-3.65,7,0,0,0,0,0,0,0,0,0,,0,0,-3.65,0,0,48.49,10/5/26,0,0,,2ZIV5WLVFK3I0QL
,,,,e2885eb0-e033-4f1c-84b7-e240e1e06201,ORANGE JUICE,Count,Count,0,0,0,1,1,1,1,9.95,ef2132db-f996-4281-9cb1-719d78661c33_C8bb30eca07ec,Pickup,,UberEats iOS,Completed,9/30/26,11:26 AM,2026-09-30 12:56:02,,USD,9.95,0.89,10.84,0,0,0,,,,,,,,,,,,,,,,,,,,,,,,,,,,,,,,,
,,,,e2885eb0-e033-4f1c-84b7-e240e1e06201,CAPPUCCINO,Count,Count,0,0,0,1,1,1,1,7.95,a06a8140-59ac-4327-b54f-799ad8cf0649_Cca869fa6d859,Pickup,,UberEats iOS,Completed,9/30/26,11:26 AM,2026-09-30 12:56:02,,USD,7.95,0.72,8.67,0,0,0,,,,,,,,,,,,,,,,,,,,,,,,,,,,,,,,,
,,,,e2885eb0-e033-4f1c-84b7-e240e1e06201,Salty Croissant Egg & Bacon,Count,Count,0,0,0,1,1,1,1,11.95,1bc0ba4d-c030-481f-a200-22baceeed13a_C28bee1cfb547,Pickup,,UberEats iOS,Completed,9/30/26,11:26 AM,2026-09-30 12:56:02,,USD,11.95,1.08,13.03,0,0,0,,,,,,,,,,,,,,,,,,,,,,,,,,,,,,,,,
,,,,e2885eb0-e033-4f1c-84b7-e240e1e06201,TIRAMISÙ COFFEE,Count,Count,0,0,0,1,1,1,1,9.95,828d3a8e-4998-4bc0-975e-63653e4c1cfb_C701bdc29e02f,Pickup,,UberEats iOS,Completed,9/30/26,11:26 AM,2026-09-30 12:56:02,,USD,9.95,0.9,10.85,0,0,0,,,,,,,,,,,,,,,,,,,,,,,,,,,,,,,,,
,,,,e2885eb0-e033-4f1c-84b7-e240e1e06201,Bombolone Nutella,Count,Count,0,0,0,1,1,1,1,9.95,d5349f75-beb6-4d3c-9bb1-d96a8cf54195_C28bee1cfb547,Pickup,,UberEats iOS,Completed,9/30/26,11:26 AM,2026-09-30 12:56:02,,USD,9.95,0.9,10.85,0,0,0,,,,,,,,,,,,,,,,,,,,,,,,,,,,,,,,,
,,,,e2885eb0-e033-4f1c-84b7-e240e1e06201,DOUBLE ESPRESSO,Count,Count,0,0,0,1,1,1,1,6.45,ed853d3f-32c0-478d-8e19-9406cd0928af_Cca869fa6d859,Pickup,,UberEats iOS,Completed,9/30/26,11:26 AM,2026-09-30 12:56:02,,USD,6.45,0.57,7.02,0,0,0,,,,,,,,,,,,,,,,,,,,,,,,,,,,,,,,,
,,,,e2885eb0-e033-4f1c-84b7-e240e1e06201,STILL WATER SMALL,Count,Count,0,0,0,1,1,1,1,5.95,ad668ddb-aa4e-44bd-b70b-ef864549f6dd_C470951e70177,Pickup,,UberEats iOS,Completed,9/30/26,11:26 AM,2026-09-30 12:56:02,,USD,5.95,0.42,6.37,0,0,0,,,,,,,,,,,,,,,,,,,,,,,,,,,,,,,,,
IT Trattoria Collins – Miami Beach,,bf3289e9-41da-42f5-9d5c-a17ca8433993,#44673,582705f6-b741-4aed-84a1-99f66de44673,,,,,,,,,,,,,Delivery - Partner Using Uber App,Digital,UberEats Android,Completed,9/30/26,6:10 PM,2026-09-30 18:30:21,Uber One member,USD,25.6,2.31,27.91,0,0,0,0,0,0,0,0,0,0,0,0,27.91,-7.68,30,0,0,0,0,0,0,0,0,0,,0,0,-1.8,0,0,18.43,10/5/26,0,0,,2ZIV5WLVFK3I0QL
,,,,582705f6-b741-4aed-84a1-99f66de44673,RIGATONI VODKA,Count,Count,0,0,0,1,1,1,1,0,6826f10a-c869-484e-8660-16fb39db6ba5_C7331d7864461,Delivery - Partner Using Uber App,,UberEats Android,Completed,9/30/26,6:10 PM,2026-09-30 18:30:21,,USD,25.6,2.31,27.91,0,0,0,,,,,,,,,,,,,,,,,,,,,,,,,,,,,,,,,
