Store,External Store ID,Store UUID,Country,Country Code,City,Order ID,Order UUID,Date Ordered,Time Customer Ordered,Order Completion Time,Rating Date,Rating Time,Rating Type,Rating Value,Rating Tags,Comment,Fulfillment Type,Order Channel,Eats Brand
IT Trattoria Collins – Miami Beach,,bf3289e9-41da-42f5-9d5c-a17ca8433993,United States,USA,Miami,E5D27,906057ab-0a1c-524d-a920-9e5998e07e33,2026-09-02,2026-09-02 17:53:59.000,2026-09-02 18:22:45.000,2026-09-02,2026-09-02 18:55:24.000,consumer_to_merchant,5,"restaurant_perfectly_cooked, restaurant_high-quality_ingredients, restaurant_sustainable_packaging",My first time in Miami and first time ordering food and I’m impressed positively! Great taste good portion freshness simply high quality dish. 5*,Delivery,iOS,Uber Eats
IT Trattoria Collins – Miami Beach,,bf3289e9-41da-42f5-9d5c-a17ca8433993,United States,USA,Miami,E5D27,906057ab-0a1c-524d-a920-9e5998e07e33,2026-09-02,2026-09-02 17:53:59.000,2026-09-02 18:22:45.000,2026-09-02,2026-09-02 18:55:24.000,consumer_to_merchant,5,"restaurant_perfectly_cooked, restaurant_high-quality_ingredients, restaurant_sustainable_packaging",My first time in Miami and first time ordering food and I’m impressed positively! Great taste good portion freshness simply high quality dish. 5*,Delivery,iOS,Uber Eats
IT Trattoria Collins – Miami Beach,,bf3289e9-41da-42f5-9d5c-a17ca8433993,United States,USA,Miami,71CE2,dce37c7b-7d0b-5316-a4d0-39be10581a86,2026-09-05,2026-09-05 21:42:47.000,2026-09-05 21:58:26.000,2026-09-05,2026-09-05 22:09:21.000,consumer_to_merchant,5,,Ordered two pastas and so yummy! Visiting Miami for the first time and so glad I tried for here. ,Delivery,iOS,Uber Eats
IT Trattoria Collins – Miami Beach,,bf3289e9-41da-42f5-9d5c-a17ca8433993,United States,USA,Miami,71CE2,dce37c7b-7d0b-5316-a4d0-39be10581a86,2026-09-05,2026-09-05 21:42:47.000,2026-09-05 21:58:26.000,2026-09-05,2026-09-05 22:09:21.000,consumer_to_merchant,5,,Ordered two pastas and so yummy! Visiting Miami for the first time and so glad I tried for here. ,Delivery,iOS,Uber Eats
IT Trattoria Collins – Miami Beach,,bf3289e9-41da-42f5-9d5c-a17ca8433993,United States,USA,Miami,2927D,26dd1998-5f22-578b-bfb2-12af6be0f21f,2026-09-07,2026-09-07 18:24:05.000,2026-09-07 18:58:26.000,2026-09-07,2026-09-07 18:59:30.000,consumer_to_merchant,5,,,Delivery,iOS,Uber Eats
IT Trattoria Collins – Miami Beach,,bf3289e9-41da-42f5-9d5c-a17ca8433993,United States,USA,Miami,2927D,26dd1998-5f22-578b-bfb2-12af6be0f21f,2026-09-07,2026-09-07 18:24:05.000,2026-09-07 18:58:26.000,2026-09-07,2026-09-07 18:59:30.000,consumer_to_merchant,5,,,Delivery,iOS,Uber Eats
IT Trattoria Collins – Miami Beach,,bf3289e9-41da-42f5-9d5c-a17ca8433993,United States,USA,Miami,3EB89,72b8ad51-0f36-5f5e-968e-ca7b76b7321c,2026-09-10,2026-09-10 11:26:56.000,2026-09-10 11:55:05.000,2026-09-10,2026-09-10 12:11:18.000,consumer_to_merchant,4,"restaurant_cauli-crusts, restaurant_fresh_ingredients",,Delivery,Android,Uber Eats
IT Trattoria Collins – Miami Beach,,bf3289e9-41da-42f5-9d5c-a17ca8433993,United States,USA,Miami,3EB89,72b8ad51-0f36-5f5e-968e-ca7b76b7321c,2026-09-10,2026-09-10 11:26:56.000,2026-09-10 11:55:05.000,2026-09-10,2026-09-10 12:11:18.000,consumer_to_merchant,4,"restaurant_cauli-crusts, restaurant_fresh_ingredients",,Delivery,Android,Uber Eats
IT Trattoria Collins – Miami Beach,,bf3289e9-41da-42f5-9d5c-a17ca8433993,United States,USA,Miami,E99A0,e08e5097-3d9b-57ed-8e69-cbf51eea7007,2026-09-03,2026-09-03 22:10:47.000,2026-09-03 22:38:14.000,2026-09-14,2026-09-14 14:13:56.000,consumer_to_merchant,3,,Pizza was amazing pasta was awful ,Delivery,iOS,Uber Eats
IT Trattoria Collins – Miami Beach,,bf3289e9-41da-42f5-9d5c-a17ca8433993,United States,USA,Miami,E99A0,e08e5097-3d9b-57ed-8e69-cbf51eea7007,2026-09-03,2026-09-03 22:10:47.000,2026-09-03 22:38:14.000,2026-09-14,2026-09-14 14:13:56.000,consumer_to_merchant,3,,Pizza was amazing pasta was awful ,Delivery,iOS,Uber Eats
IT Trattoria Collins – Miami Beach,,bf3289e9-41da-42f5-9d5c-a17ca8433993,United States,USA,Miami,B0172,5fb0bc91-7e24-50e3-976e-2ecd923863ea,2026-09-15,2026-09-15 13:07:03.000,2026-09-15 13:22:02.000,2026-09-15,2026-09-15 13:23:04.000,consumer_to_merchant,5,,,Delivery,iOS,Uber Eats
IT Trattoria Collins – Miami Beach,,bf3289e9-41da-42f5-9d5c-a17ca8433993,United States,USA,Miami,B0172,5fb0bc91-7e24-50e3-976e-2ecd923863ea,2026-09-15,2026-09-15 13:07:03.000,2026-09-15 13:22:02.000,2026-09-15,2026-09-15 13:23:04.000,consumer_to_merchant,5,,,Delivery,iOS,Uber Eats
