SalesSummary_2026-09-01_2026-09-30,,,,,,,,,,,
--IT Italian Trattoria Lincoln,,,,,,,,,,,
,,,,,,,,,,,
,,,,,,,,,,,
Revenue summary,,,,,,,,,,,
Net sales,114965.58,,,,,,,,,,
Gratuity,0.0,,,,,,,,,,
Tax amount,10372.95,,,,,,,,,,
Fundraising Contributions,,,,,,,,,,,
Fundraising Contribution Refunds,,,,,,,,,,,
Cash rounding,,,,,,,,,,,
Tips,2962.28,,,,,,,,,,
Deferred (gift cards),,,,,,,,,,,
Deferred (house accounts),,,,,,,,,,,
Deferred (other),,,,,,,,,,,
deferredTaxAmount,0.0,,,,,,,,,,
Paid in total,0.0,,,,,,,,,,
Total,128300.81,,,,,,,,,,
,,,,,,,,,,,
,,,,,,,,,,,
Net sales summary,,,,,,,,,,,
Gross sales,119810.56,,,,,,,,,,
Sales discounts,-4816.46,,,,,,,,,,
Sales refunds,-28.52,,,,,,,,,,
Net sales,114965.58,,,,,,,,,,
,,,,,,,,,,,
,,,,,,,,,,,
Tip summary,,,,,,,,,,,
Tips collected,2962.28,,,,,,,,,,
Tips refunded,0.0,,,,,,,,,,
Total tips,2962.28,,,,,,,,,,
,,,,,,,,,,,
,,,,,,,,,,,
Service mode summary,,,,,,,,,,,
Service mode,Quick Service,Table Service,Total,,,,,,,,
Net sales,47396.28,67569.3,114965.58,,,,,,,,
Total guests,2825.0,2864.0,5689.0,,,,,,,,
Avg/Guest,16.78,23.59,20.21,,,,,,,,
Total payments,2750.0,1336.0,4086.0,,,,,,,,
Avg/Payment,18.79,55.14,30.68,,,,,,,,
Total orders,2825.0,1220.0,4045.0,,,,,,,,
Avg/Order,16.78,55.38,28.42,,,,,,,,
Turn time (minutes),9.1,50.22,21.5,,,,,,,,
,,,,,,,,,,,
,,,,,,,,,,,
Payments summary,,,,,,,,,,,
Payment type,Payment sub type,Count,Amount,Tips,Grat,Tax amount,Refunds,Tip refunds,Legacy tips,Total,Tips/Grat %
Cash,,588.0,18263.27,0.0,0.0,1512.41,-31.09,0.0,0.0,18232.18,0.0
Credit/debit,,3395.0,103587.18,2962.28,0.0,8575.54,0.0,0.0,2962.28,106549.46,3.1
Credit/debit,AMEX,430.0,13496.97,521.66,0.0,1117.41,0.0,0.0,521.66,14018.63,4.2
Credit/debit,DINERS,1.0,42.19,0.0,0.0,3.49,0.0,0.0,0.0,42.19,0.0
Credit/debit,DISCOVER,73.0,1486.7,50.99,0.0,123.25,0.0,0.0,50.99,1537.69,3.7
Credit/debit,MASTERCARD,1119.0,34943.27,892.07,0.0,2892.46,0.0,0.0,892.07,35835.34,2.7
Credit/debit,VISA,1772.0,53618.05,1497.56,0.0,4438.93,0.0,0.0,1497.56,55115.61,3.0
Gift Card,,0.0,0.0,0.0,0.0,0.0,0.0,0.0,0.0,0.0,
Other,,103.0,3519.17,0.0,0.0,287.57,0.0,0.0,0.0,3519.17,0.0
Other,DoorDash,15.0,641.37,0.0,0.0,52.97,0.0,0.0,0.0,641.37,0.0
Other,Grubhub,2.0,67.38,0.0,0.0,5.58,0.0,0.0,0.0,67.38,0.0
Other,Uber Eats,86.0,2810.42,0.0,0.0,229.02,0.0,0.0,0.0,2810.42,0.0
Total,,4086.0,125369.62,2962.28,0.0,10375.52,-31.09,0.0,2962.28,128300.81,2.5
,,,,,,,,,,,
,,,,,,,,,,,
Sales category summary,,,,,,,,,,,
Sales category,Items,Net sales,Discount amount,Refund amount,Gross sales,Tax amount,,,,,
APPETIZER,117.0,1433.9,58.65,0.0,1492.55,129.49,,,,,
BAKERY,262.0,1558.29,41.96,0.0,1600.25,140.89,,,,,
BEER,871.0,6223.56,76.64,0.0,6300.2,562.32,,,,,
BREAKFAST,751.0,6582.38,648.07,0.0,7230.45,594.27,,,,,
COFFEE,1865.0,7594.09,438.61,0.0,8032.7,687.84,,,,,
DAILY LUNCH SPECIAL,16.0,280.02,7.18,0.0,287.2,25.25,,,,,
DESSERT,201.0,1377.06,47.89,0.0,1424.95,124.64,,,,,
DRINK,2322.0,11163.24,178.23,0.0,11341.47,1011.32,,,,,
DRINKS-COCKTAILS,613.0,6617.53,249.87,0.0,6867.4,596.81,,,,,
JUICE,657.0,6458.84,171.06,0.0,6629.9,583.12,,,,,
No Sales Category Assigned,1370.0,15564.64,625.06,0.0,16189.7,1402.74,,,,,
Non-Grat Svc Charges,2433.0,14141.77,0.0,28.52,14170.29,1272.85,,,,,
PANINI,111.0,1524.0,60.1,0.0,1584.1,137.56,,,,,
PASTA,997.0,19038.31,1441.74,0.0,20480.05,1713.55,,,,,
PIZZA,437.0,7351.44,448.46,0.0,7799.9,663.21,,,,,
PIZZA PALA,230.0,1840.87,30.63,0.0,1871.5,166.5,,,,,
SALAD,170.0,2923.07,188.13,0.0,3111.2,263.51,,,,,
WINE,257.0,3292.57,104.18,0.0,3396.75,297.08,,,,,
Total,13680.0,114965.58,4816.46,28.52,119810.56,10372.95,,,,,
,,,,,,,,,,,
,,,,,,,,,,,
Revenue center summary,,,,,,,,,,,
Revenue center,Items,Net sales,Discount amount,Refund amount,Gross sales,Tax amount,,,,,
Online Ordering,7.0,130.45,10.0,0.0,140.45,11.76,,,,,
Dining Room,8108.0,75800.59,1618.29,28.52,77447.4,6840.88,,,,,
No Revenue Center,5565.0,39034.54,3188.17,0.0,42222.71,3520.31,,,,,
Total,13680.0,114965.58,4816.46,28.52,119810.56,10372.95,,,,,
,,,,,,,,,,,
,,,,,,,,,,,
Dining options summary,,,,,,,,,,,
Dining option,Orders,Net sales,Discount amount,Gross sales,Tax amount,,,,,,
Uber Eats - Delivery,63.0,2123.55,839.0,2962.55,189.11,,,,,,
DoorDash - Delivery,14.0,530.9,65.85,596.75,47.79,,,,,,
Dine In,3194.0,103173.71,2797.93,106000.16,9311.78,,,,,,
Uber Eats - Takeout,23.0,457.85,213.2,671.05,39.91,,,,,,
Take Out,744.0,8429.82,890.48,9320.3,761.84,,,,,,
Online Ordering - Takeout,4.0,130.45,10.0,140.45,11.76,,,,,,
DoorDash - Takeout,1.0,57.5,0.0,57.5,5.18,,,,,,
Grubhub - Delivery,2.0,61.8,0.0,61.8,5.58,,,,,,
Total,4045.0,114965.58,4816.46,119810.56,10372.95,,,,,,
,,,,,,,,,,,
,,,,,,,,,,,
Tax summary,,,,,,,,,,,
Tax rate,Tax amount,Taxable amount,,,,,,,,,
1% FL COUNTY TAX,1121.65,111772.68,,,,,,,,,
6% FL STATE TAX,6724.77,111773.03,,,,,,,,,
2% CITY TAX,2244.54,111773.03,,,,,,,,,
Non Taxable,0.0,22.75,,,,,,,,,
Marketplace facilitator tax - Remitted by 3rd party,230.28,3169.8,,,,,,,,,
Marketplace facilitator tax - Remitted by restaurant,51.71,2581.4,,,,,,,,,
,,,,,,,,,,,
,,,,,,,,,,,
Service charge summary,,,,,,,,,,,
Service charge,Count,Amount,,,,,,,,,
Delivery Fee > 6 Miles,1.0,1.75,,,,,,,,,
Dine in Service charge,2432.0,14140.02,,,,,,,,,
Total,2433.0,14141.77,,,,,,,,,
,,,,,,,,,,,
,,,,,,,,,,,
Menu Item Discounts,,,,,,,,,,,
Discount,Count,Orders,Amount,,,,,,,,
Free Coffee of Choice,24.0,24.0,111.8,,,,,,,,
"Buy 1, get 1 free",2.0,2.0,40.9,,,,,,,,
UberEats BOGO,46.0,35.0,958.7,,,,,,,,
"Compra 1, 1 gratis",1.0,1.0,24.95,,,,,,,,
20% ITEM,7.0,7.0,8.93,,,,,,,,
Total,80.0,69.0,1145.28,,,,,,,,
,,,,,,,,,,,
,,,,,,,,,,,
Check Discounts,,,,,,,,,,,
Discount,Count,Orders,Amount,,,,,,,,
Birthday Rewards,2.0,2.0,20.0,,,,,,,,
100% OFFICE DISC.,56.0,56.0,1945.9,,,,,,,,
10% FAMILY AND FRIENDS,37.0,37.0,59.81,,,,,,,,
50% EMPLOYEE DISCOUNT,17.0,17.0,236.26,,,,,,,,
100% MGR COMP,8.0,8.0,450.3,,,,,,,,
20% LINCOLN EMPLOYEES,366.0,365.0,855.96,,,,,,,,
UberEats FLAT,8.0,8.0,93.5,,,,,,,,
20% STUDENT DISCOUNT,8.0,8.0,9.45,,,,,,,,
Total,502.0,501.0,3671.18,,,,,,,,
,,,,,,,,,,,
,,,,,,,,,,,
Service Daypart summary,,,,,,,,,,,
Service / day part,Orders,Net sales,Discount amount,Refund amount,Gross sales,Tax amount,,,,,
Breakfast,954.0,14412.91,544.01,0.0,14956.92,1301.64,,,,,
Lunch,1588.0,46611.89,2549.74,0.0,49161.63,4205.61,,,,,
Dinner,1444.0,52015.41,1574.85,31.09,53618.78,4692.03,,,,,
Late Night,59.0,1925.37,147.86,0.0,2073.23,173.67,,,,,
Total,4045.0,114965.58,4816.46,31.09,119810.56,10372.95,,,,,
,,,,,,,,,,,
,,,,,,,,,,,
Unpaid orders summary,,,,,,,,,,,
Unpaid amount,0.0,,,,,,,,,,
,,,,,,,,,,,
,,,,,,,,,,,
Void summary,,,,,,,,,,,
Void amount,2736.54,,,,,,,,,,
Void order count,157.0,,,,,,,,,,
Void item count,255.0,,,,,,,,,,
Void amount %,2.4,,,,,,,,,,
,,,,,,,,,,,
,,,,,,,,,,,
Cash activity,,,,,,,,,,,
Total cash payments,18263.27,,,,,,,,,,
Cash adjustments,0.0,,,,,,,,,,
Cash refunds,-31.09,,,,,,,,,,
Cash rounding from tipouts,0.0,,,,,,,,,,
Cash before tipouts,18232.18,,,,,,,,,,
Tipouts tips withheld,0.0,,,,,,,,,,
Total cash,18232.18,,,,,,,,,,
,,,,,,,,,,,
,,,,,,,,,,,
Cash summary,,,,,,,,,,,
Expected closeout cash,12381.48,,,,,,,,,,
Actual closeout cash,12381.48,,,,,,,,,,
Cash overage/shortage,0.0,,,,,,,,,,
Expected deposit,11744.9,,,,,,,,,,
Actual deposit,,,,,,,,,,,
Deposit overage/shortage,,,,,,,,,,,
