Sales category,Items,Net sales,Discount amount,Refund amount,Gross sales,Tax amount
APPETIZER,117.0,1433.9,58.65,0.0,1492.55,129.49
BAKERY,262.0,1558.29,41.96,0.0,1600.25,140.89
BEER,871.0,6223.56,76.64,0.0,6300.2,562.32
BREAKFAST,751.0,6582.38,648.07,0.0,7230.45,594.27
COFFEE,1865.0,7594.09,438.61,0.0,8032.7,687.84
DAILY LUNCH SPECIAL,16.0,280.02,7.18,0.0,287.2,25.25
DESSERT,201.0,1377.06,47.89,0.0,1424.95,124.64
DRINK,2322.0,11163.24,178.23,0.0,11341.47,1011.32
DRINKS-COCKTAILS,613.0,6617.53,249.87,0.0,6867.4,596.81
JUICE,657.0,6458.84,171.06,0.0,6629.9,583.12
No Sales Category Assigned,1370.0,15564.64,625.06,0.0,16189.7,1402.74
Non-Grat Svc Charges,2433.0,14141.77,0.0,28.52,14170.29,1272.85
PANINI,111.0,1524.0,60.1,0.0,1584.1,137.56
PASTA,997.0,19038.31,1441.74,0.0,20480.05,1713.55
PIZZA,437.0,7351.44,448.46,0.0,7799.9,663.21
PIZZA PALA,230.0,1840.87,30.63,0.0,1871.5,166.5
SALAD,170.0,2923.07,188.13,0.0,3111.2,263.51
WINE,257.0,3292.57,104.18,0.0,3396.75,297.08
Total,13680.0,114965.58,4816.46,28.52,119810.56,10372.95
